sku,name,category,brand,color,price_aed,stock,availability,yield_capacity,compatible_printers_count,compatible_printers,product_url,image_url,description
C13T800100,C13T800100 Epson Singlepack Photo Black UltraChrome PRO 700ml Ink,Ink Cartridge,Epson,Black,450.0,10,,,0,,https://www.keplertechllc.com/product/epson-singlepack-photo-black-t800100-ultrachrome-pro-700ml/,https://www.keplertechllc.com/wp-content/uploads/2023/03/Singlepack-Photo-Black-T800100-UltraChrome-PRO-700ml.webp,"Genuine OEM C13T800100 Epson Singlepack Photo Black UltraChrome PRO 700ml Ink delivering vibrant, archival-grade prints with wide color gamut."
C13T800300,C13T800300 Epson Singlepack Vivid Magenta 700ml Ink,Ink Cartridge,Epson,Magenta,450.0,10,,,0,,https://www.keplertechllc.com/product/epson-singlepack-vivid-magenta-t800300-ultrachrome-pro-700ml/,https://www.keplertechllc.com/wp-content/uploads/2023/03/Singlepack-Vivid-Magenta-T800300-UltraChrome-PRO-700ml.webp,"Genuine OEM C13T800300 Epson Singlepack Vivid Magenta 700ml Ink delivering vibrant, archival-grade prints with wide color gamut."
C13T800200,C13T800200 Epson Singlepack Cyan 700ml Ink,Ink Cartridge,Epson,Cyan,450.0,10,,,0,,https://www.keplertechllc.com/product/singlepack-cyan-t800200-ultrachrome-pro-700ml-ink/,https://www.keplertechllc.com/wp-content/uploads/2023/03/Singlepack-Cyan-T800200-UltraChrome-PRO-700ml.webp,"Genuine OEM C13T800200 Epson Singlepack Cyan 700ml Ink delivering vibrant, archival-grade prints with wide color gamut."
C13T800500,C13T800500 Epson Singlepack Light Cyan 700ml Ink,Ink Cartridge,Epson,Cyan,450.0,10,,,0,,https://www.keplertechllc.com/product/epson-light-cyan-t800500-ultrachrome-700ml-ink/,https://www.keplertechllc.com/wp-content/uploads/2023/03/Singlepack-Light-Cyan-T800500-UltraChrome-PRO-700ml.webp,"Genuine OEM C13T800500 Epson Singlepack Light Cyan 700ml Ink delivering vibrant, archival-grade prints with wide color gamut."
C13T800400,C13T800400 Epson Singlepack Yellow UltraChrome PRO 700ml Ink,Ink Cartridge,Epson,Yellow,450.0,10,,,0,,https://www.keplertechllc.com/product/singlepack-yellow-t800400-ultrachrome-pro-700ml/,https://www.keplertechllc.com/wp-content/uploads/2023/03/Singlepack-Yellow-T800400-UltraChrome-PRO-700ml.webp,"Genuine OEM C13T800400 Epson Singlepack Yellow UltraChrome PRO 700ml Ink delivering vibrant, archival-grade prints with wide color gamut."
C13T800600,C13T800600 Epson Singlepack Vivid Light Magenta UltraChrome PRO 700ml,Ink Cartridge,Epson,Magenta,450.0,10,,,0,,https://www.keplertechllc.com/product/singlepack-vivid-light-magenta-t800600-ultrachrome-pro-700ml/,https://www.keplertechllc.com/wp-content/uploads/2023/03/Singlepack-Vivid-Light-Magenta-T800600-UltraChrome-PRO-700ml.webp,"Genuine OEM C13T800600 Epson Singlepack Vivid Light Magenta UltraChrome PRO 700ml delivering vibrant, archival-grade prints with wide color gamut."
C13T800800,C13T800800 Epson Singlepack Matte Black UltraChrome PRO 700ml Ink,Ink Cartridge,Epson,Black,450.0,10,,,0,,https://www.keplertechllc.com/product/epson-singlepack-matte-black-t800800-ultrachrome-pro-700ml/,https://www.keplertechllc.com/wp-content/uploads/2023/03/Singlepack-Matte-Black-T800800-UltraChrome-PRO-700ml.webp,"Genuine OEM C13T800800 Epson Singlepack Matte Black UltraChrome PRO 700ml Ink delivering vibrant, archival-grade prints with wide color gamut."
C13T800900,C13T800900 Epson Singlepack Gray UltraChrome PRO 700ml Ink,Ink Cartridge,Epson,Gray,450.0,10,,,0,,https://www.keplertechllc.com/product/singlepack-gray-t800900-ultrachrome-pro-700ml-ink/,https://www.keplertechllc.com/wp-content/uploads/2023/03/Singlepack-Gray-T800900-UltraChrome-PRO-700ml.webp,"Genuine OEM C13T800900 Epson Singlepack Gray UltraChrome PRO 700ml Ink delivering vibrant, archival-grade prints with wide color gamut."
C13T800000,C13T800000 Epson Singlepack Light Gray UltraChrome PRO 700ml Ink,Ink Cartridge,Epson,Gray,450.0,10,,,0,,https://www.keplertechllc.com/product/singlepack-light-gray-t800000-ultrachrome-pro-700ml-ink/,https://www.keplertechllc.com/wp-content/uploads/2023/03/Singlepack-Light-Gray-T800000-UltraChrome-PRO-700ml.webp,"Genuine OEM C13T800000 Epson Singlepack Light Gray UltraChrome PRO 700ml Ink delivering vibrant, archival-grade prints with wide color gamut."
C13T800700,C13T800700 Epson Singlepack Dark Gray UltraChrome PRO 700ml,Ink Cartridge,Epson,Gray,450.0,10,,,0,,https://www.keplertechllc.com/product/epson-singlepack-dark-gray-t800700-ultrachrome-pro-700ml/,https://www.keplertechllc.com/wp-content/uploads/2023/03/Singlepack-Dark-Gray-T800700-UltraChrome-PRO-700ml.webp,"Genuine OEM C13T800700 Epson Singlepack Dark Gray UltraChrome PRO 700ml delivering vibrant, archival-grade prints with wide color gamut."
C13T619300,Epson Maintenance Box - C13T619300,Maintenance Box,Epson,,180.0,10,,,4,Epson SureColor SC-P7500 (epson-sc-p7500); Epson SureColor SC-P7500 Spectro (epson-sc-p7500-spectro); Epson SureColor SC-P9500 (epson-sc-p9500); Epson SureColor SC-P9500 Spectro (epson-sc-p9500-spectro),https://www.keplertechllc.com/product/p20000-printer-maintenance-box-c13t619300/,https://www.keplertechllc.com/wp-content/uploads/2023/03/Epson-P20000-Maintenance-Box-T619300-1.webp,Genuine OEM Epson Maintenance Box - C13T619300 designed for reliable printer maintenance and waste ink collection.
C13T02Q100,C13T02Q100 Epson WorkForce Enterprise WF-C20600 Black Ink,Ink Cartridge,Epson,Black,220.0,10,,,0,,https://www.keplertechllc.com/product/workforce-enterprise-wf-c20600-black-ink-c13t02q100/,https://www.keplertechllc.com/wp-content/uploads/2023/03/Workforce-Enterprise-WF-C20600-Black-Ink-C13T02Q100.webp,"Genuine OEM C13T02Q100 Epson WorkForce Enterprise WF-C20600 Black Ink delivering vibrant, archival-grade prints with wide color gamut."
C13T02Q200,C13T02Q200 - Epson WorkForce Enterprise WF-C20600 Cyan Ink,Ink Cartridge,Epson,Cyan,220.0,10,,,0,,https://www.keplertechllc.com/product/epson-workforce-enterprise-wf-c20600-cyan-ink-c13t02q200/,https://www.keplertechllc.com/wp-content/uploads/2023/03/WorkForce-Enterprise-WF-C20600-Cyan-Ink-C13T02Q200.webp,"Genuine OEM C13T02Q200 - Epson WorkForce Enterprise WF-C20600 Cyan Ink delivering vibrant, archival-grade prints with wide color gamut."
C13T02Q300,C13T02Q300 - Epson WorkForce Enterprise WF-C20600 Magenta Ink,Ink Cartridge,Epson,Magenta,220.0,10,,,0,,https://www.keplertechllc.com/product/epson-workforce-enterprise-wf-c20600-magenta-ink-c13t02q300/,https://www.keplertechllc.com/wp-content/uploads/2023/03/Workforce-Enterprise-WF-C20600-Magenta-Ink-C13T02Q300.webp,"Genuine OEM C13T02Q300 - Epson WorkForce Enterprise WF-C20600 Magenta Ink delivering vibrant, archival-grade prints with wide color gamut."
C13T02Q400,C13T02Q400 - Epson WorkForce Enterprise WF-C20600 Yellow Ink,Ink Cartridge,Epson,Yellow,220.0,10,,,0,,https://www.keplertechllc.com/product/epson-workforce-enterprise-wf-c20600-yellow-ink-c13t02q400/,https://www.keplertechllc.com/wp-content/uploads/2023/03/WorkForce-Enterprise-WF-C20600-Yellow-Ink-C13T02Q400.webp,"Genuine OEM C13T02Q400 - Epson WorkForce Enterprise WF-C20600 Yellow Ink delivering vibrant, archival-grade prints with wide color gamut."
C13T671300,Epson Maintenance Box - C13T671300,Maintenance Box,Epson,,180.0,0,Out of Stock,,1,Epson WorkForce Enterprise WF-C21000 D4TW (epson-wf-c21000-d4tw),https://www.keplertechllc.com/product/epson-maintenance-box-c13t671300/,https://www.keplertechllc.com/wp-content/uploads/2023/03/Epson-C20600-Printer-Maintenance-Box-1.webp,Genuine OEM Epson Maintenance Box - C13T671300 designed for reliable printer maintenance and waste ink collection.
C13T44Q440,C13T44Q440 Epson Singlepack Yellow UltraChrome PRO12 350ml Ink,Ink Cartridge,Epson,Yellow,220.0,10,,,4,Epson SureColor SC-P7500 (epson-sc-p7500); Epson SureColor SC-P7500 Spectro (epson-sc-p7500-spectro); Epson SureColor SC-P9500 (epson-sc-p9500); Epson SureColor SC-P9500 Spectro (epson-sc-p9500-spectro),https://www.keplertechllc.com/product/c13t44q440-epson-singlepack-yellow-ultrachrome-350ml-ink/,https://www.keplertechllc.com/wp-content/uploads/2023/03/Singlepack-Yellow-T44Q440-UltraChrome-PRO-12-350ml.webp,"Genuine OEM C13T44Q440 Epson Singlepack Yellow UltraChrome PRO12 350ml Ink delivering vibrant, archival-grade prints with wide color gamut."
C13T44Q140,C13T44Q140 Epson Singlepack Photo Black UltraChrome PRO12 350ml,Ink Cartridge,Epson,Black,220.0,10,,,4,Epson SureColor SC-P7500 (epson-sc-p7500); Epson SureColor SC-P7500 Spectro (epson-sc-p7500-spectro); Epson SureColor SC-P9500 (epson-sc-p9500); Epson SureColor SC-P9500 Spectro (epson-sc-p9500-spectro),https://www.keplertechllc.com/product/c13t44q140-epson-singlepack-photo-black-ultrachrome-350ml-ink/,https://www.keplertechllc.com/wp-content/uploads/2023/03/Singlepack-Photo-Black-T44Q140-UltraChrome-PRO-12-350ml.webp,"Genuine OEM C13T44Q140 Epson Singlepack Photo Black UltraChrome PRO12 350ml delivering vibrant, archival-grade prints with wide color gamut."
C13T44Q340,C13T44Q340 Epson Singlepack Vivid Magenta UltraChrome PRO12 350ml,Ink Cartridge,Epson,Magenta,220.0,10,,,4,Epson SureColor SC-P7500 (epson-sc-p7500); Epson SureColor SC-P7500 Spectro (epson-sc-p7500-spectro); Epson SureColor SC-P9500 (epson-sc-p9500); Epson SureColor SC-P9500 Spectro (epson-sc-p9500-spectro),https://www.keplertechllc.com/product/c13t44q340-epson-singlepack-vivid-magenta-ultrachrome-350ml-ink/,https://www.keplertechllc.com/wp-content/uploads/2023/03/Singlepack-Vivid-Magenta-T44Q340-UltraChrome-PRO-12-350ml.webp,"Genuine OEM C13T44Q340 Epson Singlepack Vivid Magenta UltraChrome PRO12 350ml delivering vibrant, archival-grade prints with wide color gamut."
C13T44Q240,C13T44Q240 Epson Singlepack Cyan UltraChrome PRO12 350ml Ink,Ink Cartridge,Epson,Cyan,220.0,10,,,4,Epson SureColor SC-P7500 (epson-sc-p7500); Epson SureColor SC-P7500 Spectro (epson-sc-p7500-spectro); Epson SureColor SC-P9500 (epson-sc-p9500); Epson SureColor SC-P9500 Spectro (epson-sc-p9500-spectro),https://www.keplertechllc.com/product/c13t44q240-epson-singlepack-cyan-ultrachrome-350ml-ink/,https://www.keplertechllc.com/wp-content/uploads/2023/03/Singlepack-Cyan-T44Q420-UltraChrome-PRO-12-350ml.webp,"Genuine OEM C13T44Q240 Epson Singlepack Cyan UltraChrome PRO12 350ml Ink delivering vibrant, archival-grade prints with wide color gamut."
C13T44Q540,C13T44Q540 Epson Singlepack Light Cyan UltraChrome PRO12 350ml,Ink Cartridge,Epson,Cyan,220.0,10,,,4,Epson SureColor SC-P7500 (epson-sc-p7500); Epson SureColor SC-P7500 Spectro (epson-sc-p7500-spectro); Epson SureColor SC-P9500 (epson-sc-p9500); Epson SureColor SC-P9500 Spectro (epson-sc-p9500-spectro),https://www.keplertechllc.com/product/singlepack-light-cyan-t44q540-ultrachrome-pro-12-350ml-ink/,https://www.keplertechllc.com/wp-content/uploads/2023/03/Singlepack-Light-Cyan-T44Q540-UltraChrome-PRO-12-350ml.webp,"Genuine OEM C13T44Q540 Epson Singlepack Light Cyan UltraChrome PRO12 350ml delivering vibrant, archival-grade prints with wide color gamut."
C13T44Q740,C13T44Q740 Epson Singlepack Gray UltraChrome PRO 12 350ml Ink,Ink Cartridge,Epson,Gray,220.0,10,,,4,Epson SureColor SC-P7500 (epson-sc-p7500); Epson SureColor SC-P7500 Spectro (epson-sc-p7500-spectro); Epson SureColor SC-P9500 (epson-sc-p9500); Epson SureColor SC-P9500 Spectro (epson-sc-p9500-spectro),https://www.keplertechllc.com/product/singlepack-gray-t44q740-ultrachrome-pro-12-350ml-ink/,https://www.keplertechllc.com/wp-content/uploads/2023/03/Singlepack-Gray-T44Q740-UltraChrome-PRO-12-350ml.webp,"Genuine OEM C13T44Q740 Epson Singlepack Gray UltraChrome PRO 12 350ml Ink delivering vibrant, archival-grade prints with wide color gamut."
C13T44Q640,C13T44Q640 Epson Singlepack Vivid Light Magenta UltraChrome PRO 12 350ml,Ink Cartridge,Epson,Magenta,220.0,10,,,4,Epson SureColor SC-P7500 (epson-sc-p7500); Epson SureColor SC-P7500 Spectro (epson-sc-p7500-spectro); Epson SureColor SC-P9500 (epson-sc-p9500); Epson SureColor SC-P9500 Spectro (epson-sc-p9500-spectro),https://www.keplertechllc.com/product/c13t44q640-singlepack-vivid-light-magenta-ultrachrome-pro12-350ml-ink/,https://www.keplertechllc.com/wp-content/uploads/2023/03/Singlepack-Vivid-Light-Magenta-T44Q640-UltraChrome-PRO-12-350ml.webp,"Genuine OEM C13T44Q640 Epson Singlepack Vivid Light Magenta UltraChrome PRO 12 350ml delivering vibrant, archival-grade prints with wide color gamut."
C13T44Q840,C13T44Q840 Epson Singlepack Matte Black UltraChrome PRO12 350ml,Ink Cartridge,Epson,Black,220.0,10,,,4,Epson SureColor SC-P7500 (epson-sc-p7500); Epson SureColor SC-P7500 Spectro (epson-sc-p7500-spectro); Epson SureColor SC-P9500 (epson-sc-p9500); Epson SureColor SC-P9500 Spectro (epson-sc-p9500-spectro),https://www.keplertechllc.com/product/singlepack-matte-black-c13t44q840-350ml-ink/,https://www.keplertechllc.com/wp-content/uploads/2023/03/Singlepack-Matte-Black-T44Q840-UltraChrome-PRO-12-350ml.webp,"Genuine OEM C13T44Q840 Epson Singlepack Matte Black UltraChrome PRO12 350ml delivering vibrant, archival-grade prints with wide color gamut."
C13T44QA40,C13T44QA40 Epson Singlepack Orange UltraChrome PRO 12 350ml Ink,Ink Cartridge,Epson,Orange,220.0,10,,,4,Epson SureColor SC-P7500 (epson-sc-p7500); Epson SureColor SC-P7500 Spectro (epson-sc-p7500-spectro); Epson SureColor SC-P9500 (epson-sc-p9500); Epson SureColor SC-P9500 Spectro (epson-sc-p9500-spectro),https://www.keplertechllc.com/product/singlepack-orange-t44qa40-ultrachrome-pro-12-350ml/,https://www.keplertechllc.com/wp-content/uploads/2023/03/Singlepack-Orange-T44QA40-UltraChrome-PRO-12-350ml.webp,"Genuine OEM C13T44QA40 Epson Singlepack Orange UltraChrome PRO 12 350ml Ink delivering vibrant, archival-grade prints with wide color gamut."
C13T44Q940,C13T44Q940 Epson Singlepack Light Gray UltraChrome PRO12 350ml,Ink Cartridge,Epson,Gray,220.0,10,,,4,Epson SureColor SC-P7500 (epson-sc-p7500); Epson SureColor SC-P7500 Spectro (epson-sc-p7500-spectro); Epson SureColor SC-P9500 (epson-sc-p9500); Epson SureColor SC-P9500 Spectro (epson-sc-p9500-spectro),https://www.keplertechllc.com/product/singlepack-light-gray-t44q940-ultrachrome-pro-12-350ml-ink/,https://www.keplertechllc.com/wp-content/uploads/2023/03/Singlepack-Light-Gray-T44Q940-UltraChrome-PRO-12-350ml.webp,"Genuine OEM C13T44Q940 Epson Singlepack Light Gray UltraChrome PRO12 350ml delivering vibrant, archival-grade prints with wide color gamut."
C13T44QD40,C13T44QD40 Epson Singlepack Violet UltraChrome PRO12 350ml Ink,Ink Cartridge,Epson,Violet,220.0,10,,,4,Epson SureColor SC-P7500 (epson-sc-p7500); Epson SureColor SC-P7500 Spectro (epson-sc-p7500-spectro); Epson SureColor SC-P9500 (epson-sc-p9500); Epson SureColor SC-P9500 Spectro (epson-sc-p9500-spectro),https://www.keplertechllc.com/product/singlepack-violet-t44qd40-ultrachrome-pro-12-350ml/,https://www.keplertechllc.com/wp-content/uploads/2023/03/Singlepack-Violet-T44QD40-UltraChrome-PRO-12-350ml.webp,"Genuine OEM C13T44QD40 Epson Singlepack Violet UltraChrome PRO12 350ml Ink delivering vibrant, archival-grade prints with wide color gamut."
C13T44QB40,C13T44QB40 Epson Singlepack Green UltraChrome PRO12 350ml Ink,Ink Cartridge,Epson,Green,220.0,10,,,4,Epson SureColor SC-P7500 (epson-sc-p7500); Epson SureColor SC-P7500 Spectro (epson-sc-p7500-spectro); Epson SureColor SC-P9500 (epson-sc-p9500); Epson SureColor SC-P9500 Spectro (epson-sc-p9500-spectro),https://www.keplertechllc.com/product/c13t44q240-epson-singlepack-cyan-ultrachrome-350ml-ink/,https://www.keplertechllc.com/wp-content/uploads/2023/03/Singlepack-Cyan-T44Q420-UltraChrome-PRO-12-350ml.webp,"Genuine OEM C13T44QB40 Epson Singlepack Green UltraChrome PRO12 350ml Ink delivering vibrant, archival-grade prints with wide color gamut."
C13T699700,Epson Maintenance Box - C13T699700,Maintenance Box,Epson,,180.0,10,,,6,Epson SureColor SC-T5405 (epson-sc-t5405); Epson SureColor SC-T5400M (epson-sc-t5400m); Epson SureColor SC-P7500 (epson-sc-p7500); Epson SureColor SC-P7500 Spectro (epson-sc-p7500-spectro); Epson SureColor SC-P9500 (epson-sc-p9500); Epson SureColor SC-P9500 Spectro (epson-sc-p9500-spectro),https://www.keplertechllc.com/product/maintenance-box-c13t699700/,https://www.keplertechllc.com/wp-content/uploads/2023/03/C13T699700-Maintenance-Box.webp,Genuine OEM Epson Maintenance Box - C13T699700 designed for reliable printer maintenance and waste ink collection.
C13T44J440,C13T44J440 Epson Singlepack Yellow UltraChrome PRO 12 700ml Ink,Ink Cartridge,Epson,Yellow,450.0,10,,,4,Epson SureColor SC-P7500 (epson-sc-p7500); Epson SureColor SC-P7500 Spectro (epson-sc-p7500-spectro); Epson SureColor SC-P9500 (epson-sc-p9500); Epson SureColor SC-P9500 Spectro (epson-sc-p9500-spectro),https://www.keplertechllc.com/product/singlepack-yellow-t44j440-ultrachrome-pro-12-700ml-ink/,https://www.keplertechllc.com/wp-content/uploads/2023/03/Epson-P9500-P7500-Printer-Singlepack-Yellow-T44Q440-UltraChrome-PRO-12-700ml.webp,"Genuine OEM C13T44J440 Epson Singlepack Yellow UltraChrome PRO 12 700ml Ink delivering vibrant, archival-grade prints with wide color gamut."
C13T44J240,C13T44J240 Epson Singlepack Cyan UltraChrome PRO12 700ml Ink,Ink Cartridge,Epson,Cyan,450.0,10,,,4,Epson SureColor SC-P7500 (epson-sc-p7500); Epson SureColor SC-P7500 Spectro (epson-sc-p7500-spectro); Epson SureColor SC-P9500 (epson-sc-p9500); Epson SureColor SC-P9500 Spectro (epson-sc-p9500-spectro),https://www.keplertechllc.com/product/singlepack-cyan-t44j240-ultrachrome-pro-12-700ml-ink/,https://www.keplertechllc.com/wp-content/uploads/2023/03/Epson-P9500-P7500-Printer-Singlepack-Cyan-T44Q420-UltraChrome-PRO-12-700ml.webp,"Genuine OEM C13T44J240 Epson Singlepack Cyan UltraChrome PRO12 700ml Ink delivering vibrant, archival-grade prints with wide color gamut."
C13T44J140,C13T44J140 Epson Singlepack Photo Black UltraChrome PRO12 700ml,Ink Cartridge,Epson,Black,450.0,10,,,4,Epson SureColor SC-P7500 (epson-sc-p7500); Epson SureColor SC-P7500 Spectro (epson-sc-p7500-spectro); Epson SureColor SC-P9500 (epson-sc-p9500); Epson SureColor SC-P9500 Spectro (epson-sc-p9500-spectro),https://www.keplertechllc.com/product/singlepack-photo-black-t44j140-ultrachrome-pro-12-700ml/,https://www.keplertechllc.com/wp-content/uploads/2023/03/Epson-P9500-P7500-Printer-Singlepack-Photo-Black-T44Q140-UltraChrome-PRO-12-700ml.webp,"Genuine OEM C13T44J140 Epson Singlepack Photo Black UltraChrome PRO12 700ml delivering vibrant, archival-grade prints with wide color gamut."
C13T44J340,C13T44J340 Epson Singlepack Vivid Magenta UltraChrome PRO12 700ml,Ink Cartridge,Epson,Magenta,450.0,10,,,4,Epson SureColor SC-P7500 (epson-sc-p7500); Epson SureColor SC-P7500 Spectro (epson-sc-p7500-spectro); Epson SureColor SC-P9500 (epson-sc-p9500); Epson SureColor SC-P9500 Spectro (epson-sc-p9500-spectro),https://www.keplertechllc.com/product/singlepack-vivid-magenta-t44j340-ultrachrome-pro-12-700ml-ink/,https://www.keplertechllc.com/wp-content/uploads/2023/03/Epson-P9500-P7500-Printer-Singlepack-Vivid-Magenta-T44Q340-UltraChrome-PRO-12-700ml.webp,"Genuine OEM C13T44J340 Epson Singlepack Vivid Magenta UltraChrome PRO12 700ml delivering vibrant, archival-grade prints with wide color gamut."
C13T44J540,C13T44J540 Epson Singlepack Light Cyan UltraChrome PRO12 700ml,Ink Cartridge,Epson,Cyan,450.0,10,,,4,Epson SureColor SC-P7500 (epson-sc-p7500); Epson SureColor SC-P7500 Spectro (epson-sc-p7500-spectro); Epson SureColor SC-P9500 (epson-sc-p9500); Epson SureColor SC-P9500 Spectro (epson-sc-p9500-spectro),https://www.keplertechllc.com/product/singlepack-light-cyan-t44j540-ultrachrome-pro-12-700ml-ink/,https://www.keplertechllc.com/wp-content/uploads/2023/03/Epson-P9500-P7500-Printer-Singlepack-Light-Cyan-T44Q540-UltraChrome-PRO-12-700ml.webp,"Genuine OEM C13T44J540 Epson Singlepack Light Cyan UltraChrome PRO12 700ml delivering vibrant, archival-grade prints with wide color gamut."
C13T44J640,C13T44J640 Epson Singlepack Vivid Light Magenta 700ml Ink,Ink Cartridge,Epson,Magenta,450.0,10,,,4,Epson SureColor SC-P7500 (epson-sc-p7500); Epson SureColor SC-P7500 Spectro (epson-sc-p7500-spectro); Epson SureColor SC-P9500 (epson-sc-p9500); Epson SureColor SC-P9500 Spectro (epson-sc-p9500-spectro),https://www.keplertechllc.com/product/singlepack-vivid-light-magenta-t44j640-ultrachrome-pro12-700ml-ink/,https://www.keplertechllc.com/wp-content/uploads/2023/03/Epson-P7500-P9500-Printer-Singlepack-Vivid-Light-Magenta-T44Q640-UltraChrome-PRO-12-700ml.webp,"Genuine OEM C13T44J640 Epson Singlepack Vivid Light Magenta 700ml Ink delivering vibrant, archival-grade prints with wide color gamut."
C13T44J740,C13T44J740 Epson Singlepack Gray UltraChrome PRO12 700ml Ink,Ink Cartridge,Epson,Gray,450.0,10,,,4,Epson SureColor SC-P7500 (epson-sc-p7500); Epson SureColor SC-P7500 Spectro (epson-sc-p7500-spectro); Epson SureColor SC-P9500 (epson-sc-p9500); Epson SureColor SC-P9500 Spectro (epson-sc-p9500-spectro),https://www.keplertechllc.com/product/singlepack-gray-t44j740-ultrachrome-pro-12-700ml-ink/,https://www.keplertechllc.com/wp-content/uploads/2023/03/Epson-P9500-P7500-Printer-Singlepack-Gray-T44Q740-UltraChrome-PRO-12-700ml.webp,"Genuine OEM C13T44J740 Epson Singlepack Gray UltraChrome PRO12 700ml Ink delivering vibrant, archival-grade prints with wide color gamut."
C13T44J840,C13T44J840 Epson Singlepack Matte Black UltraChrome PRO12 700ml Ink,Ink Cartridge,Epson,Black,450.0,10,,,4,Epson SureColor SC-P7500 (epson-sc-p7500); Epson SureColor SC-P7500 Spectro (epson-sc-p7500-spectro); Epson SureColor SC-P9500 (epson-sc-p9500); Epson SureColor SC-P9500 Spectro (epson-sc-p9500-spectro),https://www.keplertechllc.com/product/singlepack-matte-black-t44j840-ultrachrome-pro-12-700ml-ink/,https://www.keplertechllc.com/wp-content/uploads/2023/03/Epson-P7500-P9500-Printer-Singlepack-Matte-Black-T44Q840-UltraChrome-PRO-12-700ml.webp,"Genuine OEM C13T44J840 Epson Singlepack Matte Black UltraChrome PRO12 700ml Ink delivering vibrant, archival-grade prints with wide color gamut."
C13T44JB40,C13T44JB40 Epson Singlepack Green UltraChrome PRO12 700ml Ink,Ink Cartridge,Epson,Green,450.0,10,,,4,Epson SureColor SC-P7500 (epson-sc-p7500); Epson SureColor SC-P7500 Spectro (epson-sc-p7500-spectro); Epson SureColor SC-P9500 (epson-sc-p9500); Epson SureColor SC-P9500 Spectro (epson-sc-p9500-spectro),https://www.keplertechllc.com/product/singlepack-green-t44jb40-ultrachrome-pro-12-700ml-ink/,https://www.keplertechllc.com/wp-content/uploads/2023/03/Epson-P9500-P7500-Printer-Singlepack-Green-T44QB-UltraChrome-PRO-12-700ml.webp,"Genuine OEM C13T44JB40 Epson Singlepack Green UltraChrome PRO12 700ml Ink delivering vibrant, archival-grade prints with wide color gamut."
C13T44JA40,C13T44JA40 Epson Singlepack Orange UltraChrome PRO12 700ml Ink,Ink Cartridge,Epson,Orange,450.0,10,,,4,Epson SureColor SC-P7500 (epson-sc-p7500); Epson SureColor SC-P7500 Spectro (epson-sc-p7500-spectro); Epson SureColor SC-P9500 (epson-sc-p9500); Epson SureColor SC-P9500 Spectro (epson-sc-p9500-spectro),https://www.keplertechllc.com/product/singlepack-orange-t44ja40-ultrachrome-pro-12-700ml-ink/,https://www.keplertechllc.com/wp-content/uploads/2023/03/Epson-P7500-P9500-Printer-Singlepack-Orange-T44QA40-UltraChrome-PRO-12-700ml.webp,"Genuine OEM C13T44JA40 Epson Singlepack Orange UltraChrome PRO12 700ml Ink delivering vibrant, archival-grade prints with wide color gamut."
C13T44JD40,C13T44JD40 Epson Singlepack Violet UltraChrome PRO12 700ml Ink,Ink Cartridge,Epson,Violet,450.0,10,,,4,Epson SureColor SC-P7500 (epson-sc-p7500); Epson SureColor SC-P7500 Spectro (epson-sc-p7500-spectro); Epson SureColor SC-P9500 (epson-sc-p9500); Epson SureColor SC-P9500 Spectro (epson-sc-p9500-spectro),https://www.keplertechllc.com/product/singlepack-violet-t44jd40-ultrachrome-pro-12-700ml-ink/,https://www.keplertechllc.com/wp-content/uploads/2023/03/Epson-P9500-P7500-Printer-Singlepack-Violet-T44QD40-UltraChrome-PRO-12-700ml.webp,"Genuine OEM C13T44JD40 Epson Singlepack Violet UltraChrome PRO12 700ml Ink delivering vibrant, archival-grade prints with wide color gamut."
C13T44J940,C13T44J940 Epson Singlepack Light Gray UltraChrome PRO12 700ml Ink,Ink Cartridge,Epson,Gray,450.0,10,,,4,Epson SureColor SC-P7500 (epson-sc-p7500); Epson SureColor SC-P7500 Spectro (epson-sc-p7500-spectro); Epson SureColor SC-P9500 (epson-sc-p9500); Epson SureColor SC-P9500 Spectro (epson-sc-p9500-spectro),https://www.keplertechllc.com/product/singlepack-light-gray-t44j940-ultrachrome-pro-12-700ml-ink/,https://www.keplertechllc.com/wp-content/uploads/2023/03/Epson-P9500-P7500-Printer-Singlepack-Light-Gray-T44Q940-UltraChrome-PRO-12-700ml.webp,"Genuine OEM C13T44J940 Epson Singlepack Light Gray UltraChrome PRO12 700ml Ink delivering vibrant, archival-grade prints with wide color gamut."
C13T804200,C13T804200 Epson Singlepack Cyan UltraChrome HDX/HD 700ml Ink,Ink Cartridge,Epson,Cyan,450.0,10,,,0,,https://www.keplertechllc.com/product/c13t55k200-epson-singlepack-cyan-ultrachrome-hdx-hd-700ml-ink/,https://www.keplertechllc.com/wp-content/uploads/2023/08/C13T55K200-Epson-Singlepack-Cyan-UltraChrome-HDXHD-700ml-Ink.webp,"Genuine OEM C13T804200 Epson Singlepack Cyan UltraChrome HDX/HD 700ml Ink delivering vibrant, archival-grade prints with wide color gamut."
C13T804300,C13T804300 Epson Singlepack Vivid Magenta UltraChrome HDX/HD 700ml,Ink Cartridge,Epson,Magenta,450.0,10,,,0,,https://www.keplertechllc.com/product/c13t54x300-epson-singlepack-vivid-magenta-ultrachrome-hdx-hd-350ml-ink/,https://www.keplertechllc.com/wp-content/uploads/2023/08/C13T54X300-Epson-Singlepack-Vivid-Magenta-UltraChrome-HDXHD-350ml-Ink.webp,"Genuine OEM C13T804300 Epson Singlepack Vivid Magenta UltraChrome HDX/HD 700ml delivering vibrant, archival-grade prints with wide color gamut."
C13T804100,C13T804100 Epson Singlepack Photo Black UltraChrome HDX/HD 700ml Ink,Ink Cartridge,Epson,Black,450.0,10,,,0,,https://www.keplertechllc.com/product/c13t55k100-epson-singlepack-photo-black-ultrachrome-hdx-hd-700ml-ink/,https://www.keplertechllc.com/wp-content/uploads/2023/08/C13T55K100-Epson-Singlepack-Photo-Black-UltraChrome-HDXHD-700ml-Ink.webp,"Genuine OEM C13T804100 Epson Singlepack Photo Black UltraChrome HDX/HD 700ml Ink delivering vibrant, archival-grade prints with wide color gamut."
C13T804400,C13T804400 Epson Singlepack Yellow UltraChrome HDX/HD 700ml,Ink Cartridge,Epson,Yellow,450.0,10,,,0,,https://www.keplertechllc.com/product/c13t55k400-epson-singlepack-yellow-ultrachrome-hdx-hd-700ml-ink/,https://www.keplertechllc.com/wp-content/uploads/2023/08/C13T55K400-Epson-Singlepack-Yellow-UltraChrome-HDXHD-700ml-Ink.webp,"Genuine OEM C13T804400 Epson Singlepack Yellow UltraChrome HDX/HD 700ml delivering vibrant, archival-grade prints with wide color gamut."
C13T804500,C13T804500 Epson Singlepack Light Cyan UltraChrome HDX/HD 700ml,Ink Cartridge,Epson,Cyan,450.0,10,,,0,,https://www.keplertechllc.com/product/c13t55k200-epson-singlepack-cyan-ultrachrome-hdx-hd-700ml-ink/,https://www.keplertechllc.com/wp-content/uploads/2023/08/C13T55K200-Epson-Singlepack-Cyan-UltraChrome-HDXHD-700ml-Ink.webp,"Genuine OEM C13T804500 Epson Singlepack Light Cyan UltraChrome HDX/HD 700ml delivering vibrant, archival-grade prints with wide color gamut."
C13T804600,C13T804600 Epson Singlepack Vivid Light Magenta UltraChrome HDX/HD 700ml,Ink Cartridge,Epson,Magenta,450.0,10,,,0,,https://www.keplertechllc.com/product/c13t46s600-epson-singlepack-vivid-light-magenta-ultrachrome-ink/,https://www.keplertechllc.com/wp-content/uploads/2023/04/Singlepack-Vivid-Light-Magenta-T46S6-UltraChrome-Pro-10-ink-25ml.webp,"Genuine OEM C13T804600 Epson Singlepack Vivid Light Magenta UltraChrome HDX/HD 700ml delivering vibrant, archival-grade prints with wide color gamut."
C13T804700,C13T804700 Epson Singlepack Light Black UltraChrome HDX/HD 700ml,Ink Cartridge,Epson,Black,450.0,10,,,0,,https://www.keplertechllc.com/product/c13t55k700-epson-singlepack-light-black-ultrachrome-hdx-hd-700ml-ink/,https://www.keplertechllc.com/wp-content/uploads/2023/08/C13T55K700-Epson-Singlepack-Light-Black-UltraChrome-HDXHD-700ml-Ink.webp,"Genuine OEM C13T804700 Epson Singlepack Light Black UltraChrome HDX/HD 700ml delivering vibrant, archival-grade prints with wide color gamut."
C13T804800,C13T804800 Epson Singlepack Matte Black UltraChrome HDX/HD 700ml,Ink Cartridge,Epson,Black,450.0,10,,,0,,https://www.keplertechllc.com/product/c13t55k800-epson-singlepack-matte-black-ultrachrome-hdx-hd-700ml-ink/,https://www.keplertechllc.com/wp-content/uploads/2023/08/C13T55K800-Epson-Singlepack-Matte-Black-UltraChrome-HDXHD-700ml-Ink.png,"Genuine OEM C13T804800 Epson Singlepack Matte Black UltraChrome HDX/HD 700ml delivering vibrant, archival-grade prints with wide color gamut."
C13T804900,C13T804900 Epson Singlepack Light Light Black UltraChrome HDX/HD 700ml,Ink Cartridge,Epson,Black,450.0,10,,,0,,https://www.keplertechllc.com/product/c13t55k900-epson-singlepack-light-light-black-ultrachrome-hdx-hd-700ml-ink/,https://www.keplertechllc.com/wp-content/uploads/2023/08/C13T55K900-Epson-Singlepack-Light-Light-Black-UltraChrome-HDXHD-700ml-Ink.webp,"Genuine OEM C13T804900 Epson Singlepack Light Light Black UltraChrome HDX/HD 700ml delivering vibrant, archival-grade prints with wide color gamut."
C13T804B00,C13T804B00 Epson Singlepack Green UltraChrome HDX 700ml Ink,Ink Cartridge,Epson,Green,450.0,10,,,0,,https://www.keplertechllc.com/product/c13t55k400-epson-singlepack-yellow-ultrachrome-hdx-hd-700ml-ink/,https://www.keplertechllc.com/wp-content/uploads/2023/08/C13T55K400-Epson-Singlepack-Yellow-UltraChrome-HDXHD-700ml-Ink.webp,"Genuine OEM C13T804B00 Epson Singlepack Green UltraChrome HDX 700ml Ink delivering vibrant, archival-grade prints with wide color gamut."
C13T804A00,C13T804A00 Epson Singlepack Orange UltraChrome HDX 700ml,Ink Cartridge,Epson,Orange,450.0,10,,,0,,https://www.keplertechllc.com/product/c13t55k200-epson-singlepack-cyan-ultrachrome-hdx-hd-700ml-ink/,https://www.keplertechllc.com/wp-content/uploads/2023/08/C13T55K200-Epson-Singlepack-Cyan-UltraChrome-HDXHD-700ml-Ink.webp,"Genuine OEM C13T804A00 Epson Singlepack Orange UltraChrome HDX 700ml delivering vibrant, archival-grade prints with wide color gamut."
C13T804D00,C13T804D00 Epson Singlepack Violet UltraChrome HDX 700ml Ink,Ink Cartridge,Epson,Violet,450.0,10,,,0,,https://www.keplertechllc.com/product/c13t54xd00-epson-singlepack-violet-ultrachrome-hdx-hd-350ml-ink/,https://www.keplertechllc.com/wp-content/uploads/2023/08/Singlepack-Violet-T54XD00-UltraChrome-HDXHD-350ml.webp,"Genuine OEM C13T804D00 Epson Singlepack Violet UltraChrome HDX 700ml Ink delivering vibrant, archival-grade prints with wide color gamut."
C13T824100,C13T824100 Epson Singlepack Photo Black UltraChrome HDX/HD 350ml,Ink Cartridge,Epson,Black,220.0,10,,,0,,https://www.keplertechllc.com/product/c13t54x100-epson-singlepack-photo-black-ultrachrome-hdx-hd-350ml-ink/,https://www.keplertechllc.com/wp-content/uploads/2023/08/C13T54X100-Epson-Singlepack-Photo-Black-UltraChrome-HDXHD-350ml-Ink.webp,"Genuine OEM C13T824100 Epson Singlepack Photo Black UltraChrome HDX/HD 350ml delivering vibrant, archival-grade prints with wide color gamut."
C13T824200,C13T824200 Epson Singlepack Cyan UltraChrome HDX/HD 350ml Ink,Ink Cartridge,Epson,Cyan,220.0,10,,,0,,https://www.keplertechllc.com/product/c13t54x200-epson-singlepack-cyan-ultrachrome-hdx-hd-350ml-ink/,https://www.keplertechllc.com/wp-content/uploads/2023/08/C13T54X200-Epson-Singlepack-Cyan-UltraChrome-HDXHD-350ml-Ink.webp,"Genuine OEM C13T824200 Epson Singlepack Cyan UltraChrome HDX/HD 350ml Ink delivering vibrant, archival-grade prints with wide color gamut."
C13T824300,C13T824300 Epson Singlepack Vivid Magenta  UltraChrome HDX/HD 350ml,Ink Cartridge,Epson,Magenta,220.0,10,,,0,,https://www.keplertechllc.com/product/c13t54x300-epson-singlepack-vivid-magenta-ultrachrome-hdx-hd-350ml-ink/,https://www.keplertechllc.com/wp-content/uploads/2023/08/C13T54X300-Epson-Singlepack-Vivid-Magenta-UltraChrome-HDXHD-350ml-Ink.webp,"Genuine OEM C13T824300 Epson Singlepack Vivid Magenta  UltraChrome HDX/HD 350ml delivering vibrant, archival-grade prints with wide color gamut."
C13T824400,C13T824400 Epson Singlepack Yellow UltraChrome HDX/HD 350ml,Ink Cartridge,Epson,Yellow,220.0,10,,,0,,https://www.keplertechllc.com/product/c13t55k400-epson-singlepack-yellow-ultrachrome-hdx-hd-700ml-ink/,https://www.keplertechllc.com/wp-content/uploads/2023/08/C13T55K400-Epson-Singlepack-Yellow-UltraChrome-HDXHD-700ml-Ink.webp,"Genuine OEM C13T824400 Epson Singlepack Yellow UltraChrome HDX/HD 350ml delivering vibrant, archival-grade prints with wide color gamut."
C13T824500,C13T824500 Epson Singlepack Light Cyan UltraChrome HDX/HD 350ml,Ink Cartridge,Epson,Cyan,220.0,10,,,0,,https://www.keplertechllc.com/product/c13t54x200-epson-singlepack-cyan-ultrachrome-hdx-hd-350ml-ink/,https://www.keplertechllc.com/wp-content/uploads/2023/08/C13T54X200-Epson-Singlepack-Cyan-UltraChrome-HDXHD-350ml-Ink.webp,"Genuine OEM C13T824500 Epson Singlepack Light Cyan UltraChrome HDX/HD 350ml delivering vibrant, archival-grade prints with wide color gamut."
C13T824700,C13T824700 Epson Singlepack Light Black UltraChrome HDX/HD 350ml,Ink Cartridge,Epson,Black,220.0,10,,,0,,https://www.keplertechllc.com/product/c13t55k700-epson-singlepack-light-black-ultrachrome-hdx-hd-700ml-ink/,https://www.keplertechllc.com/wp-content/uploads/2023/08/C13T55K700-Epson-Singlepack-Light-Black-UltraChrome-HDXHD-700ml-Ink.webp,"Genuine OEM C13T824700 Epson Singlepack Light Black UltraChrome HDX/HD 350ml delivering vibrant, archival-grade prints with wide color gamut."
C13T824600,C13T824600 Epson Singlepack Vivid Light Magenta UltraChrome HDX/HD 350ml,Ink Cartridge,Epson,Magenta,220.0,10,,,0,,https://www.keplertechllc.com/product/c13t54x300-epson-singlepack-vivid-magenta-ultrachrome-hdx-hd-350ml-ink/,https://www.keplertechllc.com/wp-content/uploads/2023/08/C13T54X300-Epson-Singlepack-Vivid-Magenta-UltraChrome-HDXHD-350ml-Ink.webp,"Genuine OEM C13T824600 Epson Singlepack Vivid Light Magenta UltraChrome HDX/HD 350ml delivering vibrant, archival-grade prints with wide color gamut."
C13T824800,C13T824800 Epson Singlepack Matte Black UltraChrome HDX/HD 350ml,Ink Cartridge,Epson,Black,220.0,10,,,0,,https://www.keplertechllc.com/product/c13t55k800-epson-singlepack-matte-black-ultrachrome-hdx-hd-700ml-ink/,https://www.keplertechllc.com/wp-content/uploads/2023/08/C13T55K800-Epson-Singlepack-Matte-Black-UltraChrome-HDXHD-700ml-Ink.png,"Genuine OEM C13T824800 Epson Singlepack Matte Black UltraChrome HDX/HD 350ml delivering vibrant, archival-grade prints with wide color gamut."
C13T824900,C13T824900 Epson Singlepack Light Light Black UltraChrome 350ml,Ink Cartridge,Epson,Black,220.0,10,,,0,,https://www.keplertechllc.com/product/c13t55k900-epson-singlepack-light-light-black-ultrachrome-hdx-hd-700ml-ink/,https://www.keplertechllc.com/wp-content/uploads/2023/08/C13T55K900-Epson-Singlepack-Light-Light-Black-UltraChrome-HDXHD-700ml-Ink.webp,"Genuine OEM C13T824900 Epson Singlepack Light Light Black UltraChrome 350ml delivering vibrant, archival-grade prints with wide color gamut."
C13T824A00,C13T824A00 Epson Singlepack Orange UltraChrome HDX 350ml,Ink Cartridge,Epson,Orange,220.0,10,,,0,,https://www.keplertechllc.com/product/c13t54x200-epson-singlepack-cyan-ultrachrome-hdx-hd-350ml-ink/,https://www.keplertechllc.com/wp-content/uploads/2023/08/C13T54X200-Epson-Singlepack-Cyan-UltraChrome-HDXHD-350ml-Ink.webp,"Genuine OEM C13T824A00 Epson Singlepack Orange UltraChrome HDX 350ml delivering vibrant, archival-grade prints with wide color gamut."
C13T824B00,C13T824B00 Epson Singlepack Green UltraChrome HDX 350ml,Ink Cartridge,Epson,Green,220.0,10,,,0,,https://www.keplertechllc.com/product/c13t54x200-epson-singlepack-cyan-ultrachrome-hdx-hd-350ml-ink/,https://www.keplertechllc.com/wp-content/uploads/2023/08/C13T54X200-Epson-Singlepack-Cyan-UltraChrome-HDXHD-350ml-Ink.webp,"Genuine OEM C13T824B00 Epson Singlepack Green UltraChrome HDX 350ml delivering vibrant, archival-grade prints with wide color gamut."
C13T824D00,C13T824D00 Epson Singlepack Violet UltraChrome HDX 350ml,Ink Cartridge,Epson,Violet,220.0,10,,,0,,https://www.keplertechllc.com/product/c13t54xd00-epson-singlepack-violet-ultrachrome-hdx-hd-350ml-ink/,https://www.keplertechllc.com/wp-content/uploads/2023/08/Singlepack-Violet-T54XD00-UltraChrome-HDXHD-350ml.webp,"Genuine OEM C13T824D00 Epson Singlepack Violet UltraChrome HDX 350ml delivering vibrant, archival-grade prints with wide color gamut."
C13T913100,C13T913100 Epson Photo Black Ink Cartridge (200ml),Ink Cartridge,Epson,Black,220.0,0,Out of Stock,,0,,https://www.keplertechllc.com/product/c13t913100-epson-photo-black-ink-cartridge-200ml/,https://www.keplertechllc.com/wp-content/uploads/2023/03/T9131-Photo-Black-Ink-Cartridge-200ml.webp,"Genuine OEM C13T913100 Epson Photo Black Ink Cartridge (200ml) delivering vibrant, archival-grade prints with wide color gamut."
C13T913300,C13T913300 Epson Vivid Magenta Ink Cartridge (200ml),Ink Cartridge,Epson,Magenta,220.0,0,Out of Stock,,0,,https://www.keplertechllc.com/product/c13t913300-epson-vivid-magenta-ink-cartridge-200ml/,https://www.keplertechllc.com/wp-content/uploads/2023/03/T9133-Vivid-Magenta-Ink-Cartridge-200ml.webp,"Genuine OEM C13T913300 Epson Vivid Magenta Ink Cartridge (200ml) delivering vibrant, archival-grade prints with wide color gamut."
C13T913400,C13T913400 Epson Yellow Ink Cartridge (200ml),Ink Cartridge,Epson,Yellow,220.0,0,Out of Stock,,0,,https://www.keplertechllc.com/product/c13t913400-epson-yellow-ink-cartridge-200ml/,https://www.keplertechllc.com/wp-content/uploads/2023/03/T9134-Yellow-Ink-Cartridge-200ml.webp,"Genuine OEM C13T913400 Epson Yellow Ink Cartridge (200ml) delivering vibrant, archival-grade prints with wide color gamut."
C13T913200,C13T913200 Epson Cyan Ink Cartridge (200ml),Ink Cartridge,Epson,Cyan,220.0,0,Out of Stock,,0,,https://www.keplertechllc.com/product/c13t913200-epson-cyan-ink-cartridge-200ml/,https://www.keplertechllc.com/wp-content/uploads/2023/03/T9132-Cyan-Ink-Cartridge-200ml.webp,"Genuine OEM C13T913200 Epson Cyan Ink Cartridge (200ml) delivering vibrant, archival-grade prints with wide color gamut."
C13T913600,C13T913600 Epson Vivid Light Magenta Ink Cartridge (200ml),Ink Cartridge,Epson,Magenta,220.0,0,Out of Stock,,0,,https://www.keplertechllc.com/product/c13t913600-epson-vivid-light-magenta-ink-cartridge-200ml/,https://www.keplertechllc.com/wp-content/uploads/2023/03/T9136-Vivid-Light-Magenta-Ink-Cartridge-200ml.webp,"Genuine OEM C13T913600 Epson Vivid Light Magenta Ink Cartridge (200ml) delivering vibrant, archival-grade prints with wide color gamut."
C13T913700,C13T913700 Epson Light Black Ink Cartridge (200ml),Ink Cartridge,Epson,Black,220.0,10,,,0,,https://www.keplertechllc.com/product/c13t913700-light-black-ink-cartridge-200ml/,https://www.keplertechllc.com/wp-content/uploads/2023/03/T9137-Light-Black-Ink-Cartridge-200ml.webp,"Genuine OEM C13T913700 Epson Light Black Ink Cartridge (200ml) delivering vibrant, archival-grade prints with wide color gamut."
C13T913500,C13T913500 Epson Light Cyan Ink Cartridge (200ml),Ink Cartridge,Epson,Cyan,220.0,10,,,0,,https://www.keplertechllc.com/product/c13t913500-light-cyan-ink-cartridge-200ml/,https://www.keplertechllc.com/wp-content/uploads/2023/03/T9135-Light-Cyan-Ink-Cartridge-200ml.webp,"Genuine OEM C13T913500 Epson Light Cyan Ink Cartridge (200ml) delivering vibrant, archival-grade prints with wide color gamut."
C13T913A00,C13T913A00 Epson Orange Ink Cartridge (200ml),Ink Cartridge,Epson,Orange,220.0,0,Out of Stock,,0,,https://www.keplertechllc.com/product/c13t913a00-epson-orange-ink-cartridge-200ml/,https://www.keplertechllc.com/wp-content/uploads/2023/03/T913A-Orange-Ink-Cartridge-200ml.webp,"Genuine OEM C13T913A00 Epson Orange Ink Cartridge (200ml) delivering vibrant, archival-grade prints with wide color gamut."
C13T913800,C13T913800 Epson Matte Black Ink Cartridge (200ml),Ink Cartridge,Epson,Black,220.0,0,Out of Stock,,0,,https://www.keplertechllc.com/product/c13t913800-epson-matte-black-ink-cartridge-200ml/,https://www.keplertechllc.com/wp-content/uploads/2023/03/T9138-Matte-Black-Ink-Cartridge-200ml.webp,"Genuine OEM C13T913800 Epson Matte Black Ink Cartridge (200ml) delivering vibrant, archival-grade prints with wide color gamut."
C13T913900,C13T913900 Epson Light Light Black Ink Cartridge (200ml),Ink Cartridge,Epson,Black,220.0,0,Out of Stock,,0,,https://www.keplertechllc.com/product/c13t913900-epson-light-light-black-ink-cartridge-200ml/,https://www.keplertechllc.com/wp-content/uploads/2023/04/T9139-Light-Light-Black-Ink-Cartridge-200ml.webp,"Genuine OEM C13T913900 Epson Light Light Black Ink Cartridge (200ml) delivering vibrant, archival-grade prints with wide color gamut."
C13T913D00,C13T913D00 Epson Violet Ink Cartridge (200ml),Ink Cartridge,Epson,Violet,220.0,0,Out of Stock,,0,,https://www.keplertechllc.com/product/c13t913d00-epson-violet-ink-cartridge-200ml/,https://www.keplertechllc.com/wp-content/uploads/2023/04/T913D-Violet-Ink-Cartridge-200ml.webp,"Genuine OEM C13T913D00 Epson Violet Ink Cartridge (200ml) delivering vibrant, archival-grade prints with wide color gamut."
C13T913B00,C13T913B00 Epson Green Ink Cartridge (200ml),Ink Cartridge,Epson,Green,220.0,0,Out of Stock,,0,,https://www.keplertechllc.com/product/c13t913b00-epson-green-ink-cartridge-200ml/,https://www.keplertechllc.com/wp-content/uploads/2023/04/T913B-Green-Ink-Cartridge-200ml.webp,"Genuine OEM C13T913B00 Epson Green Ink Cartridge (200ml) delivering vibrant, archival-grade prints with wide color gamut."
C13T619000,Epson Maintenance Box - C13T619000,Maintenance Box,Epson,,180.0,0,Out of Stock,,0,,https://www.keplertechllc.com/product/epson-maintenance-box-c13t619000/,https://www.keplertechllc.com/wp-content/uploads/2023/04/Maintenance-Box-C13T619000.webp,Genuine OEM Epson Maintenance Box - C13T619000 designed for reliable printer maintenance and waste ink collection.
C13T47A100,C13T47A100 Epson Singlepack Photo Black UltraChrome Pro10 Ink,Ink Cartridge,Epson,Black,198.0,0,Out of Stock,,2,Epson SureColor SC-P900 (epson-sc-p900); Epson SureColor SC-P900 with Roll Adapter (epson-sc-p900-roll),https://www.keplertechllc.com/product/c13t47a100-epson-singlepack-photo-black-ultrachrome-pro10-ink-50ml/,https://www.keplertechllc.com/wp-content/uploads/2023/04/Singlepack-Photo-Black-T47A1-UltraChrome-Pro-10-ink-50ml.webp,"Genuine OEM C13T47A100 Epson Singlepack Photo Black UltraChrome Pro10 Ink delivering vibrant, archival-grade prints with wide color gamut."
C13T47A200,C13T47A200 Epson Singlepack Cyan UltraChrome Pro 10 Ink,Ink Cartridge,Epson,Cyan,198.0,0,Out of Stock,,2,Epson SureColor SC-P900 (epson-sc-p900); Epson SureColor SC-P900 with Roll Adapter (epson-sc-p900-roll),https://www.keplertechllc.com/product/c13t47a200-epson-singlepack-cyan-ultrachrome-pro-10-ink-50ml/,https://www.keplertechllc.com/wp-content/uploads/2023/04/Singlepack-Cyan-T47A2-UltraChrome-Pro-10-ink-50ml.webp,"Genuine OEM C13T47A200 Epson Singlepack Cyan UltraChrome Pro 10 Ink delivering vibrant, archival-grade prints with wide color gamut."
C13T47A300,C13T47A300 Epson Singlepack Vivid Magenta UltraChrome Pro10 Ink,Ink Cartridge,Epson,Magenta,198.0,10,,,2,Epson SureColor SC-P900 (epson-sc-p900); Epson SureColor SC-P900 with Roll Adapter (epson-sc-p900-roll),https://www.keplertechllc.com/product/c13t47a300-epson-singlepack-vivid-magenta-ultrachrome-pro-10-ink/,https://www.keplertechllc.com/wp-content/uploads/2023/04/Singlepack-Vivid-Magenta-T47A3-UltraChrome-Pro-10-ink-50ml.webp,"Genuine OEM C13T47A300 Epson Singlepack Vivid Magenta UltraChrome Pro10 Ink delivering vibrant, archival-grade prints with wide color gamut."
C13T47A500,C13T47A500 Epson Singlepack Light Cyan UltraChrome Pro10 Ink,Ink Cartridge,Epson,Cyan,198.0,10,,,2,Epson SureColor SC-P900 (epson-sc-p900); Epson SureColor SC-P900 with Roll Adapter (epson-sc-p900-roll),https://www.keplertechllc.com/product/c13t47a500-singlepack-light-cyan-ultrachrome-pro-10-ink-50ml/,https://www.keplertechllc.com/wp-content/uploads/2023/04/Singlepack-Light-Cyan-T47A5-UltraChrome-Pro-10-ink-50ml.webp,"Genuine OEM C13T47A500 Epson Singlepack Light Cyan UltraChrome Pro10 Ink delivering vibrant, archival-grade prints with wide color gamut."
C13T47A400,C13T47A400 Epson Singlepack Yellow UltraChrome Pro10 Ink,Ink Cartridge,Epson,Yellow,198.0,10,,,2,Epson SureColor SC-P900 (epson-sc-p900); Epson SureColor SC-P900 with Roll Adapter (epson-sc-p900-roll),https://www.keplertechllc.com/product/c13t47a400-epson-singlepack-yellow-ultrachrome-pro-10-ink-50ml/,https://www.keplertechllc.com/wp-content/uploads/2023/04/Singlepack-Yellow-T47A4-UltraChrome-Pro-10-ink-50ml.webp,"Genuine OEM C13T47A400 Epson Singlepack Yellow UltraChrome Pro10 Ink delivering vibrant, archival-grade prints with wide color gamut."
C13T47A600,C13T47A600 Epson Singlepack Vivid Light Magenta UltraChrome Pro10 Ink 50ml,Ink Cartridge,Epson,Magenta,198.0,10,,,2,Epson SureColor SC-P900 (epson-sc-p900); Epson SureColor SC-P900 with Roll Adapter (epson-sc-p900-roll),https://www.keplertechllc.com/product/c13t47a600-singlepack-vivid-light-magenta-ultrachrome-pro-10-ink-50ml/,https://www.keplertechllc.com/wp-content/uploads/2023/04/Singlepack-Vivid-Light-Magenta-T47A6-UltraChrome-Pro-10-ink-50ml.webp,"Genuine OEM C13T47A600 Epson Singlepack Vivid Light Magenta UltraChrome Pro10 Ink 50ml delivering vibrant, archival-grade prints with wide color gamut."
C13T47A700,C13T47A700 Epson Singlepack Gray UltraChrome Pro 10 Ink 50ml,Ink Cartridge,Epson,Gray,198.0,10,,,2,Epson SureColor SC-P900 (epson-sc-p900); Epson SureColor SC-P900 with Roll Adapter (epson-sc-p900-roll),https://www.keplertechllc.com/product/c13t47a700-singlepack-gray-ultrachrome-pro-10-ink-50ml/,https://www.keplertechllc.com/wp-content/uploads/2023/04/Singlepack-Gray-T47A7-UltraChrome-Pro-10-ink-50ml.webp,"Genuine OEM C13T47A700 Epson Singlepack Gray UltraChrome Pro 10 Ink 50ml delivering vibrant, archival-grade prints with wide color gamut."
C13T47A800,C13T47A800 Epson Singlepack Matte Black UltraChrome Pro10 Ink,Ink Cartridge,Epson,Black,198.0,10,,,2,Epson SureColor SC-P900 (epson-sc-p900); Epson SureColor SC-P900 with Roll Adapter (epson-sc-p900-roll),https://www.keplertechllc.com/product/c13t47a800-epson-singlepack-matte-black-ultrachrome-pro-10-ink-50ml/,https://www.keplertechllc.com/wp-content/uploads/2023/04/Singlepack-Matte-Black-T47A8-UltraChrome-Pro-10-ink-50ml.webp,"Genuine OEM C13T47A800 Epson Singlepack Matte Black UltraChrome Pro10 Ink delivering vibrant, archival-grade prints with wide color gamut."
C13T47A900,C13T47A900 Epson Singlepack Light Gray UltraChrome Pro 10 Ink 50ml,Ink Cartridge,Epson,Gray,198.0,0,Out of Stock,,2,Epson SureColor SC-P900 (epson-sc-p900); Epson SureColor SC-P900 with Roll Adapter (epson-sc-p900-roll),https://www.keplertechllc.com/product/c13t47a900-epson-singlepack-light-gray-ultrachrome-pro-10-ink-50ml/,https://www.keplertechllc.com/wp-content/uploads/2023/04/Singlepack-Light-Gray-T47A9-UltraChrome-Pro-10-ink-50ml.webp,"Genuine OEM C13T47A900 Epson Singlepack Light Gray UltraChrome Pro 10 Ink 50ml delivering vibrant, archival-grade prints with wide color gamut."
C13T47AD00,C13T47AD00 Epson Singlepack Violet T47AD UltraChrome Pro10 Ink,Ink Cartridge,Epson,Violet,198.0,10,,,2,Epson SureColor SC-P900 (epson-sc-p900); Epson SureColor SC-P900 with Roll Adapter (epson-sc-p900-roll),https://www.keplertechllc.com/product/c13t47ad00-epson-singlepack-violet-t47ad-ultrachrome-pro-10-ink-50ml/,https://www.keplertechllc.com/wp-content/uploads/2023/04/Singlepack-Violet-T47AD-UltraChrome-Pro-10-ink-50ml.webp,"Genuine OEM C13T47AD00 Epson Singlepack Violet T47AD UltraChrome Pro10 Ink delivering vibrant, archival-grade prints with wide color gamut."
C12C935711,Epson C12C935711 Maintenance Tank - SC-P700/SC-P900,Maintenance Box,Epson,,155.0,10,,Zero black-switch ink waste (dedicated Photo/Matte channels) (25ml Individual Ink Cartridges),3,Epson SureColor SC-P700 (epson-sc-p700); Epson SureColor SC-P900 (epson-sc-p900); Epson SureColor SC-P900 with Roll Adapter (epson-sc-p900-roll),https://www.keplertechllc.com/product/maintenance-tank-sc-p700-sc-p900-c12c935711/,https://www.keplertechllc.com/wp-content/uploads/2023/04/Maintenance-Tank-SC-P700SC-P900-C12C935711.webp,Genuine OEM Epson C12C935711 Maintenance Tank - SC-P700/SC-P900 designed for reliable printer maintenance and waste ink collection.
C13T46S100,C13T46S100 Epson Singlepack Photo Black UltraChrome Pro10 Ink,Ink Cartridge,Epson,Black,220.0,10,,,1,Epson SureColor SC-P700 (epson-sc-p700),https://www.keplertechllc.com/product/c13t46s100-epson-singlepack-photo-black-ultrachrome-pro-10-ink-25ml/,https://www.keplertechllc.com/wp-content/uploads/2023/04/Singlepack-Photo-Black-T46S1-UltraChrome-Pro-10-ink-25ml.webp,"Genuine OEM C13T46S100 Epson Singlepack Photo Black UltraChrome Pro10 Ink delivering vibrant, archival-grade prints with wide color gamut."
C13T46S200,C13T46S200 Epson Singlepack Cyan UltraChrome Pro10 Ink,Ink Cartridge,Epson,Cyan,220.0,10,,,1,Epson SureColor SC-P700 (epson-sc-p700),https://www.keplertechllc.com/product/c13t46s200-epson-singlepack-cyan-ultrachrome-pro-10-ink-25ml/,https://www.keplertechllc.com/wp-content/uploads/2023/04/Singlepack-Light-Cyan-T46S5-UltraChrome-Pro-10-ink-25ml.webp,"Genuine OEM C13T46S200 Epson Singlepack Cyan UltraChrome Pro10 Ink delivering vibrant, archival-grade prints with wide color gamut."
C13T46S300,C13T46S300 Epson Singlepack Vivid Magenta UltraChrome Pro10 Ink,Ink Cartridge,Epson,Magenta,220.0,10,,,1,Epson SureColor SC-P700 (epson-sc-p700),https://www.keplertechllc.com/product/c13t46s300-epson-singlepack-vivid-magenta-ultrachrome-pro-10-ink-25ml/,https://www.keplertechllc.com/wp-content/uploads/2023/04/Singlepack-Vivid-Magenta-T46S3-UltraChrome-Pro-10-ink-25ml.webp,"Genuine OEM C13T46S300 Epson Singlepack Vivid Magenta UltraChrome Pro10 Ink delivering vibrant, archival-grade prints with wide color gamut."
C13T46S400,C13T46S400 Epson Singlepack Yellow UltraChrome Pro10 Ink,Ink Cartridge,Epson,Yellow,220.0,10,,,1,Epson SureColor SC-P700 (epson-sc-p700),https://www.keplertechllc.com/product/c13t46s400-epson-singlepack-yellow-ultrachrome-pro-10-ink-25ml/,https://www.keplertechllc.com/wp-content/uploads/2023/04/Singlepack-Yellow-T46S4-UltraChrome-Pro-10-ink-25ml.webp,"Genuine OEM C13T46S400 Epson Singlepack Yellow UltraChrome Pro10 Ink delivering vibrant, archival-grade prints with wide color gamut."
C13T46S500,C13T46S500 Epson Singlepack Light Cyan UltraChrome Pro10 Ink,Ink Cartridge,Epson,Cyan,220.0,10,,,1,Epson SureColor SC-P700 (epson-sc-p700),https://www.keplertechllc.com/product/c13t46s500-epson-singlepack-light-cyan-ultrachrome-ink/,https://www.keplertechllc.com/wp-content/uploads/2023/04/Singlepack-Light-Cyan-T46S5-UltraChrome-Pro-10-ink-25ml-1.webp,"Genuine OEM C13T46S500 Epson Singlepack Light Cyan UltraChrome Pro10 Ink delivering vibrant, archival-grade prints with wide color gamut."
C13T46S600,C13T46S600 Epson Singlepack Vivid Light Magenta UltraChrome Pro 10 Ink,Ink Cartridge,Epson,Magenta,220.0,10,,,1,Epson SureColor SC-P700 (epson-sc-p700),https://www.keplertechllc.com/product/c13t46s600-epson-singlepack-vivid-light-magenta-ultrachrome-ink/,https://www.keplertechllc.com/wp-content/uploads/2023/04/Singlepack-Vivid-Light-Magenta-T46S6-UltraChrome-Pro-10-ink-25ml.webp,"Genuine OEM C13T46S600 Epson Singlepack Vivid Light Magenta UltraChrome Pro 10 Ink delivering vibrant, archival-grade prints with wide color gamut."
C13T46S700,C13T46S700 Epson Singlepack Gray UltraChrome Pro10 Ink,Ink Cartridge,Epson,Gray,220.0,10,,,1,Epson SureColor SC-P700 (epson-sc-p700),https://www.keplertechllc.com/product/c13t46s700-singlepack-gray-ultrachrome-pro-10-ink-25ml/,https://www.keplertechllc.com/wp-content/uploads/2023/04/Singlepack-Gray-T46S7-UltraChrome-Pro-10-ink-25ml.webp,"Genuine OEM C13T46S700 Epson Singlepack Gray UltraChrome Pro10 Ink delivering vibrant, archival-grade prints with wide color gamut."
C13T46S800,C13T46S800 Epson Singlepack Matte Black UltraChrome Pro10 Ink,Ink Cartridge,Epson,Black,220.0,10,,,1,Epson SureColor SC-P700 (epson-sc-p700),https://www.keplertechllc.com/product/c13t46s800-epson-singlepack-matte-black-ultrachrome-pro-10-ink/,https://www.keplertechllc.com/wp-content/uploads/2023/04/Singlepack-Matte-Black-T46S8-UltraChrome-Pro-10-ink-25ml.webp,"Genuine OEM C13T46S800 Epson Singlepack Matte Black UltraChrome Pro10 Ink delivering vibrant, archival-grade prints with wide color gamut."
C13T46S900,C13T46S900 Epson Singlepack Light Gray UltraChrome Pro10 Ink,Ink Cartridge,Epson,Gray,220.0,10,,,1,Epson SureColor SC-P700 (epson-sc-p700),https://www.keplertechllc.com/product/c13t46s900-epson-singlepack-light-gray-ultrachrome-pro-10-ink/,https://www.keplertechllc.com/wp-content/uploads/2023/04/Singlepack-Light-Gray-T46S9-UltraChrome-Pro-10-ink-25ml.webp,"Genuine OEM C13T46S900 Epson Singlepack Light Gray UltraChrome Pro10 Ink delivering vibrant, archival-grade prints with wide color gamut."
C13T46SD00,C13T46SD00 Epson Singlepack Violet Ink,Ink Cartridge,Epson,Violet,220.0,10,,,1,Epson SureColor SC-P700 (epson-sc-p700),https://www.keplertechllc.com/product/c13t46sd00-epson-singlepack-violet-ultrachrome-pro-10-ink-25ml/,https://www.keplertechllc.com/wp-content/uploads/2023/04/Singlepack-Violet-T46SD-UltraChrome-Pro-10-ink-25ml.webp,"Genuine OEM C13T46SD00 Epson Singlepack Violet Ink delivering vibrant, archival-grade prints with wide color gamut."
C13T619100,"Epson Maintenance Tank 17"" (Borderless) - C13T619100",Maintenance Box,Epson,,180.0,10,,,0,,https://www.keplertechllc.com/product/epson-maintenance-box-c13t619000/,https://www.keplertechllc.com/wp-content/uploads/2023/04/Maintenance-Box-C13T619000.webp,"Genuine OEM Epson Maintenance Tank 17"" (Borderless) - C13T619100 designed for reliable printer maintenance and waste ink collection."
C13T02S100,C13T02S100 Epson WorkForce Enterprise WF-C20750 Black Ink,Ink Cartridge,Epson,Black,1290.0,0,Out of Stock,,0,,https://www.keplertechllc.com/product/c13t02s100-epson-workforce-enterprise-wf-c20750-black-ink/,https://www.keplertechllc.com/wp-content/uploads/2023/04/WorkForce-Enterprise-WF-C20750-Black-Ink-C13T02S100.webp,"Genuine OEM C13T02S100 Epson WorkForce Enterprise WF-C20750 Black Ink delivering vibrant, archival-grade prints with wide color gamut."
C13T02S300,C13T02S300 Epson WorkForce Enterprise WF-C20750 Magenta Ink,Ink Cartridge,Epson,Magenta,1790.0,0,Out of Stock,,0,,https://www.keplertechllc.com/product/c13t02s300-epson-workforce-enterprise-wf-c20750-magenta-ink/,https://www.keplertechllc.com/wp-content/uploads/2023/04/WorkForce-Enterprise-WF-C20750-Magenta-Ink-C13T02S300.webp,"Genuine OEM C13T02S300 Epson WorkForce Enterprise WF-C20750 Magenta Ink delivering vibrant, archival-grade prints with wide color gamut."
C13T02S200,C13T02S200 Epson WorkForce Enterprise WF-C20750 Cyan Ink,Ink Cartridge,Epson,Cyan,1790.0,0,Out of Stock,,0,,https://www.keplertechllc.com/product/c13t02s200-epson-workforce-enterprise-wf-c20750-cyan-ink/,https://www.keplertechllc.com/wp-content/uploads/2023/04/WorkForce-Enterprise-WF-C20750-Cyan-Ink-C13T02S200.webp,"Genuine OEM C13T02S200 Epson WorkForce Enterprise WF-C20750 Cyan Ink delivering vibrant, archival-grade prints with wide color gamut."
C13T02S400,C13T02S400 Epson WorkForce Enterprise WF-C20750 Yellow Ink,Ink Cartridge,Epson,Yellow,1790.0,0,Out of Stock,,0,,https://www.keplertechllc.com/product/c13t02s400-epson-workforce-enterprise-wf-c20750-yellow-ink/,https://www.keplertechllc.com/wp-content/uploads/2023/04/WorkForce-Enterprise-WF-C20750-Yellow-Ink-C13T02S400.webp,"Genuine OEM C13T02S400 Epson WorkForce Enterprise WF-C20750 Yellow Ink delivering vibrant, archival-grade prints with wide color gamut."
C13T02Y100,C13T02Y100 Epson WorkForce Enterprise WF-C21000 Black Ink,Ink Cartridge,Epson,Black,220.0,0,Out of Stock,,1,Epson WorkForce Enterprise WF-C21000 D4TW (epson-wf-c21000-d4tw),https://www.keplertechllc.com/product/c13t02y100-epson-workforce-enterprise-wf-c21000-black-ink/,https://www.keplertechllc.com/wp-content/uploads/2023/04/WorkForce-Enterprise-WF-C21000-Black-Ink-C13T02Y100.webp,"Genuine OEM C13T02Y100 Epson WorkForce Enterprise WF-C21000 Black Ink delivering vibrant, archival-grade prints with wide color gamut."
C13T02Y200,C13T02Y200 Epson WorkForce Enterprise WF-C21000 Cyan Ink,Ink Cartridge,Epson,Cyan,220.0,0,Out of Stock,,1,Epson WorkForce Enterprise WF-C21000 D4TW (epson-wf-c21000-d4tw),https://www.keplertechllc.com/product/c13t02y200-epson-workforce-enterprise-wf-c21000-cyan-ink/,https://www.keplertechllc.com/wp-content/uploads/2023/04/WorkForce-Enterprise-WF-C21000-Cyan-Ink-C13T02Y200.webp,"Genuine OEM C13T02Y200 Epson WorkForce Enterprise WF-C21000 Cyan Ink delivering vibrant, archival-grade prints with wide color gamut."
C13T02Y300,C13T02Y300 Epson WorkForce Enterprise WF-C21000 Magenta Ink,Ink Cartridge,Epson,Magenta,220.0,0,Out of Stock,,1,Epson WorkForce Enterprise WF-C21000 D4TW (epson-wf-c21000-d4tw),https://www.keplertechllc.com/product/c13t02y300-epson-workforce-enterprise-wf-c21000-magenta-ink/,https://www.keplertechllc.com/wp-content/uploads/2023/04/WorkForce-Enterprise-WF-C21000-Magenta-Ink-C13T02Y300.webp,"Genuine OEM C13T02Y300 Epson WorkForce Enterprise WF-C21000 Magenta Ink delivering vibrant, archival-grade prints with wide color gamut."
C13T02Y400,C13T02Y400 Epson WorkForce Enterprise WF-C21000 Yellow Ink,Ink Cartridge,Epson,Yellow,220.0,0,Out of Stock,,1,Epson WorkForce Enterprise WF-C21000 D4TW (epson-wf-c21000-d4tw),https://www.keplertechllc.com/product/c13t02y400-epson-workforce-enterprise-wf-c21000-yellow-ink/,https://www.keplertechllc.com/wp-content/uploads/2023/04/WorkForce-Enterprise-WF-C21000-Yellow-Ink-C13T02Y400.webp,"Genuine OEM C13T02Y400 Epson WorkForce Enterprise WF-C21000 Yellow Ink delivering vibrant, archival-grade prints with wide color gamut."
C13T946140,C13T946140 Epson WF-C5290/WF-C5790 Series XXL Black Ink Cartridge,Ink Cartridge,Epson,Black,450.0,10,,,0,,https://www.keplertechllc.com/product/c13t946140-epson-wf-c5290-wf-c5790-series-ink-cartridge-xxl-black/,https://www.keplertechllc.com/wp-content/uploads/2023/04/WF-C5290-WF-C5790-Ink-Cartridge-XXL-Black-C13T946140.webp,"Genuine OEM C13T946140 Epson WF-C5290/WF-C5790 Series XXL Black Ink Cartridge delivering vibrant, archival-grade prints with wide color gamut."
C13T945140,C13T945140 Epson WF-C52xx / WF-C57xx Series XL Black Ink Cartridge,Ink Cartridge,Epson,Black,220.0,10,,,0,,https://www.keplertechllc.com/product/epson-c13t945140-wf-c52xx-wf-c57xx-series-ink-cartridge-xl-black/,https://www.keplertechllc.com/wp-content/uploads/2023/04/WF-C5290-WF-C5790-Series-Ink-Cartridge-XL-Black.webp,"Genuine OEM C13T945140 Epson WF-C52xx / WF-C57xx Series XL Black Ink Cartridge delivering vibrant, archival-grade prints with wide color gamut."
C13T945240,C13T945240 Epson WF-C52xx/WF-C57xx Series XL Cyan Ink Cartridge,Ink Cartridge,Epson,Cyan,220.0,10,,,0,,https://www.keplertechllc.com/product/c13t945240-epson-wf-c52xx-wf-c57xx-series-ink-cartridge-xl-cyan/,https://www.keplertechllc.com/wp-content/uploads/2023/04/WF-C5290-WF-C5790-Series-Ink-Cartridge-XL-Cyan-C13T945240.webp,"Genuine OEM C13T945240 Epson WF-C52xx/WF-C57xx Series XL Cyan Ink Cartridge delivering vibrant, archival-grade prints with wide color gamut."
C13T945340,C13T945340 Epson WF-C52xx/WF-C57xx Series XL Magenta Ink Cartridge,Ink Cartridge,Epson,Magenta,220.0,10,,,0,,https://www.keplertechllc.com/product/c13t945340-wf-c52xx-wf-c57xx-series-ink-cartridge-xl-magenta/,https://www.keplertechllc.com/wp-content/uploads/2023/04/WF-C5290-WF-C5790-Series-Ink-Cartridge-L-Magenta.webp,"Genuine OEM C13T945340 Epson WF-C52xx/WF-C57xx Series XL Magenta Ink Cartridge delivering vibrant, archival-grade prints with wide color gamut."
C13T945440,C13T945440 Epson WF-C52xx / WF-C57xx Series XL Yellow Ink Cartridge,Ink Cartridge,Epson,Yellow,220.0,10,,,0,,https://www.keplertechllc.com/product/c13t945440-epson-wf-c52xx-wf-c57xx-series-ink-cartridge-xl-yellow/,https://www.keplertechllc.com/wp-content/uploads/2023/04/WF-C5290-WF-C5790-Series-Ink-Cartridge-XL-Yellow.webp,"Genuine OEM C13T945440 Epson WF-C52xx / WF-C57xx Series XL Yellow Ink Cartridge delivering vibrant, archival-grade prints with wide color gamut."
C13T944240,C13T944240 Epson WF-C52xx/WF-C57xx Series L Cyan Ink Cartridge,Ink Cartridge,Epson,Cyan,220.0,10,,,0,,https://www.keplertechllc.com/product/c13t944240-wf-c52xx-wf-c57xx-series-ink-cartridge-l-cyan/,https://www.keplertechllc.com/wp-content/uploads/2023/04/WF-C5290-WF-C5790-Series-Ink-Cartridge-L-Cyan.webp,"Genuine OEM C13T944240 Epson WF-C52xx/WF-C57xx Series L Cyan Ink Cartridge delivering vibrant, archival-grade prints with wide color gamut."
C13T944340,C13T944340 Epson WF-C52xx/WF-C57xx Series L Magenta Ink Cartridge,Ink Cartridge,Epson,Magenta,220.0,10,,,0,,https://www.keplertechllc.com/product/c13t944340-epson-wf-c52xx-wf-c57xx-series-ink-cartridge-l-magenta/,https://www.keplertechllc.com/wp-content/uploads/2023/04/WF-C5290-WF-C5790-Series-Ink-Cartridge-L-Magenta-1.webp,"Genuine OEM C13T944340 Epson WF-C52xx/WF-C57xx Series L Magenta Ink Cartridge delivering vibrant, archival-grade prints with wide color gamut."
C13T944440,C13T944440 Epson WF-C52xx / WF-C57xx Series L Yellow Ink Cartridge,Ink Cartridge,Epson,Yellow,220.0,10,,,0,,https://www.keplertechllc.com/product/c13t944440-epson-wf-c52xx-wf-c57xx-series-ink-cartridge-l-yellow/,https://www.keplertechllc.com/wp-content/uploads/2023/04/WF-C5290-WF-C5790-Series-Ink-Cartridge-L-Yellow.webp,"Genuine OEM C13T944440 Epson WF-C52xx / WF-C57xx Series L Yellow Ink Cartridge delivering vibrant, archival-grade prints with wide color gamut."
C13T944140,C13T944140 Epson WF-C52xx/WF-C57xx Series L Black Ink Cartridge,Ink Cartridge,Epson,Black,220.0,10,,,0,,https://www.keplertechllc.com/product/c13t944140-epson-wf-c52xx-wf-c57xx-series-ink-cartridge-l-black/,https://www.keplertechllc.com/wp-content/uploads/2023/04/WF-C5290-WF-C5790-Series-Ink-Cartridge-L-Black.webp,"Genuine OEM C13T944140 Epson WF-C52xx/WF-C57xx Series L Black Ink Cartridge delivering vibrant, archival-grade prints with wide color gamut."
C13T671600,Epson Maintenance Box - C13T671600,Maintenance Box,Epson,,180.0,0,Out of Stock,,0,,https://www.keplertechllc.com/product/epson-maintenance-box-c13t671600/,https://www.keplertechllc.com/wp-content/uploads/2023/04/Maintenance-box-C13T671600.webp,Genuine OEM Epson Maintenance Box - C13T671600 designed for reliable printer maintenance and waste ink collection.
C13T01D100,C13T01D100 Epson WorkForce Pro WF-C529R/C579R Black XXL Ink,Ink Cartridge,Epson,Black,690.0,0,Out of Stock,,0,,https://www.keplertechllc.com/product/c13t01d100-epson-workforce-pro-wf-c529r-c579r-black-xxl-ink-supply-unit/,https://www.keplertechllc.com/wp-content/uploads/2023/04/WorkForce-Pro-WF-C529R-C579R-Black-XXL-Ink-Supply-Unit-C13T01D100.webp,"Genuine OEM C13T01D100 Epson WorkForce Pro WF-C529R/C579R Black XXL Ink delivering vibrant, archival-grade prints with wide color gamut."
C13T01D200,C13T01D200 Epson WorkForce Pro WF-C529R / C579R Cyan XXL Ink,Ink Cartridge,Epson,Cyan,450.0,10,,,0,,https://www.keplertechllc.com/product/c13t01d200-workforce-pro-wf-c529r-c579r-cyan-xxl-ink-supply-unit/,https://www.keplertechllc.com/wp-content/uploads/2023/04/WorkForce-Pro-WF-C529R-C579R-Cyan-XXL-Ink-Supply-Unit-C13T01D200.webp,"Genuine OEM C13T01D200 Epson WorkForce Pro WF-C529R / C579R Cyan XXL Ink delivering vibrant, archival-grade prints with wide color gamut."
C13T01D300,C13T01D300 Epson WorkForce Pro WF-C529R/C579R Magenta XXL Ink,Ink Cartridge,Epson,Magenta,450.0,0,Out of Stock,,0,,https://www.keplertechllc.com/product/c13t01d300-epson-workforce-pro-wf-c529r-c579r-magenta-xxl-ink/,https://www.keplertechllc.com/wp-content/uploads/2023/04/WorkForce-Pro-WF-C529R-C579R-Magenta-XXL-Ink-Supply-Unit-C13T01D300.webp,"Genuine OEM C13T01D300 Epson WorkForce Pro WF-C529R/C579R Magenta XXL Ink delivering vibrant, archival-grade prints with wide color gamut."
C13T01C200,C13T01C200 Epson WorkForce Pro WF-C529R/C579R Cyan XL Ink,Ink Cartridge,Epson,Cyan,220.0,0,Out of Stock,,0,,https://www.keplertechllc.com/product/c13t01c200-epson-workforce-pro-wf-c529r-c579r-cyan-xl-ink-supply-unit/,https://www.keplertechllc.com/wp-content/uploads/2023/04/WorkForce-Pro-WF-C529R-C579R-Cyan-XL-Ink-Supply-Unit-C13T01C200.webp,"Genuine OEM C13T01C200 Epson WorkForce Pro WF-C529R/C579R Cyan XL Ink delivering vibrant, archival-grade prints with wide color gamut."
C13T01D400,C13T01D400 Epson WorkForce Pro WF-C529R/C579R Yellow XXL Ink,Ink Cartridge,Epson,Yellow,450.0,10,,,0,,https://www.keplertechllc.com/product/c13t01d400-epson-wf-c529r-c579r-yellow-xxl-ink/,https://www.keplertechllc.com/wp-content/uploads/2023/04/WorkForce-Pro-WF-C529R-C579R-Yellow-XXL-Ink-Supply-Unit-C13T01D400.webp,"Genuine OEM C13T01D400 Epson WorkForce Pro WF-C529R/C579R Yellow XXL Ink delivering vibrant, archival-grade prints with wide color gamut."
C13T01C100,C13T01C100 Epson WorkForce Pro WF-C529R/C579R Black XL Ink,Ink Cartridge,Epson,Black,220.0,0,Out of Stock,,0,,https://www.keplertechllc.com/product/c13t01c100-epson-workforce-pro-wf-c529r-c579r-black-xl-ink/,https://www.keplertechllc.com/wp-content/uploads/2023/04/WorkForce-Pro-WF-C529R-C579R-Black-XL-Ink-Supply-Unit-C13T01C100.webp,"Genuine OEM C13T01C100 Epson WorkForce Pro WF-C529R/C579R Black XL Ink delivering vibrant, archival-grade prints with wide color gamut."
C13T01C300,C13T01C300 Epson WorkForce Pro WF-C529R/C579R Magenta XL Ink,Ink Cartridge,Epson,Magenta,220.0,10,,,0,,https://www.keplertechllc.com/product/c13t01c300-epson-workforce-pro-wf-c529r-c579r-magenta-xl/,https://www.keplertechllc.com/wp-content/uploads/2023/04/WorkForce-Pro-WF-C529R-C579R-Magenta-XL-Ink-Supply-Unit-C13T01C300.webp,"Genuine OEM C13T01C300 Epson WorkForce Pro WF-C529R/C579R Magenta XL Ink delivering vibrant, archival-grade prints with wide color gamut."
C13T01C400,C13T01C400 Epson WorkForce Pro WF-C529R/C579R Yellow XL Ink,Ink Cartridge,Epson,Yellow,220.0,0,Out of Stock,,0,,https://www.keplertechllc.com/product/c13t01c400-epson-workforce-pro-wf-c529r-c579r-yellow-xl-ink/,https://www.keplertechllc.com/wp-content/uploads/2023/04/WorkForce-Pro-WF-C529R-C579R-Yellow-XL-Ink-Supply-Unit-C13T01C400.webp,"Genuine OEM C13T01C400 Epson WorkForce Pro WF-C529R/C579R Yellow XL Ink delivering vibrant, archival-grade prints with wide color gamut."
C13T05A100,C13T05A100 Epson WorkForce Pro WF-C87xR Black XL Ink,Ink Cartridge,Epson,Black,220.0,0,Out of Stock,,2,Epson WorkForce Pro WF-C878R DWF (epson-wf-c878r-dwf); Epson WorkForce Pro WF-C879R DWF (epson-wf-c879r-dwf),https://www.keplertechllc.com/product/c13t05a100-epson-workforce-pro-wf-c87xr-black-xl-ink-supply-unit/,https://www.keplertechllc.com/wp-content/uploads/2023/04/WorkForce-Pro-WF-C87xR-Black-XL-Ink-Supply-Unit-C13T05A100.webp,"Genuine OEM C13T05A100 Epson WorkForce Pro WF-C87xR Black XL Ink delivering vibrant, archival-grade prints with wide color gamut."
C13T05A200,C13T05A200 Epson WorkForce Pro WF-C87xR Cyan XL Ink,Ink Cartridge,Epson,Cyan,220.0,0,Out of Stock,,2,Epson WorkForce Pro WF-C878R DWF (epson-wf-c878r-dwf); Epson WorkForce Pro WF-C879R DWF (epson-wf-c879r-dwf),https://www.keplertechllc.com/product/c13t05a200-epson-workforce-pro-wf-c87xr-cyan-xl-ink-supply-unit/,https://www.keplertechllc.com/wp-content/uploads/2023/04/WorkForce-Pro-WF-C87xR-Cyan-XL-Ink-Supply-Unit-C13T05A200.webp,"Genuine OEM C13T05A200 Epson WorkForce Pro WF-C87xR Cyan XL Ink delivering vibrant, archival-grade prints with wide color gamut."
C13T05A300,C13T05A300 Epson WorkForce Pro WF-C87xR Magenta XL Ink,Ink Cartridge,Epson,Magenta,220.0,0,Out of Stock,,2,Epson WorkForce Pro WF-C878R DWF (epson-wf-c878r-dwf); Epson WorkForce Pro WF-C879R DWF (epson-wf-c879r-dwf),https://www.keplertechllc.com/product/c13t05a300-epson-workforce-pro-wf-c87xr-magenta-xl-ink-supply-unit/,https://www.keplertechllc.com/wp-content/uploads/2023/04/WorkForce-Pro-WF-C87xR-Magenta-XL-Ink-Supply-Unit-C13T05A300.webp,"Genuine OEM C13T05A300 Epson WorkForce Pro WF-C87xR Magenta XL Ink delivering vibrant, archival-grade prints with wide color gamut."
C13T05A400,C13T05A400 Epson WorkForce Pro WF-C87xR Yellow XL Ink,Ink Cartridge,Epson,Yellow,695.0,0,Out of Stock,,2,Epson WorkForce Pro WF-C878R DWF (epson-wf-c878r-dwf); Epson WorkForce Pro WF-C879R DWF (epson-wf-c879r-dwf),https://www.keplertechllc.com/product/c13t05a400-epson-workforce-pro-wf-c87xr-yellow-xl-ink-supply-unit/,https://www.keplertechllc.com/wp-content/uploads/2023/04/WorkForce-Pro-WF-C87xR-Yellow-XL-Ink-Supply-Unit-C13T05A400.webp,"Genuine OEM C13T05A400 Epson WorkForce Pro WF-C87xR Yellow XL Ink delivering vibrant, archival-grade prints with wide color gamut."
C13T05B140,C13T05B140 Epson WorkForce Pro WF-C879R Black XXL Ink,Ink Cartridge,Epson,Black,450.0,0,Out of Stock,,1,Epson WorkForce Pro WF-C879R DWF (epson-wf-c879r-dwf),https://www.keplertechllc.com/product/c13t05b140-epson-workforce-pro-wf-c879r-black-xxl-ink-supply-unit/,https://www.keplertechllc.com/wp-content/uploads/2023/04/WorkForce-Pro-WF-C879R-Black-XXL-Ink-Supply-Unit-C13T05B140.webp,"Genuine OEM C13T05B140 Epson WorkForce Pro WF-C879R Black XXL Ink delivering vibrant, archival-grade prints with wide color gamut."
C13T05B240,C13T05B240 Epson WorkForce Pro WF-C879R Cyan XXL Ink,Ink Cartridge,Epson,Cyan,450.0,0,Out of Stock,,1,Epson WorkForce Pro WF-C879R DWF (epson-wf-c879r-dwf),https://www.keplertechllc.com/product/c13t05b240-epson-workforce-pro-wf-c879r-cyan-xxl-ink/,https://www.keplertechllc.com/wp-content/uploads/2023/04/WorkForce-Pro-WF-C879R-Cyan-XXL-Ink-Supply-Unit-C13T05B240.webp,"Genuine OEM C13T05B240 Epson WorkForce Pro WF-C879R Cyan XXL Ink delivering vibrant, archival-grade prints with wide color gamut."
C13T05B340,C13T05B340 Epson WorkForce Pro WF-C879R Magenta XXL Ink,Ink Cartridge,Epson,Magenta,450.0,0,Out of Stock,,1,Epson WorkForce Pro WF-C879R DWF (epson-wf-c879r-dwf),https://www.keplertechllc.com/product/c13t05b340-epson-workforce-pro-wf-c879r-magenta-xxl-ink-supply-unit/,https://www.keplertechllc.com/wp-content/uploads/2023/04/WorkForce-Pro-WF-C879R-Magenta-XXL-Ink-Supply-Unit-C13T05B340.webp,"Genuine OEM C13T05B340 Epson WorkForce Pro WF-C879R Magenta XXL Ink delivering vibrant, archival-grade prints with wide color gamut."
C13T05B440,C13T05B440 Epson WorkForce Pro WF-C879R Yellow XXL Ink,Ink Cartridge,Epson,Yellow,450.0,0,Out of Stock,,1,Epson WorkForce Pro WF-C879R DWF (epson-wf-c879r-dwf),https://www.keplertechllc.com/product/c13t05b440-epson-workforce-pro-wf-c879r-yellow-xxl-ink-supply-unit/,https://www.keplertechllc.com/wp-content/uploads/2023/04/WorkForce-Pro-WF-C879R-Yellow-XXL-Ink-Supply-Unit-C13T05B440.webp,"Genuine OEM C13T05B440 Epson WorkForce Pro WF-C879R Yellow XXL Ink delivering vibrant, archival-grade prints with wide color gamut."
C13T671400,Epson Maintenance box - C13T671400,Maintenance Box,Epson,,180.0,0,Out of Stock,,2,Epson WorkForce Pro WF-C878R DWF (epson-wf-c878r-dwf); Epson WorkForce Pro WF-C879R DWF (epson-wf-c879r-dwf),https://www.keplertechllc.com/product/epson-maintenance-box-c13t671400/,https://www.keplertechllc.com/wp-content/uploads/2023/04/Maintenance-box-C13T671400.webp,Genuine OEM Epson Maintenance box - C13T671400 designed for reliable printer maintenance and waste ink collection.
C13T966140,C13T966140 Epson WorkForce WF-M52xx/57xx Series XXL Black Ink,Ink Cartridge,Epson,Black,450.0,10,,,0,,https://www.keplertechllc.com/product/c13t966140-epson-workforce-wf-m52xx-57xx-series-ink-cartridge-xxl-black/,https://www.keplertechllc.com/wp-content/uploads/2023/04/WF-M52xx-M57xx-Series-Ink-Cartridge-XXL-Black-C13T966140.webp,"Genuine OEM C13T966140 Epson WorkForce WF-M52xx/57xx Series XXL Black Ink delivering vibrant, archival-grade prints with wide color gamut."
C13T965140,C13T965140 Epson WorkForce WF-M52xx/57xx Series XL Black Ink,Ink Cartridge,Epson,Black,220.0,10,,,0,,https://www.keplertechllc.com/product/c13t965140-epson-workforce-wf-m52xx-57xx-series-ink-cartridge-xl-black/,https://www.keplertechllc.com/wp-content/uploads/2023/04/WF-M52xx-M57xx-Series-Ink-Cartridge-XL-Black-C13T965140.webp,"Genuine OEM C13T965140 Epson WorkForce WF-M52xx/57xx Series XL Black Ink delivering vibrant, archival-grade prints with wide color gamut."
C13T964140,C13T964140 Epson WorkForce WF-M52xx/57xx Series L Black Ink Cartridge,Ink Cartridge,Epson,Black,220.0,10,,,0,,https://www.keplertechllc.com/product/c13t964140-epson-workforce-wf-l-black-ink-cartridge/,https://www.keplertechllc.com/wp-content/uploads/2023/04/WF-M52xx-M57xx-Series-Ink-Cartridge-L-Black-C13T964140.webp,"Genuine OEM C13T964140 Epson WorkForce WF-M52xx/57xx Series L Black Ink Cartridge delivering vibrant, archival-grade prints with wide color gamut."
C13T692100,C13T692100 Epson Singlepack Photo Black UltraChrome XD Ink,Ink Cartridge,Epson,Black,220.0,10,,,0,,https://www.keplertechllc.com/product/c13t692100-epson-singlepack-ultrachrome-xd-photo-black-110ml/,https://www.keplertechllc.com/wp-content/uploads/2023/04/Singlepack-UltraChrome-XD-Photo-Black-T692100-110ml.webp,"Genuine OEM C13T692100 Epson Singlepack Photo Black UltraChrome XD Ink delivering vibrant, archival-grade prints with wide color gamut."
C13T692200,C13T692200 Epson Singlepack Cyan UltraChrome XD Ink,Ink Cartridge,Epson,Cyan,220.0,10,,,0,,https://www.keplertechllc.com/product/c13t692200-epson-singlepack-ultrachrome-xd-cyan-110ml/,https://www.keplertechllc.com/wp-content/uploads/2023/04/Singlepack-UltraChrome-XD-CyanT692200110ml.webp,"Genuine OEM C13T692200 Epson Singlepack Cyan UltraChrome XD Ink delivering vibrant, archival-grade prints with wide color gamut."
C13T692400,C13T692400 Epson Singlepack Yellow UltraChrome XD Ink,Ink Cartridge,Epson,Yellow,220.0,10,,,0,,https://www.keplertechllc.com/product/c13t692400-epson-singlepack-ultrachrome-xd-yellow-110ml/,https://www.keplertechllc.com/wp-content/uploads/2023/04/Singlepack-UltraChrome-XD-YellowT692400110ml.webp,"Genuine OEM C13T692400 Epson Singlepack Yellow UltraChrome XD Ink delivering vibrant, archival-grade prints with wide color gamut."
C13T692300,C13T692300 Epson Singlepack Magenta UltraChrome XD Ink,Ink Cartridge,Epson,Magenta,220.0,10,,,0,,https://www.keplertechllc.com/product/c13t692300-epson-singlepack-ultrachrome-xd-magenta-110ml/,https://www.keplertechllc.com/wp-content/uploads/2023/04/Singlepack-UltraChrome-XD-MagentaT692300110ml.webp,"Genuine OEM C13T692300 Epson Singlepack Magenta UltraChrome XD Ink delivering vibrant, archival-grade prints with wide color gamut."
C13T692500,C13T692500 Epson Singlepack Matte Black UltraChrome XD Ink,Ink Cartridge,Epson,Black,220.0,10,,,0,,https://www.keplertechllc.com/product/c13t692500-epson-singlepack-ultrachrome-xd-matte-black-110ml/,https://www.keplertechllc.com/wp-content/uploads/2023/04/Singlepack-UltraChrome-XD-Matte-BlackT692500110ml.webp,"Genuine OEM C13T692500 Epson Singlepack Matte Black UltraChrome XD Ink delivering vibrant, archival-grade prints with wide color gamut."
C13T693100,C13T693100 Epson Singlepack Photo Black UltraChrome XD Ink,Ink Cartridge,Epson,Black,220.0,10,,,0,,https://www.keplertechllc.com/product/c13t693100-epson-singlepack-ultrachrome-xd-photo-black-350ml/,https://www.keplertechllc.com/wp-content/uploads/2023/04/Singlepack-UltraChrome-XD-Photo-BlackT693100350ml.webp,"Genuine OEM C13T693100 Epson Singlepack Photo Black UltraChrome XD Ink delivering vibrant, archival-grade prints with wide color gamut."
C13T693200,C13T693200 Epson Singlepack Cyan UltraChrome XD Ink(350ml),Ink Cartridge,Epson,Cyan,220.0,10,,,0,,https://www.keplertechllc.com/product/c13t693200-epson-singlepack-ultrachrome-xd-cyan-350ml/,https://www.keplertechllc.com/wp-content/uploads/2023/04/Singlepack-UltraChrome-XD-CyanT693200350ml.webp,"Genuine OEM C13T693200 Epson Singlepack Cyan UltraChrome XD Ink(350ml) delivering vibrant, archival-grade prints with wide color gamut."
C13T693300,C13T693300 Epson Singlepack Magenta UltraChrome XD Ink (350ml),Ink Cartridge,Epson,Magenta,220.0,10,,,0,,https://www.keplertechllc.com/product/c13t693300-epson-singlepack-ultrachrome-xd-magenta-350ml/,https://www.keplertechllc.com/wp-content/uploads/2023/04/Singlepack-UltraChrome-XD-MagentaT693300350ml.webp,"Genuine OEM C13T693300 Epson Singlepack Magenta UltraChrome XD Ink (350ml) delivering vibrant, archival-grade prints with wide color gamut."
C13T693500,C13T693500 Epson Singlepack Matte Black UltraChrome XD Ink (350ml),Ink Cartridge,Epson,Black,220.0,10,,,0,,https://www.keplertechllc.com/product/c13t693500-epson-singlepack-matte-black-350ml/,https://www.keplertechllc.com/wp-content/uploads/2023/04/Singlepack-UltraChrome-XD-Matte-BlackT693500350ml.webp,"Genuine OEM C13T693500 Epson Singlepack Matte Black UltraChrome XD Ink (350ml) delivering vibrant, archival-grade prints with wide color gamut."
C13T693400,C13T693400 Epson Singlepack Yellow UltraChrome XD Ink (350ml),Ink Cartridge,Epson,Yellow,220.0,10,,,0,,https://www.keplertechllc.com/product/c13t47a400-epson-singlepack-yellow-ultrachrome-pro-10-ink-50ml/,https://www.keplertechllc.com/wp-content/uploads/2023/04/Singlepack-Yellow-T47A4-UltraChrome-Pro-10-ink-50ml.webp,"Genuine OEM C13T693400 Epson Singlepack Yellow UltraChrome XD Ink (350ml) delivering vibrant, archival-grade prints with wide color gamut."
C13T694100,C13T694100 Epson Singlepack Photo Black UltraChrome XD Ink (700ml),Ink Cartridge,Epson,Black,450.0,10,,,0,,https://www.keplertechllc.com/product/c13t694100-epson-singlepack-ultrachrome-xd-yellow-350ml/,https://www.keplertechllc.com/wp-content/uploads/2023/04/Singlepack-UltraChrome-XD-YellowT693400350ml.webp,"Genuine OEM C13T694100 Epson Singlepack Photo Black UltraChrome XD Ink (700ml) delivering vibrant, archival-grade prints with wide color gamut."
C13T694200,C13T694200 Epson Singlepack Cyan UltraChrome XD Ink (700ml),Ink Cartridge,Epson,Cyan,450.0,10,,,0,,https://www.keplertechllc.com/product/c13t694200-epson-singlepack-ultrachrome-xd-cyan-700ml/,https://www.keplertechllc.com/wp-content/uploads/2023/04/Singlepack-UltraChrome-XD-CyanT694200700ml.webp,"Genuine OEM C13T694200 Epson Singlepack Cyan UltraChrome XD Ink (700ml) delivering vibrant, archival-grade prints with wide color gamut."
C13T694300,C13T694300 Epson Singlepack Magenta UltraChrome XD Ink (700ml),Ink Cartridge,Epson,Magenta,450.0,10,,,0,,https://www.keplertechllc.com/product/c13t694300-epson-singlepack-ultrachrome-xd-magenta-700ml/,https://www.keplertechllc.com/wp-content/uploads/2023/04/Singlepack-UltraChrome-XD-MagentaT694300700ml.webp,"Genuine OEM C13T694300 Epson Singlepack Magenta UltraChrome XD Ink (700ml) delivering vibrant, archival-grade prints with wide color gamut."
C13T694400,C13T694400 Epson Singlepack Yellow UltraChrome XD Ink (700ml),Ink Cartridge,Epson,Yellow,450.0,10,,,0,,https://www.keplertechllc.com/product/c13t694400-epson-singlepack-ultrachrome-xd-yellow-700ml/,https://www.keplertechllc.com/wp-content/uploads/2023/04/Singlepack-UltraChrome-XD-YellowT694400700ml.webp,"Genuine OEM C13T694400 Epson Singlepack Yellow UltraChrome XD Ink (700ml) delivering vibrant, archival-grade prints with wide color gamut."
C13T694500,C13T694500 Epson Singlepack Matte Black UltraChrome XD Ink (700ml),Ink Cartridge,Epson,Black,450.0,10,,,0,,https://www.keplertechllc.com/product/c13t694500-epson-singlepack-ultrachrome-xd-matte-black-700ml/,https://www.keplertechllc.com/wp-content/uploads/2023/04/Singlepack-UltraChrome-XD-Matte-BlackT694500700ml.webp,"Genuine OEM C13T694500 Epson Singlepack Matte Black UltraChrome XD Ink (700ml) delivering vibrant, archival-grade prints with wide color gamut."
C13T41F240,C13T41F240 Epson Singlepack Cyan UltraChrome XD2 Ink (350ml),Ink Cartridge,Epson,Cyan,220.0,10,,,2,Epson SureColor SC-T5405 (epson-sc-t5405); Epson SureColor SC-T5400M (epson-sc-t5400m),https://www.keplertechllc.com/product/c13t41f240-epson-singlepack-ultrachrome-xd2-cyan-350ml/,https://www.keplertechllc.com/wp-content/uploads/2023/04/Singlepack-UltraChrome-XD2-T41F240-Cyan-350ml.webp,"Genuine OEM C13T41F240 Epson Singlepack Cyan UltraChrome XD2 Ink (350ml) delivering vibrant, archival-grade prints with wide color gamut."
C13T41F340,C13T41F340 Epson Singlepack Magenta UltraChrome XD2 Ink (350ml),Ink Cartridge,Epson,Magenta,575.0,10,,,2,Epson SureColor SC-T5405 (epson-sc-t5405); Epson SureColor SC-T5400M (epson-sc-t5400m),https://www.keplertechllc.com/product/c13t41f340-epson-singlepack-ultrachrome-xd2-magenta-350ml/,https://www.keplertechllc.com/wp-content/uploads/2023/04/Singlepack-UltraChrome-XD2-T41F340-Magenta-350ml.webp,"Genuine OEM C13T41F340 Epson Singlepack Magenta UltraChrome XD2 Ink (350ml) delivering vibrant, archival-grade prints with wide color gamut."
C13T41F440,C13T41F440 Epson Singlepack Yellow UltraChrome XD2 Ink (350ml),Ink Cartridge,Epson,Yellow,220.0,10,,,2,Epson SureColor SC-T5405 (epson-sc-t5405); Epson SureColor SC-T5400M (epson-sc-t5400m),https://www.keplertechllc.com/product/c13t41f440-epson-singlepack-yellow-350ml-ink/,https://www.keplertechllc.com/wp-content/uploads/2023/04/Singlepack-UltraChrome-XD2-T41F440-Yellow-350ml.webp,"Genuine OEM C13T41F440 Epson Singlepack Yellow UltraChrome XD2 Ink (350ml) delivering vibrant, archival-grade prints with wide color gamut."
C13T41F540,C13T41F540 Epson Singlepack Black UltraChrome XD2 Ink (350ml),Ink Cartridge,Epson,Black,220.0,10,,,2,Epson SureColor SC-T5405 (epson-sc-t5405); Epson SureColor SC-T5400M (epson-sc-t5400m),https://www.keplertechllc.com/product/c13t41f540-epson-singlepack-black-ultrachrome-xd2-ink/,https://www.keplertechllc.com/wp-content/uploads/2023/04/Singlepack-UltraChrome-XD2-T41F540-Black-350ml.webp,"Genuine OEM C13T41F540 Epson Singlepack Black UltraChrome XD2 Ink (350ml) delivering vibrant, archival-grade prints with wide color gamut."
C13T41R240,C13T41R240 Epson Singlepack Cyan UltraChrome XD2 Ink (110ml),Ink Cartridge,Epson,Cyan,220.0,10,,,2,Epson SureColor SC-T5405 (epson-sc-t5405); Epson SureColor SC-T5400M (epson-sc-t5400m),https://www.keplertechllc.com/product/c13t41r240-epson-singlepack-ultrachrome-xd2-cyan-110ml/,https://www.keplertechllc.com/wp-content/uploads/2023/04/Singlepack-UltraChrome-XD2-T41R240-Cyan-110ml.webp,"Genuine OEM C13T41R240 Epson Singlepack Cyan UltraChrome XD2 Ink (110ml) delivering vibrant, archival-grade prints with wide color gamut."
C13T41R340,C13T41R340 Epson Magenta Singlepack UltraChrome XD2 Ink(110ml),Ink Cartridge,Epson,Magenta,220.0,10,,,2,Epson SureColor SC-T5405 (epson-sc-t5405); Epson SureColor SC-T5400M (epson-sc-t5400m),https://www.keplertechllc.com/product/c13t41r340-epson-singlepack-ultrachrome-xd2-magenta-110ml/,https://www.keplertechllc.com/wp-content/uploads/2023/04/Singlepack-UltraChrome-XD2-T41R340-Magenta-110ml.webp,"Genuine OEM C13T41R340 Epson Magenta Singlepack UltraChrome XD2 Ink(110ml) delivering vibrant, archival-grade prints with wide color gamut."
C13T41R440,C13T41R440 Epson Singlepack Yellow UltraChrome XD2 Ink (110ml),Ink Cartridge,Epson,Yellow,220.0,10,,,2,Epson SureColor SC-T5405 (epson-sc-t5405); Epson SureColor SC-T5400M (epson-sc-t5400m),https://www.keplertechllc.com/product/c13t41r440-epson-singlepack-ultrachrome-xd2-yellow-110ml/,https://www.keplertechllc.com/wp-content/uploads/2023/04/Singlepack-UltraChrome-XD2-T41R440-Yellow-110ml.webp,"Genuine OEM C13T41R440 Epson Singlepack Yellow UltraChrome XD2 Ink (110ml) delivering vibrant, archival-grade prints with wide color gamut."
C13T41R540,C13T41R540 Epson Singlepack Black UltraChrome XD2 Ink (110ml),Ink Cartridge,Epson,Black,220.0,10,,,2,Epson SureColor SC-T5405 (epson-sc-t5405); Epson SureColor SC-T5400M (epson-sc-t5400m),https://www.keplertechllc.com/product/c13t41r540-epson-singlepack-ultrachrome-xd2-black-110ml/,https://www.keplertechllc.com/wp-content/uploads/2023/04/Singlepack-UltraChrome-XD2-T41R540-Black-110ml.webp,"Genuine OEM C13T41R540 Epson Singlepack Black UltraChrome XD2 Ink (110ml) delivering vibrant, archival-grade prints with wide color gamut."
C13T41E240,C13T41E240 Epson Singlepack Cyan UltraChrome XD2 Ink (700ml),Ink Cartridge,Epson,Cyan,450.0,10,,,2,Epson SureColor SC-T5405 (epson-sc-t5405); Epson SureColor SC-T5400M (epson-sc-t5400m),https://www.keplertechllc.com/product/c13t41e240-epson-singlepack-ultrachrome-xd2-cyan-700ml/,https://www.keplertechllc.com/wp-content/uploads/2023/04/Singlepack-UltraChrome-XD2-Cyan-700ml-C13T41E240.webp,"Genuine OEM C13T41E240 Epson Singlepack Cyan UltraChrome XD2 Ink (700ml) delivering vibrant, archival-grade prints with wide color gamut."
C13T41E340,C13T41E340 Epson Singlepack Magenta UltraChrome XD2 Ink (700ml),Ink Cartridge,Epson,Magenta,450.0,10,,,2,Epson SureColor SC-T5405 (epson-sc-t5405); Epson SureColor SC-T5400M (epson-sc-t5400m),https://www.keplertechllc.com/product/c13t41e340-epson-singlepack-ultrachrome-xd2-magenta-700ml/,https://www.keplertechllc.com/wp-content/uploads/2023/04/Singlepack-UltraChrome-XD2-Magenta-700ml-C13T41E340.webp,"Genuine OEM C13T41E340 Epson Singlepack Magenta UltraChrome XD2 Ink (700ml) delivering vibrant, archival-grade prints with wide color gamut."
C13T41E540,C13T41E540 Epson Singlepack Matte Black UltraChrome XD2 Ink (700ml),Ink Cartridge,Epson,Black,450.0,10,,,2,Epson SureColor SC-T5405 (epson-sc-t5405); Epson SureColor SC-T5400M (epson-sc-t5400m),https://www.keplertechllc.com/product/c13t41e540-epson-singlepack-ultrachrome-xd2-matte-black-700ml/,https://www.keplertechllc.com/wp-content/uploads/2023/04/Singlepack-UltraChrome-XD2-Matte-Black-700ml-C13T41E540.webp,"Genuine OEM C13T41E540 Epson Singlepack Matte Black UltraChrome XD2 Ink (700ml) delivering vibrant, archival-grade prints with wide color gamut."
C13T41E440,C13T41E440 Epson Singlepack Yellow UltraChrome XD2 Ink (700ml),Ink Cartridge,Epson,Yellow,450.0,10,,,2,Epson SureColor SC-T5405 (epson-sc-t5405); Epson SureColor SC-T5400M (epson-sc-t5400m),https://www.keplertechllc.com/product/c13t41e440-epson-singlepack-ultrachrome-xd2-yellow-700ml/,https://www.keplertechllc.com/wp-content/uploads/2023/04/Singlepack-UltraChrome-XD2-Yellow-700ml-C13T41E440.webp,"Genuine OEM C13T41E440 Epson Singlepack Yellow UltraChrome XD2 Ink (700ml) delivering vibrant, archival-grade prints with wide color gamut."
SP91203,"SP91203 Epson Somerset Velvet 24""x50' 255GSM",Accessory,Epson,,150.0,10,,,0,,https://www.keplertechllc.com/product/sp91204-epson-somerset-velvet-44x50/,https://www.keplertechllc.com/wp-content/uploads/2023/05/Epson-Somerset-Velvet.webp,"Authentic SP91203 Epson Somerset Velvet 24""x50' 255GSM for professional printing equipment."
SP91204,"SP91204 Epson Somerset Velvet 44""x50'",Accessory,Epson,,150.0,0,Out of Stock,,0,,https://www.keplertechllc.com/product/sp91204-epson-somerset-velvet-44x50/,https://www.keplertechllc.com/wp-content/uploads/2023/05/Epson-Somerset-Velvet.webp,"Authentic SP91204 Epson Somerset Velvet 44""x50' for professional printing equipment."
CITIZEN PEN,Citizen Thermal Head Cleaning Pen,Accessory,Citizen,,190.0,0,Out of Stock,,4,Citizen CZ-01 (citizen-cz-01); Citizen CX-02 (citizen-cx-02); Citizen CY-02 (citizen-cy-02); Citizen CX-02W (citizen-cx-02w),https://www.keplertechllc.com/product/citizen-thermal-head-cleaning-pen/,https://www.keplertechllc.com/wp-content/uploads/2023/05/Citizen-Head-Cleaning-Pen.webp,"Professional Citizen Thermal Head Cleaning Pen renowned for compact design, high speed, and lab-quality photo output."
IFA 69,Innova IFA 69 Exhibition Photo Baryta 310gsm,Accessory,Epson,,150.0,10,,,0,,https://www.keplertechllc.com/product/innova-exhibition-photo-baryta-310-gsm-ifa-69/,https://www.keplertechllc.com/wp-content/uploads/2023/06/Innova-Exhibition-Photo-Baryta-310-GSM-IFA-69.webp,Authentic Innova IFA 69 Exhibition Photo Baryta 310gsm for professional printing equipment.
IFA-69-A4-25,Innova IFA 69 Exhibition Photo Baryta 310gsm - A4 - 25 Sheets,Accessory,Epson,,150.0,10,,,0,,https://www.keplertechllc.com/product/innova-exhibition-photo-baryta-310-gsm-ifa-69/,https://www.keplertechllc.com/wp-content/uploads/2023/06/Innova-Exhibition-Photo-Baryta-310-GSM-IFA-69.webp,Authentic Innova IFA 69 Exhibition Photo Baryta 310gsm - A4 - 25 Sheets for professional printing equipment.
IFA-69-A3P-25,Innova IFA 69 Exhibition Photo Baryta 310gsm - A3+ - 25 Sheets,Accessory,Epson,,150.0,10,,,0,,https://www.keplertechllc.com/product/innova-exhibition-photo-baryta-310-gsm-ifa-69/,https://www.keplertechllc.com/wp-content/uploads/2023/06/Innova-Exhibition-Photo-Baryta-310-GSM-IFA-69.webp,Authentic Innova IFA 69 Exhibition Photo Baryta 310gsm - A3+ - 25 Sheets for professional printing equipment.
IFA-69-610X15,"Innova IFA 69 Exhibition Photo Baryta 310gsm - 24""X15 M",Accessory,Epson,,150.0,10,,,0,,https://www.keplertechllc.com/product/innova-exhibition-photo-baryta-310-gsm-ifa-69/,https://www.keplertechllc.com/wp-content/uploads/2023/06/Innova-Exhibition-Photo-Baryta-310-GSM-IFA-69.webp,"Authentic Innova IFA 69 Exhibition Photo Baryta 310gsm - 24""X15 M for professional printing equipment."
IFA-69-1118X15,"Innova IFA 69 Exhibition Photo Baryta 310gsm - 44""X15 M",Accessory,Epson,,150.0,10,,,0,,https://www.keplertechllc.com/product/innova-exhibition-photo-baryta-310-gsm-ifa-69/,https://www.keplertechllc.com/wp-content/uploads/2023/06/Innova-Exhibition-Photo-Baryta-310-GSM-IFA-69.webp,"Authentic Innova IFA 69 Exhibition Photo Baryta 310gsm - 44""X15 M for professional printing equipment."
IFA 12,Innova IFA 12 Soft Textured Natural White 315gsm,Accessory,Epson,,150.0,10,,,0,,https://www.keplertechllc.com/product/innova-soft-textured-natural-white-315gsm-ifa-12/,https://www.keplertechllc.com/wp-content/uploads/2023/06/Innova-Soft-Textured-Natural-White-315gsm-IFA-12.webp,Authentic Innova IFA 12 Soft Textured Natural White 315gsm for professional printing equipment.
IFA-12-A4-50,Innova IFA 12 Soft Textured Natural White 315gsm - A4 - 50 Sheets,Accessory,Epson,,150.0,10,,,0,,https://www.keplertechllc.com/product/innova-soft-textured-natural-white-315gsm-ifa-12/,https://www.keplertechllc.com/wp-content/uploads/2023/06/Innova-Soft-Textured-Natural-White-315gsm-IFA-12.webp,Authentic Innova IFA 12 Soft Textured Natural White 315gsm - A4 - 50 Sheets for professional printing equipment.
IFA-12-A3P-50,Innova IFA 12 Soft Textured Natural White 315gsm - A3+ - 50 Sheets,Accessory,Epson,,150.0,10,,,0,,https://www.keplertechllc.com/product/innova-soft-textured-natural-white-315gsm-ifa-12/,https://www.keplertechllc.com/wp-content/uploads/2023/06/Innova-Soft-Textured-Natural-White-315gsm-IFA-12.webp,Authentic Innova IFA 12 Soft Textured Natural White 315gsm - A3+ - 50 Sheets for professional printing equipment.
IFA-12-610X15,"Innova IFA 12 Soft Textured Natural White 315gsm - 24""X15 M",Accessory,Epson,,150.0,10,,,0,,https://www.keplertechllc.com/product/innova-soft-textured-natural-white-315gsm-ifa-12/,https://www.keplertechllc.com/wp-content/uploads/2023/06/Innova-Soft-Textured-Natural-White-315gsm-IFA-12.webp,"Authentic Innova IFA 12 Soft Textured Natural White 315gsm - 24""X15 M for professional printing equipment."
IFA-12-1118X15,"Innova IFA 12 Soft Textured Natural White 315gsm - 44""X15 M",Accessory,Epson,,150.0,10,,,0,,https://www.keplertechllc.com/product/innova-soft-textured-natural-white-315gsm-ifa-12/,https://www.keplertechllc.com/wp-content/uploads/2023/06/Innova-Soft-Textured-Natural-White-315gsm-IFA-12.webp,"Authentic Innova IFA 12 Soft Textured Natural White 315gsm - 44""X15 M for professional printing equipment."
IFA 13,Innova IFA 13 Cold Press Rough Textured Natural White 315gsm,Accessory,Epson,,150.0,10,,,0,,https://www.keplertechllc.com/product/innova-cold-press-rough-textured-natural-white-315gsm-ifa-13/,https://www.keplertechllc.com/wp-content/uploads/2023/06/Innova-Cold-Press-Rough-Textured-Natural-White-315gsm-IFA-13.webp,Authentic Innova IFA 13 Cold Press Rough Textured Natural White 315gsm for professional printing equipment.
IFA-13-A4-50,Innova IFA 13 Cold Press Rough Textured Natural White 315gsm - A4 - 50 Sheets,Accessory,Epson,,150.0,10,,,0,,https://www.keplertechllc.com/product/innova-cold-press-rough-textured-natural-white-315gsm-ifa-13/,https://www.keplertechllc.com/wp-content/uploads/2023/06/Innova-Cold-Press-Rough-Textured-Natural-White-315gsm-IFA-13.webp,Authentic Innova IFA 13 Cold Press Rough Textured Natural White 315gsm - A4 - 50 Sheets for professional printing equipment.
IFA-13-A3P-50,Innova IFA 13 Cold Press Rough Textured Natural White 315gsm - A3+ - 50 Sheets,Accessory,Epson,,150.0,10,,,0,,https://www.keplertechllc.com/product/innova-cold-press-rough-textured-natural-white-315gsm-ifa-13/,https://www.keplertechllc.com/wp-content/uploads/2023/06/Innova-Cold-Press-Rough-Textured-Natural-White-315gsm-IFA-13.webp,Authentic Innova IFA 13 Cold Press Rough Textured Natural White 315gsm - A3+ - 50 Sheets for professional printing equipment.
IFA-13-1118X15,"Innova IFA 13 Cold Press Rough Textured Natural White 315gsm - 44""X15 M",Accessory,Epson,,150.0,10,,,0,,https://www.keplertechllc.com/product/innova-cold-press-rough-textured-natural-white-315gsm-ifa-13/,https://www.keplertechllc.com/wp-content/uploads/2023/06/Innova-Cold-Press-Rough-Textured-Natural-White-315gsm-IFA-13.webp,"Authentic Innova IFA 13 Cold Press Rough Textured Natural White 315gsm - 44""X15 M for professional printing equipment."
IFA-13-610X15,"Innova IFA 13 Cold Press Rough Textured Natural White 315gsm - 24""X15 M",Accessory,Epson,,150.0,10,,,0,,https://www.keplertechllc.com/product/innova-cold-press-rough-textured-natural-white-315gsm-ifa-13/,https://www.keplertechllc.com/wp-content/uploads/2023/06/Innova-Cold-Press-Rough-Textured-Natural-White-315gsm-IFA-13.webp,"Authentic Innova IFA 13 Cold Press Rough Textured Natural White 315gsm - 24""X15 M for professional printing equipment."
IFA 23,Innova IFA 23 Décor Watercolour Art 245gsm,Accessory,Epson,,150.0,10,,,0,,https://www.keplertechllc.com/product/innova-decor-watercolour-art-245gsm-ifa-23/,https://www.keplertechllc.com/wp-content/uploads/2023/06/Innova-Decor-Watercolour-Art-245gsm-IFA-23.webp,Authentic Innova IFA 23 Décor Watercolour Art 245gsm for professional printing equipment.
IFA-23-1118X30,"Innova IFA 23 Décor Watercolour Art 245gsm - 44""X30 M",Accessory,Epson,,150.0,10,,,0,,https://www.keplertechllc.com/product/innova-decor-watercolour-art-245gsm-ifa-23/,https://www.keplertechllc.com/wp-content/uploads/2023/06/Innova-Decor-Watercolour-Art-245gsm-IFA-23.webp,"Authentic Innova IFA 23 Décor Watercolour Art 245gsm - 44""X30 M for professional printing equipment."
IFA-23-610X30,"Innova IFA 23 Décor Watercolour Art 245gsm - 24""X30 M",Accessory,Epson,,150.0,10,,,0,,https://www.keplertechllc.com/product/innova-decor-watercolour-art-245gsm-ifa-23/,https://www.keplertechllc.com/wp-content/uploads/2023/06/Innova-Decor-Watercolour-Art-245gsm-IFA-23.webp,"Authentic Innova IFA 23 Décor Watercolour Art 245gsm - 24""X30 M for professional printing equipment."
IFA 24,Innova IFA 24 Décor Smooth Art 210gsm,Accessory,Epson,,150.0,10,,,0,,https://www.keplertechllc.com/product/innova-decor-smooth-art-ifa-24/,https://www.keplertechllc.com/wp-content/uploads/2023/06/Innova-Decor-Smooth-Art-IFA-24.webp,Authentic Innova IFA 24 Décor Smooth Art 210gsm for professional printing equipment.
IFA 25,Innova IFA 25 Décor Smooth Art DS 220gsm,Accessory,Epson,,150.0,10,,,0,,https://www.keplertechllc.com/product/innova-decor-smooth-art-ds-ifa-25/,https://www.keplertechllc.com/wp-content/uploads/2023/06/Innova-Decor-Smooth-Art-DS-IFA-25.webp,Authentic Innova IFA 25 Décor Smooth Art DS 220gsm for professional printing equipment.
IFA-24-A4-50,Innova IFA 24 Décor Smooth Art 210gsm - A4 - 50 Sheets,Accessory,Epson,,150.0,10,,,0,,https://www.keplertechllc.com/product/innova-decor-smooth-art-ds-ifa-25/,https://www.keplertechllc.com/wp-content/uploads/2023/06/Innova-Decor-Smooth-Art-DS-IFA-25.webp,Authentic Innova IFA 24 Décor Smooth Art 210gsm - A4 - 50 Sheets for professional printing equipment.
IFA-24-A3P-50,Innova IFA 24 Décor Smooth Art 210gsm - A3+ - 50 Sheets,Accessory,Epson,,150.0,10,,,0,,https://www.keplertechllc.com/product/innova-decor-smooth-art-ds-ifa-25/,https://www.keplertechllc.com/wp-content/uploads/2023/06/Innova-Decor-Smooth-Art-DS-IFA-25.webp,Authentic Innova IFA 24 Décor Smooth Art 210gsm - A3+ - 50 Sheets for professional printing equipment.
IFA-24-610X30,"Innova IFA 24 Décor Smooth Art 210gsm - 24""X30 M",Accessory,Epson,,150.0,10,,,0,,https://www.keplertechllc.com/product/innova-decor-smooth-art-ifa-24/,https://www.keplertechllc.com/wp-content/uploads/2023/06/Innova-Decor-Smooth-Art-IFA-24.webp,"Authentic Innova IFA 24 Décor Smooth Art 210gsm - 24""X30 M for professional printing equipment."
IFA-24-1118X30,"Innova IFA 24 Décor Smooth Art 210gsm - 44""X30 M",Accessory,Epson,,150.0,10,,,0,,https://www.keplertechllc.com/product/innova-decor-smooth-art-ds-ifa-25/,https://www.keplertechllc.com/wp-content/uploads/2023/06/Innova-Decor-Smooth-Art-DS-IFA-25.webp,"Authentic Innova IFA 24 Décor Smooth Art 210gsm - 44""X30 M for professional printing equipment."
OLM 62,OLM 62 Olmec Photo Gloss Lightweight 190gsm,Accessory,Epson,,150.0,0,Out of Stock,,0,,https://www.keplertechllc.com/product/olm-62-olmec-photo-gloss-lightweight-190gsm/,https://www.keplertechllc.com/wp-content/uploads/2023/06/OLM-62-Olmec-Photo-Gloss-Lightweight-190gsm.webp,Authentic OLM 62 Olmec Photo Gloss Lightweight 190gsm for professional printing equipment.
OLM62R24,"OLM 62 Olmec Photo Gloss Lightweight 190gsm - 24""X30 M",Accessory,Epson,,150.0,10,,,0,,https://www.keplertechllc.com/product/olm-62-olmec-photo-gloss-lightweight-190gsm/,https://www.keplertechllc.com/wp-content/uploads/2023/06/OLM-62-Olmec-Photo-Gloss-Lightweight-190gsm.webp,"Authentic OLM 62 Olmec Photo Gloss Lightweight 190gsm - 24""X30 M for professional printing equipment."
OLM62R44,"OLM 62 Olmec Photo Gloss Lightweight 190gsm - 44""X30 M",Accessory,Epson,,150.0,10,,,0,,https://www.keplertechllc.com/product/olm-62-olmec-photo-gloss-lightweight-190gsm/,https://www.keplertechllc.com/wp-content/uploads/2023/06/OLM-62-Olmec-Photo-Gloss-Lightweight-190gsm.webp,"Authentic OLM 62 Olmec Photo Gloss Lightweight 190gsm - 44""X30 M for professional printing equipment."
OLM 68,OLM 68 Olmec Photo Lustre Lightweight 190gsm,Accessory,Epson,,150.0,0,Out of Stock,,0,,https://www.keplertechllc.com/product/olm-68-olmec-photo-lustre-lightweight-190gsm/,https://www.keplertechllc.com/wp-content/uploads/2023/06/OLM-68-Olmec-Photo-Lustre-Lightweight-190gsm.webp,Authentic OLM 68 Olmec Photo Lustre Lightweight 190gsm for professional printing equipment.
OLM68R24,"OLM 68 Olmec Photo Lustre Lightweight 190gsm - 24""X30 M",Accessory,Epson,,150.0,10,,,0,,https://www.keplertechllc.com/product/olm-68-olmec-photo-lustre-lightweight-190gsm/,https://www.keplertechllc.com/wp-content/uploads/2023/06/OLM-68-Olmec-Photo-Lustre-Lightweight-190gsm.webp,"Authentic OLM 68 Olmec Photo Lustre Lightweight 190gsm - 24""X30 M for professional printing equipment."
OLM68R44,"OLM 68 Olmec Photo Lustre Lightweight 190gsm - 44""X30 M",Accessory,Epson,,150.0,10,,,0,,https://www.keplertechllc.com/product/olm-68-olmec-photo-lustre-lightweight-190gsm/,https://www.keplertechllc.com/wp-content/uploads/2023/06/OLM-68-Olmec-Photo-Lustre-Lightweight-190gsm.webp,"Authentic OLM 68 Olmec Photo Lustre Lightweight 190gsm - 44""X30 M for professional printing equipment."
OLM 59,OLM 59 Olmec Photo Lustre Heavyweight 260gsm,Accessory,Epson,,150.0,0,Out of Stock,,0,,https://www.keplertechllc.com/product/olm-59-olmec-photo-lustre-heavyweight-260gsm/,https://www.keplertechllc.com/wp-content/uploads/2023/06/OLM-59-Olmec-Photo-Lustre-Heavyweight-260gsm.webp,Authentic OLM 59 Olmec Photo Lustre Heavyweight 260gsm for professional printing equipment.
OLM59R24,"OLM 59 Olmec Photo Lustre Heavyweight 260gsm - 24""X30 M",Accessory,Epson,,150.0,10,,,0,,https://www.keplertechllc.com/product/olm-59-olmec-photo-lustre-heavyweight-260gsm/,https://www.keplertechllc.com/wp-content/uploads/2023/06/OLM-59-Olmec-Photo-Lustre-Heavyweight-260gsm.webp,"Authentic OLM 59 Olmec Photo Lustre Heavyweight 260gsm - 24""X30 M for professional printing equipment."
OLM59R44,"OLM 59 Olmec Photo Lustre Heavyweight 260gsm - 44""X30 M",Accessory,Epson,,150.0,10,,,0,,https://www.keplertechllc.com/product/olm-59-olmec-photo-lustre-heavyweight-260gsm/,https://www.keplertechllc.com/wp-content/uploads/2023/06/OLM-59-Olmec-Photo-Lustre-Heavyweight-260gsm.webp,"Authentic OLM 59 Olmec Photo Lustre Heavyweight 260gsm - 44""X30 M for professional printing equipment."
OLM 60,OLM 60 Olmec Photo Gloss Heavyweight 260gsm,Accessory,Epson,,150.0,0,Out of Stock,,0,,https://www.keplertechllc.com/product/olm-60-olmec-photo-gloss-heavyweight-260gsm/,https://www.keplertechllc.com/wp-content/uploads/2023/06/OLM-60-Olmec-Photo-Gloss-Heavyweight-260gsm.webp,Authentic OLM 60 Olmec Photo Gloss Heavyweight 260gsm for professional printing equipment.
OLM60R24,"OLM 60 Olmec Photo Gloss Heavyweight 260gsm - 24""X30 M",Accessory,Epson,,150.0,10,,,0,,https://www.keplertechllc.com/product/olm-60-olmec-photo-gloss-heavyweight-260gsm/,https://www.keplertechllc.com/wp-content/uploads/2023/06/OLM-60-Olmec-Photo-Gloss-Heavyweight-260gsm.webp,"Authentic OLM 60 Olmec Photo Gloss Heavyweight 260gsm - 24""X30 M for professional printing equipment."
OLM60R44,"OLM 60 Olmec Photo Gloss Heavyweight 260gsm - 44""X30 M",Accessory,Epson,,150.0,10,,,0,,https://www.keplertechllc.com/product/olm-60-olmec-photo-gloss-heavyweight-260gsm/,https://www.keplertechllc.com/wp-content/uploads/2023/06/OLM-60-Olmec-Photo-Gloss-Heavyweight-260gsm.webp,"Authentic OLM 60 Olmec Photo Gloss Heavyweight 260gsm - 44""X30 M for professional printing equipment."
OLM 61,OLM 61 Olmec Photo Satin Heavyweight 260gsm,Accessory,Epson,,150.0,0,Out of Stock,,0,,https://www.keplertechllc.com/product/olm-61-olmec-photo-satin-heavyweight-260gsm/,https://www.keplertechllc.com/wp-content/uploads/2023/06/OLM-61-Olmec-Photo-Satin-Heavyweight-260gsm.webp,Authentic OLM 61 Olmec Photo Satin Heavyweight 260gsm for professional printing equipment.
OLM61R24,"OLM 61 Olmec Photo Satin Heavyweight 260gsm - 24""X30 M",Accessory,Epson,,150.0,10,,,0,,https://www.keplertechllc.com/product/olm-61-olmec-photo-satin-heavyweight-260gsm/,https://www.keplertechllc.com/wp-content/uploads/2023/06/OLM-61-Olmec-Photo-Satin-Heavyweight-260gsm.webp,"Authentic OLM 61 Olmec Photo Satin Heavyweight 260gsm - 24""X30 M for professional printing equipment."
OLM61R44,"OLM 61 Olmec Photo Satin Heavyweight 260gsm - 44""X30 M",Accessory,Epson,,150.0,10,,,0,,https://www.keplertechllc.com/product/olm-61-olmec-photo-satin-heavyweight-260gsm/,https://www.keplertechllc.com/wp-content/uploads/2023/06/OLM-61-Olmec-Photo-Satin-Heavyweight-260gsm.webp,"Authentic OLM 61 Olmec Photo Satin Heavyweight 260gsm - 44""X30 M for professional printing equipment."
OLM 65,OLM 65 Olmec Photo Gloss Double Sided 250gsm,Accessory,Epson,,150.0,0,Out of Stock,,0,,https://www.keplertechllc.com/product/olm-65-olmec-photo-gloss-double-sided-250gsm/,https://www.keplertechllc.com/wp-content/uploads/2023/06/OLM-65-Olmec-Photo-Gloss-Double-Sided-250gsm.webp,Authentic OLM 65 Olmec Photo Gloss Double Sided 250gsm for professional printing equipment.
OLM65A4,OLM 65 Olmec Photo Gloss Double Sided 250gsm - A4 - 50 Sheets,Accessory,Epson,,150.0,10,,,0,,https://www.keplertechllc.com/product/olm-65-olmec-photo-gloss-double-sided-250gsm/,https://www.keplertechllc.com/wp-content/uploads/2023/06/OLM-65-Olmec-Photo-Gloss-Double-Sided-250gsm.webp,Authentic OLM 65 Olmec Photo Gloss Double Sided 250gsm - A4 - 50 Sheets for professional printing equipment.
OLM65A3,OLM 65 Olmec Photo Gloss Double Sided 250gsm - A3 - 50 Sheets,Accessory,Epson,,150.0,10,,,0,,https://www.keplertechllc.com/product/olm-65-olmec-photo-gloss-double-sided-250gsm/,https://www.keplertechllc.com/wp-content/uploads/2023/06/OLM-65-Olmec-Photo-Gloss-Double-Sided-250gsm.webp,Authentic OLM 65 Olmec Photo Gloss Double Sided 250gsm - A3 - 50 Sheets for professional printing equipment.
OLM 67,OLM 67 Olmec Photo Matte Archival 230gsm,Accessory,Epson,,150.0,0,Out of Stock,,0,,https://www.keplertechllc.com/product/olm-67-olmec-photo-matte-archival-230gsm/,https://www.keplertechllc.com/wp-content/uploads/2023/06/OLM-67-Olmec-Photo-Matte-Archival-230gsm.webp,Authentic OLM 67 Olmec Photo Matte Archival 230gsm for professional printing equipment.
OLM67R24,"OLM 67 Olmec Photo Matte Archival 230gsm - 24""X30 M",Accessory,Epson,,150.0,10,,,0,,https://www.keplertechllc.com/product/olm-67-olmec-photo-matte-archival-230gsm/,https://www.keplertechllc.com/wp-content/uploads/2023/06/OLM-67-Olmec-Photo-Matte-Archival-230gsm.webp,"Authentic OLM 67 Olmec Photo Matte Archival 230gsm - 24""X30 M for professional printing equipment."
OLM67R44,"OLM 67 Olmec Photo Matte Archival 230gsm - 44""X30 M",Accessory,Epson,,150.0,10,,,0,,https://www.keplertechllc.com/product/olm-67-olmec-photo-matte-archival-230gsm/,https://www.keplertechllc.com/wp-content/uploads/2023/06/OLM-67-Olmec-Photo-Matte-Archival-230gsm.webp,"Authentic OLM 67 Olmec Photo Matte Archival 230gsm - 44""X30 M for professional printing equipment."
OLM 70,OLM 70 Olmec Photo Pearl Premium 310gsm,Accessory,Epson,,150.0,0,Out of Stock,,0,,https://www.keplertechllc.com/product/olm-70-olmec-photo-pearl-premium-310gsm/,https://www.keplertechllc.com/wp-content/uploads/2023/06/OLM-70-Olmec-Photo-Pearl-Premium-310gsm.webp,Authentic OLM 70 Olmec Photo Pearl Premium 310gsm for professional printing equipment.
OLM70R24,OLM 70 Olmec Photo Pearl Premium 310gsm - 24''X25 M,Accessory,Epson,,150.0,10,,,0,,https://www.keplertechllc.com/product/olm-70-olmec-photo-pearl-premium-310gsm/,https://www.keplertechllc.com/wp-content/uploads/2023/06/OLM-70-Olmec-Photo-Pearl-Premium-310gsm.webp,Authentic OLM 70 Olmec Photo Pearl Premium 310gsm - 24''X25 M for professional printing equipment.
OLM70R44,OLM 70 Olmec Photo Pearl Premium 310gsm - 44''X25 M,Accessory,Epson,,150.0,10,,,0,,https://www.keplertechllc.com/product/olm-70-olmec-photo-pearl-premium-310gsm/,https://www.keplertechllc.com/wp-content/uploads/2023/06/OLM-70-Olmec-Photo-Pearl-Premium-310gsm.webp,Authentic OLM 70 Olmec Photo Pearl Premium 310gsm - 44''X25 M for professional printing equipment.
OLM 71,OLM 71 Olmec Photo Metallic Gloss 260gsm,Accessory,Epson,,150.0,0,Out of Stock,,0,,https://www.keplertechllc.com/product/olm-71-olmec-photo-metallic-gloss-260gsm/,https://www.keplertechllc.com/wp-content/uploads/2023/06/OLM-71-Olmec-Photo-Metallic-Gloss-260gsm.webp,Authentic OLM 71 Olmec Photo Metallic Gloss 260gsm for professional printing equipment.
OLM71R24,"OLM 71 Olmec Photo Metallic Gloss 260gsm - 24""X15 M",Accessory,Epson,,150.0,10,,,0,,https://www.keplertechllc.com/product/olm-71-olmec-photo-metallic-gloss-260gsm/,https://www.keplertechllc.com/wp-content/uploads/2023/06/OLM-71-Olmec-Photo-Metallic-Gloss-260gsm.webp,"Authentic OLM 71 Olmec Photo Metallic Gloss 260gsm - 24""X15 M for professional printing equipment."
OLM71R44,"OLM 71 Olmec Photo Metallic Gloss 260gsm - 44""X15 M",Accessory,Epson,,150.0,10,,,0,,https://www.keplertechllc.com/product/olm-71-olmec-photo-metallic-gloss-260gsm/,https://www.keplertechllc.com/wp-content/uploads/2023/06/OLM-71-Olmec-Photo-Metallic-Gloss-260gsm.webp,"Authentic OLM 71 Olmec Photo Metallic Gloss 260gsm - 44""X15 M for professional printing equipment."
OLM 72,OLM 72 Olmec Photo Metallic Luster 260gsm,Accessory,Epson,,150.0,10,,,0,,https://www.keplertechllc.com/product/olm-72-olmec-photo-metallic-lustre-260gsm/,https://www.keplertechllc.com/wp-content/uploads/2023/06/OLM-72-Olmec-Photo-Metallic-Lustre-260gsm.webp,Authentic OLM 72 Olmec Photo Metallic Luster 260gsm for professional printing equipment.
OLM72R24,"OLM 72 Olmec Photo Metallic Luster 260gsm - 24""X30 M",Accessory,Epson,,150.0,10,,,0,,https://www.keplertechllc.com/product/olm-72-olmec-photo-metallic-lustre-260gsm/,https://www.keplertechllc.com/wp-content/uploads/2023/06/OLM-72-Olmec-Photo-Metallic-Lustre-260gsm.webp,"Authentic OLM 72 Olmec Photo Metallic Luster 260gsm - 24""X30 M for professional printing equipment."
OLM72R44,"OLM 72 Olmec Photo Metallic Luster 260gsm - 44""X30 M",Accessory,Epson,,150.0,10,,,0,,https://www.keplertechllc.com/product/olm-72-olmec-photo-metallic-lustre-260gsm/,https://www.keplertechllc.com/wp-content/uploads/2023/06/OLM-72-Olmec-Photo-Metallic-Lustre-260gsm.webp,"Authentic OLM 72 Olmec Photo Metallic Luster 260gsm - 44""X30 M for professional printing equipment."
C13T08H300,C13T08H300 Epson WorkForce Enterprise AM-C4000 Magenta Ink,Ink Cartridge,Epson,Magenta,220.0,0,Out of Stock,"Up to 31,500 pages Black / 28,000 pages Colour (High-Yield Industrial Ink Packs)",1,Epson WorkForce Enterprise AM-C4000 (epson-am-c4000),https://www.keplertechllc.com/product/c13t08h300-epson-workforce-enterprise-am-c4000-magenta-ink/,https://www.keplertechllc.com/wp-content/uploads/2023/06/C13T08H300-Epson-WorkForce-Enterprise-AM-C4000-Magenta-Ink.webp,"Genuine OEM C13T08H300 Epson WorkForce Enterprise AM-C4000 Magenta Ink delivering vibrant, archival-grade prints with wide color gamut."
C13T08H100,C13T08H100 Epson WorkForce Enterprise AM-C4000 Black Ink,Ink Cartridge,Epson,Black,220.0,0,Out of Stock,"Up to 31,500 pages Black / 28,000 pages Colour (High-Yield Industrial Ink Packs)",1,Epson WorkForce Enterprise AM-C4000 (epson-am-c4000),https://www.keplertechllc.com/product/c13t08h100-epson-workforce-enterprise-am-c4000-black-ink/,https://www.keplertechllc.com/wp-content/uploads/2023/06/C13T08H100-Epson-WorkForce-AM-C4000-Black-Ink.webp,"Genuine OEM C13T08H100 Epson WorkForce Enterprise AM-C4000 Black Ink delivering vibrant, archival-grade prints with wide color gamut."
C13T08H200,C13T08H200 Epson WorkForce Enterprise AM-C4000 Cyan Ink,Ink Cartridge,Epson,Cyan,220.0,0,Out of Stock,"Up to 31,500 pages Black / 28,000 pages Colour (High-Yield Industrial Ink Packs)",1,Epson WorkForce Enterprise AM-C4000 (epson-am-c4000),https://www.keplertechllc.com/product/c13t08h200-epson-workforce-enterprise-am-c4000-cyan-ink/,https://www.keplertechllc.com/wp-content/uploads/2023/06/C13T08H200-Epson-WorkForce-AM-C4000-Cyan-Ink.webp,"Genuine OEM C13T08H200 Epson WorkForce Enterprise AM-C4000 Cyan Ink delivering vibrant, archival-grade prints with wide color gamut."
C13T08H400,C13T08H400 Epson WorkForce Enterprise AM-C4000 Yellow Ink,Ink Cartridge,Epson,Yellow,883.0,0,Out of Stock,"Up to 31,500 pages Black / 28,000 pages Colour (High-Yield Industrial Ink Packs)",1,Epson WorkForce Enterprise AM-C4000 (epson-am-c4000),https://www.keplertechllc.com/product/c13t08h400-epson-workforce-enterprise-am-c4000-yellow-ink/,https://www.keplertechllc.com/wp-content/uploads/2023/06/Epson-WorkForce-AM-C4000-Yellow-Ink.webp,"Genuine OEM C13T08H400 Epson WorkForce Enterprise AM-C4000 Yellow Ink delivering vibrant, archival-grade prints with wide color gamut."
C12C937181,Epson Maintenance Box (AM-C4000/C5000/C6000) - C12C937181,Maintenance Box,Epson,,180.0,0,Out of Stock,"Up to 31,500 pages Black / 28,000 pages Colour (High-Yield Industrial Ink Packs)",3,Epson WorkForce Enterprise AM-C4000 (epson-am-c4000); Epson WorkForce Enterprise AM-C5000 (epson-am-c5000); Epson WorkForce Enterprise AM-C6000 (epson-am-c6000),https://www.keplertechllc.com/product/c12c937181-epson-maintenance-box-am-c4000-5000-6000/,https://www.keplertechllc.com/wp-content/uploads/2023/06/C12C937181-Epson-Maintenance-Box-AM-C4000-5000-6000.webp,Genuine OEM Epson Maintenance Box (AM-C4000/C5000/C6000) - C12C937181 designed for reliable printer maintenance and waste ink collection.
C13T08G300,C13T08G300 Epson WorkForce Enterprise Magenta Ink,Ink Cartridge,Epson,Magenta,220.0,10,,,2,Epson WorkForce Enterprise AM-C5000 (epson-am-c5000); Epson WorkForce Enterprise AM-C6000 (epson-am-c6000),https://www.keplertechllc.com/product/c13t08g300-epson-workforce-enterprise-am-c5000-6000-magenta-ink/,https://www.keplertechllc.com/wp-content/uploads/2023/06/C13T08G300-Epson-WorkForce-Enterprise-AM-C5000-6000-Magenta-Ink.webp,"Genuine OEM C13T08G300 Epson WorkForce Enterprise Magenta Ink delivering vibrant, archival-grade prints with wide color gamut."
C13T08G100,C13T08G100 Epson WorkForce Enterprise Black Ink,Ink Cartridge,Epson,Black,220.0,10,,,2,Epson WorkForce Enterprise AM-C5000 (epson-am-c5000); Epson WorkForce Enterprise AM-C6000 (epson-am-c6000),https://www.keplertechllc.com/product/c13t08g100-epson-workforce-enterprise-am-c5000-6000-black-ink/,https://www.keplertechllc.com/wp-content/uploads/2023/06/C13T08G100-Epson-WorkForce-Enterprise-AM-C5000-6000-Black-Ink.webp,"Genuine OEM C13T08G100 Epson WorkForce Enterprise Black Ink delivering vibrant, archival-grade prints with wide color gamut."
C13T08G400,C13T08G400 Epson WorkForce AM-C5000/6000 Yellow Ink,Ink Cartridge,Epson,Yellow,220.0,10,,"Up to 50,000 pages Black / 30,000 pages Colour (Ultra High-Yield Ink Bags (T08G Series))",2,Epson WorkForce Enterprise AM-C5000 (epson-am-c5000); Epson WorkForce Enterprise AM-C6000 (epson-am-c6000),https://www.keplertechllc.com/product/c13t08g400-epson-workforce-enterprise-am-c5000-6000-yellow-ink/,https://www.keplertechllc.com/wp-content/uploads/2023/06/C13T08G400-Epson-WorkForce-Enterprise-AM-C5000-6000-Yellow-Ink.webp,"Genuine OEM C13T08G400 Epson WorkForce AM-C5000/6000 Yellow Ink delivering vibrant, archival-grade prints with wide color gamut."
C13T08G200,C13T08G200 Epson WorkForce AM-C5000/ C6000 Cyan Ink,Ink Cartridge,Epson,Cyan,220.0,10,,"Up to 50,000 pages Black / 30,000 pages Colour (Ultra High-Yield Ink Bags (T08G Series))",2,Epson WorkForce Enterprise AM-C5000 (epson-am-c5000); Epson WorkForce Enterprise AM-C6000 (epson-am-c6000),https://www.keplertechllc.com/product/c13t08g200-epson-workforce-enterprise-am-c5000-6000-cyan-ink/,https://www.keplertechllc.com/wp-content/uploads/2023/06/C13T08G200-Epson-WorkForce-Enterprise-AM-C5000-6000-Cyan-Ink.webp,"Genuine OEM C13T08G200 Epson WorkForce AM-C5000/ C6000 Cyan Ink delivering vibrant, archival-grade prints with wide color gamut."
C13T49N100,C13T49N100 Epson Dye Sublimation Black Ink,Ink Cartridge,Epson,Black,110.0,10,In Stock,,2,Epson SureColor SC-F100 (epson-sc-f100); Epson SureColor SC-F500 (epson-sc-f500),https://www.keplertechllc.com/product/epson-dye-sublimation-black-t49n100-ink/,https://www.keplertechllc.com/wp-content/uploads/2023/07/Dye-Sublimation-Black-T49N100-140mL.webp,"Genuine OEM C13T49N100 Epson Dye Sublimation Black Ink delivering vibrant, archival-grade prints with wide color gamut."
C13T49N300,C13T49N300 Epson Dye Sublimation Magenta Ink,Ink Cartridge,Epson,Magenta,110.0,10,In Stock,,2,Epson SureColor SC-F100 (epson-sc-f100); Epson SureColor SC-F500 (epson-sc-f500),https://www.keplertechllc.com/product/epson-dye-sublimation-magenta-t49n300-ink/,https://www.keplertechllc.com/wp-content/uploads/2023/07/Dye-Sublimation-Magenta-T49N300-140mL.webp,"Genuine OEM C13T49N300 Epson Dye Sublimation Magenta Ink delivering vibrant, archival-grade prints with wide color gamut."
C13T49N200,C13T49N200 Epson Dye Sublimation Cyan Ink,Ink Cartridge,Epson,Cyan,110.0,0,Out of Stock,,2,Epson SureColor SC-F100 (epson-sc-f100); Epson SureColor SC-F500 (epson-sc-f500),https://www.keplertechllc.com/product/c13t49n200-epson-dye-sublimation-cyan-ink/,https://www.keplertechllc.com/wp-content/uploads/2023/07/C13T49N200.webp,"Genuine OEM C13T49N200 Epson Dye Sublimation Cyan Ink delivering vibrant, archival-grade prints with wide color gamut."
C13T49N400,C13T49N400 Epson Dye Sublimation Yellow Ink,Ink Cartridge,Epson,Yellow,110.0,0,Out of Stock,,2,Epson SureColor SC-F100 (epson-sc-f100); Epson SureColor SC-F500 (epson-sc-f500),https://www.keplertechllc.com/product/c13t49n400-epson-dye-sublimation-yellow-ink/,https://www.keplertechllc.com/wp-content/uploads/2023/07/Dye-Sublimation-Yellow-T49N400-140mL.webp,"Genuine OEM C13T49N400 Epson Dye Sublimation Yellow Ink delivering vibrant, archival-grade prints with wide color gamut."
C13S210125,C13S210125 Epson Maintenance Box,Maintenance Box,Epson,,210.0,0,Out of Stock,,2,Epson SureColor SC-P5300 (epson-sc-p5300); Epson SureColor SC-F100 (epson-sc-f100),https://www.keplertechllc.com/product/c13s210125-epson-maintenance-box/,https://www.keplertechllc.com/wp-content/uploads/2023/07/Maintenance-Box-S210125.webp,Genuine OEM C13S210125 Epson Maintenance Box designed for reliable printer maintenance and waste ink collection.
C13T11C140,C13T11C140 Epson WF-C53xx / WF-C58xx Series L Black Ink,Ink Cartridge,Epson,Black,220.0,10,,,1,Epson WorkForce Pro WF-C5890 DWF (epson-wf-c5890-dwf),https://www.keplertechllc.com/product/c13t11c140-wf-c53xx-wf-c58xx-series-l-black-ink-cartridge/,https://www.keplertechllc.com/wp-content/uploads/2023/07/WF-C53xx-WF-C58xx-Series-Ink-Cartridge-L-Black.webp,"Genuine OEM C13T11C140 Epson WF-C53xx / WF-C58xx Series L Black Ink delivering vibrant, archival-grade prints with wide color gamut."
C13T11C240,C13T11C240 Epson WF-C53xx / WF-C58xx Series L Cyan Ink,Ink Cartridge,Epson,Cyan,220.0,0,Out of Stock,,1,Epson WorkForce Pro WF-C5890 DWF (epson-wf-c5890-dwf),https://www.keplertechllc.com/product/c13t11c240-epson-wf-c53xx-wf-c58xx-series-l-cyan-ink/,https://www.keplertechllc.com/wp-content/uploads/2023/07/WF-C53xx-WF-C58xx-Series-Ink-Cartridge-L-Cyan.webp,"Genuine OEM C13T11C240 Epson WF-C53xx / WF-C58xx Series L Cyan Ink delivering vibrant, archival-grade prints with wide color gamut."
C13T11C340,C13T11C340 Epson WF-C53xx / WF-C58xx Series Magenta Ink,Ink Cartridge,Epson,Magenta,220.0,10,,,1,Epson WorkForce Pro WF-C5890 DWF (epson-wf-c5890-dwf),https://www.keplertechllc.com/product/c13t11c340-epson-wf-c53xx-c58xx-magenta-ink/,https://www.keplertechllc.com/wp-content/uploads/2023/07/WF-C53xx-WF-C58xx-Series-Ink-Cartridge-L-Magenta.webp,"Genuine OEM C13T11C340 Epson WF-C53xx / WF-C58xx Series Magenta Ink delivering vibrant, archival-grade prints with wide color gamut."
C13T11C440,C13T11C440 Epson WF-C53xx / WF-C58xx Series Yellow Ink,Ink Cartridge,Epson,Yellow,220.0,10,,,1,Epson WorkForce Pro WF-C5890 DWF (epson-wf-c5890-dwf),https://www.keplertechllc.com/product/c13t11c440-epson-wf-c53xx-wf-c58xx-series-l-yellow-ink/,https://www.keplertechllc.com/wp-content/uploads/2023/07/WF-C53xx-WF-C58xx-Series-Ink-Cartridge-L-Yellow.webp,"Genuine OEM C13T11C440 Epson WF-C53xx / WF-C58xx Series Yellow Ink delivering vibrant, archival-grade prints with wide color gamut."
C13T11D140,C13T11D140 Epson WF-C53xx / WF-C58xx Series Black Ink (XL),Ink Cartridge,Epson,Black,220.0,10,,,1,Epson WorkForce Pro WF-C5890 DWF (epson-wf-c5890-dwf),https://www.keplertechllc.com/product/c13t11d140-epson-wf-c53xx-wf-c58xx-series-xl-black-ink/,https://www.keplertechllc.com/wp-content/uploads/2023/07/WF-C53xx-WF-C58xx-Series-Ink-Cartridge-XL-Black.webp,"Genuine OEM C13T11D140 Epson WF-C53xx / WF-C58xx Series Black Ink (XL) delivering vibrant, archival-grade prints with wide color gamut."
C13T11D240,C13T11D240 Epson WF-C53xx / WF-C58xx Series XL Cyan Ink,Ink Cartridge,Epson,Cyan,220.0,0,Out of Stock,,1,Epson WorkForce Pro WF-C5890 DWF (epson-wf-c5890-dwf),https://www.keplertechllc.com/product/c13t11d240-epson-wf-c53xx-wf-c58xx-series-xl-cyan-ink/,https://www.keplertechllc.com/wp-content/uploads/2023/07/WF-C53xx-WF-C58xx-Series-Ink-Cartridge-XL-Cyan.webp,"Genuine OEM C13T11D240 Epson WF-C53xx / WF-C58xx Series XL Cyan Ink delivering vibrant, archival-grade prints with wide color gamut."
C13T11D340,C13T11D340 Epson WF-C53xx / WF-C58xx Series XL Magenta Ink,Ink Cartridge,Epson,Magenta,220.0,0,Out of Stock,,1,Epson WorkForce Pro WF-C5890 DWF (epson-wf-c5890-dwf),https://www.keplertechllc.com/product/c13t11d340-epson-wf-c53xx-wf-c58xx-series-xl-magenta-ink/,https://www.keplertechllc.com/wp-content/uploads/2023/07/WF-C53xx-WF-C58xx-Series-Ink-Cartridge-XL-Magenta.webp,"Genuine OEM C13T11D340 Epson WF-C53xx / WF-C58xx Series XL Magenta Ink delivering vibrant, archival-grade prints with wide color gamut."
C13T11D440,C13T11D440 Epson WF-C53xx / WF-C58xx Series XL Yellow Ink,Ink Cartridge,Epson,Yellow,220.0,0,Out of Stock,,1,Epson WorkForce Pro WF-C5890 DWF (epson-wf-c5890-dwf),https://www.keplertechllc.com/product/c13t11d440-epson-wf-c53xx-wf-c58xx-series-xl-yellow-ink/,https://www.keplertechllc.com/wp-content/uploads/2023/07/WF-C53xx-WF-C58xx-Series-Ink-Cartridge-XL-Yellow.webp,"Genuine OEM C13T11D440 Epson WF-C53xx / WF-C58xx Series XL Yellow Ink delivering vibrant, archival-grade prints with wide color gamut."
C13T11E140,C13T11E140 Epson WF-C53xx / WF-C58xx Series XXL Black Ink,Ink Cartridge,Epson,Black,450.0,0,Out of Stock,,1,Epson WorkForce Pro WF-C5890 DWF (epson-wf-c5890-dwf),https://www.keplertechllc.com/product/c13t11e140-epson-wf-c53xx-wf-c58xx-series-xxl-black-ink/,https://www.keplertechllc.com/wp-content/uploads/2023/07/WF-C53xx-WF-C58xx-Series-Ink-Cartridge-XXL-Black.webp,"Genuine OEM C13T11E140 Epson WF-C53xx / WF-C58xx Series XXL Black Ink delivering vibrant, archival-grade prints with wide color gamut."
C12C938211,Epson 58xx/53xx Series Maintenance Box - C12C938211,Maintenance Box,Epson,,180.0,0,Out of Stock,,2,Epson WorkForce Pro WF-C5890 DWF (epson-wf-c5890-dwf); Epson WorkForce Pro EM-C800 (epson-em-c800),https://www.keplertechllc.com/product/c12c938211-epson-58xx-53xx-series-maintenance-box/,https://www.keplertechllc.com/wp-content/uploads/2023/07/WF-C5890-Maintenance-Box.webp,Genuine OEM Epson 58xx/53xx Series Maintenance Box - C12C938211 designed for reliable printer maintenance and waste ink collection.
C13T55K100,C13T55K100 Epson Singlepack Photo Black UltraChrome HDX/HD 700ml Ink,Ink Cartridge,Epson,Black,450.0,0,Out of Stock,,0,,https://www.keplertechllc.com/product/c13t55k100-epson-singlepack-photo-black-ultrachrome-hdx-hd-700ml-ink/,https://www.keplertechllc.com/wp-content/uploads/2023/08/C13T55K100-Epson-Singlepack-Photo-Black-UltraChrome-HDXHD-700ml-Ink.webp,"Genuine OEM C13T55K100 Epson Singlepack Photo Black UltraChrome HDX/HD 700ml Ink delivering vibrant, archival-grade prints with wide color gamut."
C13T55K200,C13T55K200 Epson Singlepack Cyan UltraChrome HDX/HD 700ml Ink,Ink Cartridge,Epson,Cyan,450.0,0,Out of Stock,,0,,https://www.keplertechllc.com/product/c13t55k200-epson-singlepack-cyan-ultrachrome-hdx-hd-700ml-ink/,https://www.keplertechllc.com/wp-content/uploads/2023/08/C13T55K200-Epson-Singlepack-Cyan-UltraChrome-HDXHD-700ml-Ink.webp,"Genuine OEM C13T55K200 Epson Singlepack Cyan UltraChrome HDX/HD 700ml Ink delivering vibrant, archival-grade prints with wide color gamut."
C13T55K300,C13T55K300 Epson Singlepack Vivid Magenta UltraChrome HDX/HD 700ml Ink,Ink Cartridge,Epson,Magenta,450.0,0,Out of Stock,,0,,https://www.keplertechllc.com/product/c13t55k300-epson-singlepack-vivid-magenta-700ml-ink/,https://www.keplertechllc.com/wp-content/uploads/2023/08/C13T55K300-Epson-Singlepack-Vivid-Magenta-UltraChrome-HDXHD-700ml-Ink.webp,"Genuine OEM C13T55K300 Epson Singlepack Vivid Magenta UltraChrome HDX/HD 700ml Ink delivering vibrant, archival-grade prints with wide color gamut."
C13T55K600,C13T55K600 Epson Singlepack Vivid Light Magenta 700ml Ink,Ink Cartridge,Epson,Magenta,450.0,0,Out of Stock,,0,,https://www.keplertechllc.com/product/c13t55k600-epson-singlepack-vivid-light-magenta-700ml-ink/,https://www.keplertechllc.com/wp-content/uploads/2023/08/C13T55K600-Epson-Singlepack-Vivid-Light-Magenta-UltraChrome-HDXHD-700ml-Ink.webp,"Genuine OEM C13T55K600 Epson Singlepack Vivid Light Magenta 700ml Ink delivering vibrant, archival-grade prints with wide color gamut."
C13T55K500,C13T55K500 Epson Singlepack Light Cyan 700ml Ink,Ink Cartridge,Epson,Cyan,450.0,0,Out of Stock,,0,,https://www.keplertechllc.com/product/c13t55k500-epson-singlepack-light-cyan-700ml-ink/,https://www.keplertechllc.com/wp-content/uploads/2023/08/C13T55K500-Epson-Singlepack-Light-Cyan-UltraChrome-HDXHD-700ml-Ink.webp,"Genuine OEM C13T55K500 Epson Singlepack Light Cyan 700ml Ink delivering vibrant, archival-grade prints with wide color gamut."
C13T55K400,C13T55K400 Epson Singlepack Yellow UltraChrome HDX/HD 700ml Ink,Ink Cartridge,Epson,Yellow,450.0,0,Out of Stock,,0,,https://www.keplertechllc.com/product/c13t55k400-epson-singlepack-yellow-ultrachrome-hdx-hd-700ml-ink/,https://www.keplertechllc.com/wp-content/uploads/2023/08/C13T55K400-Epson-Singlepack-Yellow-UltraChrome-HDXHD-700ml-Ink.webp,"Genuine OEM C13T55K400 Epson Singlepack Yellow UltraChrome HDX/HD 700ml Ink delivering vibrant, archival-grade prints with wide color gamut."
C13T55K700,C13T55K700 Epson Singlepack Light Black UltraChrome HDX/HD 700ml Ink,Ink Cartridge,Epson,Black,450.0,0,Out of Stock,,0,,https://www.keplertechllc.com/product/c13t55k700-epson-singlepack-light-black-ultrachrome-hdx-hd-700ml-ink/,https://www.keplertechllc.com/wp-content/uploads/2023/08/C13T55K700-Epson-Singlepack-Light-Black-UltraChrome-HDXHD-700ml-Ink.webp,"Genuine OEM C13T55K700 Epson Singlepack Light Black UltraChrome HDX/HD 700ml Ink delivering vibrant, archival-grade prints with wide color gamut."
C13T55K800,C13T55K800 Epson Singlepack Matte Black UltraChrome HDX/HD 700ml Ink,Ink Cartridge,Epson,Black,450.0,0,Out of Stock,,0,,https://www.keplertechllc.com/product/c13t55k800-epson-singlepack-matte-black-ultrachrome-hdx-hd-700ml-ink/,https://www.keplertechllc.com/wp-content/uploads/2023/08/C13T55K800-Epson-Singlepack-Matte-Black-UltraChrome-HDXHD-700ml-Ink.png,"Genuine OEM C13T55K800 Epson Singlepack Matte Black UltraChrome HDX/HD 700ml Ink delivering vibrant, archival-grade prints with wide color gamut."
C13T55K900,C13T55K900 Epson Singlepack Light Light Black UltraChrome HDX/HD 700ml Ink,Ink Cartridge,Epson,Black,450.0,0,Out of Stock,,0,,https://www.keplertechllc.com/product/c13t55k900-epson-singlepack-light-light-black-ultrachrome-hdx-hd-700ml-ink/,https://www.keplertechllc.com/wp-content/uploads/2023/08/C13T55K900-Epson-Singlepack-Light-Light-Black-UltraChrome-HDXHD-700ml-Ink.webp,"Genuine OEM C13T55K900 Epson Singlepack Light Light Black UltraChrome HDX/HD 700ml Ink delivering vibrant, archival-grade prints with wide color gamut."
C13T54X100,C13T54X100 Epson Singlepack Photo Black UltraChrome HDX/HD 350ml Ink,Ink Cartridge,Epson,Black,220.0,0,Out of Stock,,0,,https://www.keplertechllc.com/product/c13t54x100-epson-singlepack-photo-black-ultrachrome-hdx-hd-350ml-ink/,https://www.keplertechllc.com/wp-content/uploads/2023/08/C13T54X100-Epson-Singlepack-Photo-Black-UltraChrome-HDXHD-350ml-Ink.webp,"Genuine OEM C13T54X100 Epson Singlepack Photo Black UltraChrome HDX/HD 350ml Ink delivering vibrant, archival-grade prints with wide color gamut."
C13T54X300,C13T54X300 Epson Singlepack Vivid Magenta UltraChrome HDX/HD 350ml Ink,Ink Cartridge,Epson,Magenta,220.0,0,Out of Stock,,0,,https://www.keplertechllc.com/product/c13t54x300-epson-singlepack-vivid-magenta-ultrachrome-hdx-hd-350ml-ink/,https://www.keplertechllc.com/wp-content/uploads/2023/08/C13T54X300-Epson-Singlepack-Vivid-Magenta-UltraChrome-HDXHD-350ml-Ink.webp,"Genuine OEM C13T54X300 Epson Singlepack Vivid Magenta UltraChrome HDX/HD 350ml Ink delivering vibrant, archival-grade prints with wide color gamut."
C13T54X200,C13T54X200 Epson Singlepack Cyan UltraChrome HDX/HD 350ml Ink,Ink Cartridge,Epson,Cyan,220.0,0,Out of Stock,,0,,https://www.keplertechllc.com/product/c13t54x200-epson-singlepack-cyan-ultrachrome-hdx-hd-350ml-ink/,https://www.keplertechllc.com/wp-content/uploads/2023/08/C13T54X200-Epson-Singlepack-Cyan-UltraChrome-HDXHD-350ml-Ink.webp,"Genuine OEM C13T54X200 Epson Singlepack Cyan UltraChrome HDX/HD 350ml Ink delivering vibrant, archival-grade prints with wide color gamut."
C13T54X400,C13T54X400 Epson Singlepack Yellow UltraChrome HDX/HD 350ml Ink,Ink Cartridge,Epson,Yellow,220.0,10,,,0,,https://www.keplertechllc.com/product/c13t54x400-epson-singlepack-yellow-350ml-ink/,https://www.keplertechllc.com/wp-content/uploads/2023/08/C13T54X400-Epson-Singlepack-Yellow-UltraChrome-HDXHD-350ml-Ink.webp,"Genuine OEM C13T54X400 Epson Singlepack Yellow UltraChrome HDX/HD 350ml Ink delivering vibrant, archival-grade prints with wide color gamut."
C13T54X500,C13T54X500 Epson Singlepack Light Cyan UltraChrome HDX/HD 350ml Ink,Ink Cartridge,Epson,Cyan,220.0,10,,,0,,https://www.keplertechllc.com/product/c13t54x500-epson-singlepack-light-cyan-t54x500-350ml-ink/,https://www.keplertechllc.com/wp-content/uploads/2023/08/C13T54X500-Epson-Singlepack-Light-Cyan-UltraChrome-HDXHD-350ml-Ink.webp,"Genuine OEM C13T54X500 Epson Singlepack Light Cyan UltraChrome HDX/HD 350ml Ink delivering vibrant, archival-grade prints with wide color gamut."
C13T54X700,C13T54X700 Epson Singlepack Light Black UltraChrome HDX/HD 350ml Ink,Ink Cartridge,Epson,Black,220.0,10,,,0,,https://www.keplertechllc.com/product/c13t54x700-epson-singlepack-light-black-350ml-ink/,https://www.keplertechllc.com/wp-content/uploads/2023/08/C13T54X700-Epson-Singlepack-Light-Black-UltraChrome-HDXHD-350ml-Ink.webp,"Genuine OEM C13T54X700 Epson Singlepack Light Black UltraChrome HDX/HD 350ml Ink delivering vibrant, archival-grade prints with wide color gamut."
C13T40C440,C13T40C440 Epson Singlepack UltraChrome XD2 Yellow Ink (26ml),Ink Cartridge,Epson,Yellow,220.0,0,Out of Stock,,3,Epson SureColor SC-T3100 (epson-sc-t3100); Epson SureColor SC-T5100 (epson-sc-t5100); Epson SureColor SC-T5100M (epson-sc-t5100m),https://www.keplertechllc.com/product/c13t40c440-epson-singlepack-ultrachrome-xd2-yellow-ink-26ml/,https://www.keplertechllc.com/wp-content/uploads/2023/08/C13T40C440-Epson-Singlepack-UltraChrome-XD2-Yellow-Ink-26ml.webp,"Genuine OEM C13T40C440 Epson Singlepack UltraChrome XD2 Yellow Ink (26ml) delivering vibrant, archival-grade prints with wide color gamut."
C13T40C240,C13T40C240 Epson Singlepack UltraChrome XD2 Cyan Ink (26ml),Ink Cartridge,Epson,Cyan,220.0,0,Out of Stock,,3,Epson SureColor SC-T3100 (epson-sc-t3100); Epson SureColor SC-T5100 (epson-sc-t5100); Epson SureColor SC-T5100M (epson-sc-t5100m),https://www.keplertechllc.com/product/c13t40c240-epson-singlepack-ultrachrome-xd2-cyan-ink-26ml/,https://www.keplertechllc.com/wp-content/uploads/2023/08/C13T40C240-Epson-Singlepack-UltraChrome-XD2-Cyan-Ink-26ml.webp,"Genuine OEM C13T40C240 Epson Singlepack UltraChrome XD2 Cyan Ink (26ml) delivering vibrant, archival-grade prints with wide color gamut."
C13T40C340,C13T40C340 Epson Singlepack UltraChrome XD2 Magenta Ink (26ml),Ink Cartridge,Epson,Magenta,220.0,10,,,3,Epson SureColor SC-T3100 (epson-sc-t3100); Epson SureColor SC-T5100 (epson-sc-t5100); Epson SureColor SC-T5100M (epson-sc-t5100m),https://www.keplertechllc.com/product/c13t40c340-epson-singlepack-magenta-ink-26ml/,https://www.keplertechllc.com/wp-content/uploads/2023/08/C13T40C340-Epson-Singlepack-UltraChrome-XD2-Magenta-Ink-26ml.webp,"Genuine OEM C13T40C340 Epson Singlepack UltraChrome XD2 Magenta Ink (26ml) delivering vibrant, archival-grade prints with wide color gamut."
C13T40D140,C13T40D140 Epson Singlepack UltraChrome XD2 Black Ink (80ml),Ink Cartridge,Epson,Black,220.0,10,,,3,Epson SureColor SC-T3100 (epson-sc-t3100); Epson SureColor SC-T5100 (epson-sc-t5100); Epson SureColor SC-T5100M (epson-sc-t5100m),https://www.keplertechllc.com/product/c13t40d140-epson-singlepack-black-ink/,https://www.keplertechllc.com/wp-content/uploads/2023/08/C13T40D140-Epson-Singlepack-UltraChrome-XD2-Black-Ink-80ml.webp,"Genuine OEM C13T40D140 Epson Singlepack UltraChrome XD2 Black Ink (80ml) delivering vibrant, archival-grade prints with wide color gamut."
C13T40D340,C13T40D340 Epson Singlepack UltraChrome XD2 Magenta Ink (50ml),Ink Cartridge,Epson,Magenta,220.0,10,,,3,Epson SureColor SC-T3100 (epson-sc-t3100); Epson SureColor SC-T5100 (epson-sc-t5100); Epson SureColor SC-T5100M (epson-sc-t5100m),https://www.keplertechllc.com/product/c13t40d340-epson-singlepack-magenta-ink-50ml/,https://www.keplertechllc.com/wp-content/uploads/2023/08/C13T40D340-Epson-Singlepack-UltraChrome-XD2-Magenta-Ink-50ml.webp,"Genuine OEM C13T40D340 Epson Singlepack UltraChrome XD2 Magenta Ink (50ml) delivering vibrant, archival-grade prints with wide color gamut."
C13T40D240,C13T40D240 Epson Singlepack UltraChrome XD2 Cyan Ink (50ml),Ink Cartridge,Epson,Cyan,220.0,10,,,3,Epson SureColor SC-T3100 (epson-sc-t3100); Epson SureColor SC-T5100 (epson-sc-t5100); Epson SureColor SC-T5100M (epson-sc-t5100m),https://www.keplertechllc.com/product/c13t40d240-epson-singlepack-cyan-ink-50ml/,https://www.keplertechllc.com/wp-content/uploads/2023/08/C13T40C240-Epson-Singlepack-UltraChrome-XD2-Cyan-Ink-26ml-1.webp,"Genuine OEM C13T40D240 Epson Singlepack UltraChrome XD2 Cyan Ink (50ml) delivering vibrant, archival-grade prints with wide color gamut."
C13T40D440,C13T40D440 Epson Singlepack UltraChrome XD2 Yellow Ink (50ml),Ink Cartridge,Epson,Yellow,220.0,10,,,3,Epson SureColor SC-T3100 (epson-sc-t3100); Epson SureColor SC-T5100 (epson-sc-t5100); Epson SureColor SC-T5100M (epson-sc-t5100m),https://www.keplertechllc.com/product/c13t40d440-epson-singlepack-yellow-ink-50ml/,https://www.keplertechllc.com/wp-content/uploads/2023/08/C13T40D440-Epson-Singlepack-UltraChrome-XD2-Yellow-Ink-50ml.webp,"Genuine OEM C13T40D440 Epson Singlepack UltraChrome XD2 Yellow Ink (50ml) delivering vibrant, archival-grade prints with wide color gamut."
C13T40C140,C13T40C140 Epson Singlepack UltraChrome XD2 Black Ink (50ml),Ink Cartridge,Epson,Black,220.0,10,,,3,Epson SureColor SC-T3100 (epson-sc-t3100); Epson SureColor SC-T5100 (epson-sc-t5100); Epson SureColor SC-T5100M (epson-sc-t5100m),https://www.keplertechllc.com/product/c13t40c140-epson-singlepack-black-ink-50ml/,https://www.keplertechllc.com/wp-content/uploads/2023/08/C13T40C140-Epson-Singlepack-UltraChrome-XD2-Black-Ink-50ml.webp,"Genuine OEM C13T40C140 Epson Singlepack UltraChrome XD2 Black Ink (50ml) delivering vibrant, archival-grade prints with wide color gamut."
C13S210057,C13S210057 Epson Maintenance box : LFP Desktop,Maintenance Box,Epson,,180.0,0,Out of Stock,,4,Epson SureColor SC-T3100 (epson-sc-t3100); Epson SureColor SC-T5100 (epson-sc-t5100); Epson SureColor SC-T5100M (epson-sc-t5100m); Epson SureColor SC-F500 (epson-sc-f500),https://www.keplertechllc.com/product/c13s210057-epson-maintenance-box-lfp-desktop/,https://www.keplertechllc.com/wp-content/uploads/2023/08/C13S210057-Epson-Maintenance-box-LFP-Desktop.webp,Genuine OEM C13S210057 Epson Maintenance box : LFP Desktop designed for reliable printer maintenance and waste ink collection.
C13T54X600,C13T54X600 Epson Singlepack Vivid Light Magenta 350ml Ink,Ink Cartridge,Epson,Magenta,220.0,10,,,0,,https://www.keplertechllc.com/product/c13t54x600-epson-singlepack-vivid-light-magenta-ink/,https://www.keplertechllc.com/wp-content/uploads/2023/08/C13T54X600-Epson-Singlepack-Vivid-Light-Magenta-UltraChrome-HDXHD-350ml-Ink.webp,"Genuine OEM C13T54X600 Epson Singlepack Vivid Light Magenta 350ml Ink delivering vibrant, archival-grade prints with wide color gamut."
C13T54X800,C13T54X800 Epson Singlepack Matte Black Ink 350ml,Ink Cartridge,Epson,Black,220.0,0,Out of Stock,,0,,https://www.keplertechllc.com/product/c13t54x800-epson-singlepack-matte-black-ink-350ml/,https://www.keplertechllc.com/wp-content/uploads/2023/08/C13T54X800-Epson-Singlepack-Matte-Black-Ink-350ml.webp,"Genuine OEM C13T54X800 Epson Singlepack Matte Black Ink 350ml delivering vibrant, archival-grade prints with wide color gamut."
C13T54X900,C13T54X900 Epson Singlepack Light Light Black Ink 350ml,Ink Cartridge,Epson,Black,220.0,10,,,0,,https://www.keplertechllc.com/product/c13t54x900-epson-singlepack-light-light-black-350ml-ink/,https://www.keplertechllc.com/wp-content/uploads/2023/08/C13T54X900-Epson-Singlepack-Light-Light-Black-Ink-350ml.webp,"Genuine OEM C13T54X900 Epson Singlepack Light Light Black Ink 350ml delivering vibrant, archival-grade prints with wide color gamut."
C13T55KB00,C13T55KB00 Epson Singlepack Green UltraChrome HDX/HD 700ml Ink,Ink Cartridge,Epson,Green,450.0,10,,,0,,https://www.keplertechllc.com/product/c13t55kb00-epson-singlepack-green-700ml-ink/,https://www.keplertechllc.com/wp-content/uploads/2023/08/C13T55KB00-Epson-Singlepack-Green-UltraChrome-HDXHD-700ml-Ink.webp,"Genuine OEM C13T55KB00 Epson Singlepack Green UltraChrome HDX/HD 700ml Ink delivering vibrant, archival-grade prints with wide color gamut."
C13T55KA00,C13T55KA00 Epson Singlepack Orange UltraChrome HDX/HD 700ml Ink,Ink Cartridge,Epson,Orange,450.0,10,,,0,,https://www.keplertechllc.com/product/c13t55ka00-epson-singlepack-orange-700ml-ink/,https://www.keplertechllc.com/wp-content/uploads/2023/08/C13T55KA00-Epson-Singlepack-Orange-UltraChrome-HDXHD-700ml-Ink.webp,"Genuine OEM C13T55KA00 Epson Singlepack Orange UltraChrome HDX/HD 700ml Ink delivering vibrant, archival-grade prints with wide color gamut."
C13T54XB00,C13T54XB00 Epson Singlepack Green UltraChrome HDX/HD 350ml Ink,Ink Cartridge,Epson,Green,220.0,10,,,0,,https://www.keplertechllc.com/product/c13t54xb00-epson-singlepack-green-350ml-ink/,https://www.keplertechllc.com/wp-content/uploads/2023/08/C13T54XB00-Epson-Singlepack-Green-UltraChrome-HDXHD-350ml-Ink.webp,"Genuine OEM C13T54XB00 Epson Singlepack Green UltraChrome HDX/HD 350ml Ink delivering vibrant, archival-grade prints with wide color gamut."
C13T54XA00,C13T54XA00 Epson Singlepack Orange 350ml Ink,Ink Cartridge,Epson,Orange,220.0,0,Out of Stock,,0,,https://www.keplertechllc.com/product/c13t54xa00-epson-singlepack-orange-350ml-ink/,https://www.keplertechllc.com/wp-content/uploads/2023/08/C13T54XA00-Epson-Singlepack-Orange-UltraChrome-HDXHD-350ml-Ink.webp,"Genuine OEM C13T54XA00 Epson Singlepack Orange 350ml Ink delivering vibrant, archival-grade prints with wide color gamut."
C13T55KD00,C13T55KD00 Epson Singlepack Violet UltraChrome HDX/HD 700ml Ink,Ink Cartridge,Epson,Violet,450.0,10,,,0,,https://www.keplertechllc.com/product/c13t55kd00-epson-singlepack-violet-t55kd00-700ml-ink/,https://www.keplertechllc.com/wp-content/uploads/2023/08/C13T55KD00-Epson-Singlepack-Violet-UltraChrome-HDXHD-700ml-Ink.webp,"Genuine OEM C13T55KD00 Epson Singlepack Violet UltraChrome HDX/HD 700ml Ink delivering vibrant, archival-grade prints with wide color gamut."
C13T54XD00,C13T54XD00 Epson Singlepack Violet UltraChrome HDX/HD 350ml Ink,Ink Cartridge,Epson,Violet,220.0,0,Out of Stock,,0,,https://www.keplertechllc.com/product/c13t54xd00-epson-singlepack-violet-ultrachrome-hdx-hd-350ml-ink/,https://www.keplertechllc.com/wp-content/uploads/2023/08/Singlepack-Violet-T54XD00-UltraChrome-HDXHD-350ml.webp,"Genuine OEM C13T54XD00 Epson Singlepack Violet UltraChrome HDX/HD 350ml Ink delivering vibrant, archival-grade prints with wide color gamut."
KJC390ES,Korejet Eco-Solvent Polycotton Inkjet Matte Canvas 390 GSM,Ink Cartridge,Epson,,220.0,10,,,0,,https://www.keplertechllc.com/product/korejet-polycotton-inkjet-matte-canvas-390-gsm/,https://www.keplertechllc.com/wp-content/uploads/2023/10/Korejet-Papers.webp,"Genuine OEM Korejet Eco-Solvent Polycotton Inkjet Matte Canvas 390 GSM delivering vibrant, archival-grade prints with wide color gamut."
KJC390ES60,"Korejet Eco-Solvent Polycotton Inkjet Matte Canvas 390 GSM - 60""X25 M",Ink Cartridge,Epson,,220.0,10,,,0,,https://www.keplertechllc.com/product/korejet-polycotton-inkjet-matte-canvas-390-gsm/,https://www.keplertechllc.com/wp-content/uploads/2023/10/Korejet-Papers.webp,"Genuine OEM Korejet Eco-Solvent Polycotton Inkjet Matte Canvas 390 GSM - 60""X25 M delivering vibrant, archival-grade prints with wide color gamut."
C13T973120,C13T973120 Epson WorkForce Black XL Ink Cartridge,Ink Cartridge,Epson,Black,220.0,0,Out of Stock,,0,,https://www.keplertechllc.com/product/c13t973120-epson-workforce-black-xl-ink-cartridge/,https://www.keplertechllc.com/wp-content/uploads/2023/10/C13T973120-Epson-WorkForce-Black-XL-Ink-Cartridge.webp,"Genuine OEM C13T973120 Epson WorkForce Black XL Ink Cartridge delivering vibrant, archival-grade prints with wide color gamut."
C13T973220,C13T973220 Epson WorkForce Cyan XL Ink Cartridge,Ink Cartridge,Epson,Cyan,220.0,0,Out of Stock,,0,,https://www.keplertechllc.com/product/c13t973220-epson-workforce-cyan-xl-ink-cartridge/,https://www.keplertechllc.com/wp-content/uploads/2023/10/C13T973220-Epson-WorkForce-Cyan-XL-Ink-Cartridge.webp,"Genuine OEM C13T973220 Epson WorkForce Cyan XL Ink Cartridge delivering vibrant, archival-grade prints with wide color gamut."
C13T973320,C13T973320 Epson WorkForce Magenta XL Ink Cartridge,Ink Cartridge,Epson,Magenta,220.0,0,Out of Stock,,0,,https://www.keplertechllc.com/product/c13t973320-epson-workforce-magenta-xl-ink-cartridge/,https://www.keplertechllc.com/wp-content/uploads/2023/10/C13T973320-Epson-Magenta-XL-Ink.webp,"Genuine OEM C13T973320 Epson WorkForce Magenta XL Ink Cartridge delivering vibrant, archival-grade prints with wide color gamut."
C13T973420,C13T973420 Epson WorkForce Yellow XL Ink Cartridge,Ink Cartridge,Epson,Yellow,220.0,0,Out of Stock,,0,,https://www.keplertechllc.com/product/c13t973420-epson-workforce-yellow-xl-ink-cartridge/,https://www.keplertechllc.com/wp-content/uploads/2023/10/C13T973420-Epson-WorkForce-Yellow-XL-Ink-Cartridge.png,"Genuine OEM C13T973420 Epson WorkForce Yellow XL Ink Cartridge delivering vibrant, archival-grade prints with wide color gamut."
C13T974120,C13T974120 Epson WorkForce Black XXL Ink Cartridge,Ink Cartridge,Epson,Black,450.0,0,Out of Stock,,0,,https://www.keplertechllc.com/product/c13t974120-epson-workforce-black-xxl-ink-cartridge/,https://www.keplertechllc.com/wp-content/uploads/2023/10/C13T974120-Epson-WorkForce-Black-XXL-Ink-Cartridge.webp,"Genuine OEM C13T974120 Epson WorkForce Black XXL Ink Cartridge delivering vibrant, archival-grade prints with wide color gamut."
C13T974220,C13T974220 Epson WorkForce Cyan XXL Ink Cartridge,Ink Cartridge,Epson,Cyan,450.0,0,Out of Stock,,0,,https://www.keplertechllc.com/product/c13t974220-epson-workforce-cyan-xxl-ink-cartridge/,https://www.keplertechllc.com/wp-content/uploads/2023/10/C13T974220-Epson-WorkForce-Cyan-XXL-Ink-Cartridge.webp,"Genuine OEM C13T974220 Epson WorkForce Cyan XXL Ink Cartridge delivering vibrant, archival-grade prints with wide color gamut."
C13T974320,C13T974320 Epson WorkForce Magenta XXL Ink Cartridge,Ink Cartridge,Epson,Magenta,450.0,0,Out of Stock,,0,,https://www.keplertechllc.com/product/c13t974320-epson-workforce-magenta-xxl-ink-cartridge/,https://www.keplertechllc.com/wp-content/uploads/2023/10/C13T974320-Epson-WorkForce-Magenta-XXL-Ink-Cartridge.webp,"Genuine OEM C13T974320 Epson WorkForce Magenta XXL Ink Cartridge delivering vibrant, archival-grade prints with wide color gamut."
C13T974420,C13T974420 Epson WorkForce Yellow XXL Ink Cartridge,Ink Cartridge,Epson,Yellow,450.0,0,Out of Stock,,0,,https://www.keplertechllc.com/product/c13t974420-epson-workforce-yellow-xxl-ink-cartridge/,https://www.keplertechllc.com/wp-content/uploads/2023/10/C13T974420-Epson-WorkForce-Yellow-XXL-Ink-Cartridge.webp,"Genuine OEM C13T974420 Epson WorkForce Yellow XXL Ink Cartridge delivering vibrant, archival-grade prints with wide color gamut."
C33S020580,C33S020580 : SJMB3500 Epson Maintenance box,Maintenance Box,Epson,,180.0,0,Out of Stock,,0,,https://www.keplertechllc.com/product/c33s020580-sjmb3500-epson-maintenance-box/,https://www.keplertechllc.com/wp-content/uploads/2023/12/C33S020580-SJMB3500-Epson-Maintenance-box.webp,Genuine OEM C33S020580 : SJMB3500 Epson Maintenance box designed for reliable printer maintenance and waste ink collection.
C12C890191,C12C890191 Epson Ink Maintenance Tank,Maintenance Box,Epson,,220.0,0,Out of Stock,,0,,https://www.keplertechllc.com/product/c12c890191-epson-ink-maintenance-tank/,https://www.keplertechllc.com/wp-content/uploads/2023/12/C12C890191-Epson-Ink-Maintenance-Tank.webp,"Genuine OEM C12C890191 Epson Ink Maintenance Tank delivering vibrant, archival-grade prints with wide color gamut."
C13S400086,C13S400086 Epson SureLab D1070 Maintenance Cartridge,Ink Cartridge,Epson,,220.0,10,,,0,,https://www.keplertechllc.com/product/c13s400086-epson-maintenance-cartridge/,https://www.keplertechllc.com/wp-content/uploads/2023/12/C13S400086-Epson-SureLab-D1070-Maintenance-Cartridge.webp,"Genuine OEM C13S400086 Epson SureLab D1070 Maintenance Cartridge delivering vibrant, archival-grade prints with wide color gamut."
C13T04D100,C13T04D100 Epson Maintenance Box,Maintenance Box,Epson,,180.0,0,Out of Stock,,0,,https://www.keplertechllc.com/product/c13t04d100-epson-maintenance-box/,https://www.keplertechllc.com/wp-content/uploads/2023/12/C13T04D100-Epson-Maintenance-Box.webp,Genuine OEM C13T04D100 Epson Maintenance Box designed for reliable printer maintenance and waste ink collection.
C13T671100,C13T671100 Epson Ink Maintenance Box,Maintenance Box,Epson,,220.0,0,Out of Stock,,0,,https://www.keplertechllc.com/product/c13t671100-epson-ink-maintenance-box/,https://www.keplertechllc.com/wp-content/uploads/2023/12/C13T671100-Epson-Ink-Maintenance-Box.webp,"Genuine OEM C13T671100 Epson Ink Maintenance Box delivering vibrant, archival-grade prints with wide color gamut."
C13T58200,C13T58200 Epson Maintenance Tank,Maintenance Box,Epson,,180.0,0,Out of Stock,,0,,https://www.keplertechllc.com/product/c13t58200-epson-maintenance-tank/,https://www.keplertechllc.com/wp-content/uploads/2023/12/C13T58200-Epson-Maintenance-Tank.webp,Genuine OEM C13T58200 Epson Maintenance Tank designed for reliable printer maintenance and waste ink collection.
C13T671200,C13T671200 Epson Maintenance Box,Maintenance Box,Epson,,180.0,0,Out of Stock,,0,,https://www.keplertechllc.com/product/c13t671200-epson-maintenance-box/,https://www.keplertechllc.com/wp-content/uploads/2023/12/C13T671200-Epson-Maintenance-Box.webp,Genuine OEM C13T671200 Epson Maintenance Box designed for reliable printer maintenance and waste ink collection.
C13T50M400,C13T50M400 Epson Singlepack UltraChrome XD3 Yellow Ink,Ink Cartridge,Epson,Yellow,220.0,10,,,7,Epson SureColor SC-T3700E (epson-sc-t3700e); Epson SureColor SC-T3700D (epson-sc-t3700d); Epson SureColor SC-T3700DE (epson-sc-t3700de); Epson SureColor SC-T5700D (epson-sc-t5700d); Epson SureColor SC-T5700DM (epson-sc-t5700dm); Epson SureColor SC-T7700D (epson-sc-t7700d); Epson SureColor SC-T7700DM (epson-sc-t7700dm),https://www.keplertechllc.com/product/c13t50m400-epson-singlepack-yellow-ink/,https://www.keplertechllc.com/wp-content/uploads/2024/01/C13T50M400-Epson-Yellow-Ink.png,"Genuine OEM C13T50M400 Epson Singlepack UltraChrome XD3 Yellow Ink delivering vibrant, archival-grade prints with wide color gamut."
C13T50M800,C13T50M800 Epson Singlepack UltraChrome XD3 Matte Black Ink,Ink Cartridge,Epson,Black,220.0,10,,,7,Epson SureColor SC-T3700E (epson-sc-t3700e); Epson SureColor SC-T3700D (epson-sc-t3700d); Epson SureColor SC-T3700DE (epson-sc-t3700de); Epson SureColor SC-T5700D (epson-sc-t5700d); Epson SureColor SC-T5700DM (epson-sc-t5700dm); Epson SureColor SC-T7700D (epson-sc-t7700d); Epson SureColor SC-T7700DM (epson-sc-t7700dm),https://www.keplertechllc.com/product/c13t50m800-epson-singlepack-black-ink/,https://www.keplertechllc.com/wp-content/uploads/2024/01/C13T50M800-Epson-Singlepack-UltraChrome-XD3-Matte-Black-Ink.webp,"Genuine OEM C13T50M800 Epson Singlepack UltraChrome XD3 Matte Black Ink delivering vibrant, archival-grade prints with wide color gamut."
C13T50M300,C13T50M300 Epson Singlepack UltraChrome XD3 Magenta Ink,Ink Cartridge,Epson,Magenta,220.0,10,,,7,Epson SureColor SC-T3700E (epson-sc-t3700e); Epson SureColor SC-T3700D (epson-sc-t3700d); Epson SureColor SC-T3700DE (epson-sc-t3700de); Epson SureColor SC-T5700D (epson-sc-t5700d); Epson SureColor SC-T5700DM (epson-sc-t5700dm); Epson SureColor SC-T7700D (epson-sc-t7700d); Epson SureColor SC-T7700DM (epson-sc-t7700dm),https://www.keplertechllc.com/product/c13t50m300-epson-singlepack-magenta-ink/,https://www.keplertechllc.com/wp-content/uploads/2024/01/C13T50M300-Epson-Singlepack-UltraChrome-XD3-Magenta-Ink.webp,"Genuine OEM C13T50M300 Epson Singlepack UltraChrome XD3 Magenta Ink delivering vibrant, archival-grade prints with wide color gamut."
10-ACP2X,AirCastPro II Express Edition - Wireless Print Server,Accessory,Epson,,150.0,10,,,0,,https://www.keplertechllc.com/product/aircastpro-3-wireless-print-server/,https://www.keplertechllc.com/wp-content/uploads/2024/10/AirCastPro3-Wireless-Print-Server.webp,Authentic AirCastPro II Express Edition - Wireless Print Server for professional printing equipment.
C13T50M100,C13T50M100 Epson Singlepack UltraChrome XD3 Photo Black Ink,Ink Cartridge,Epson,Black,220.0,10,,,7,Epson SureColor SC-T3700E (epson-sc-t3700e); Epson SureColor SC-T3700D (epson-sc-t3700d); Epson SureColor SC-T3700DE (epson-sc-t3700de); Epson SureColor SC-T5700D (epson-sc-t5700d); Epson SureColor SC-T5700DM (epson-sc-t5700dm); Epson SureColor SC-T7700D (epson-sc-t7700d); Epson SureColor SC-T7700DM (epson-sc-t7700dm),https://www.keplertechllc.com/product/c13t50m100-epson-singlepack-photo-black-ink/,https://www.keplertechllc.com/wp-content/uploads/2024/01/C13T50M100-Epson-Singlepack-UltraChrome-XD3-Photo-Black-Ink-1.webp,"Genuine OEM C13T50M100 Epson Singlepack UltraChrome XD3 Photo Black Ink delivering vibrant, archival-grade prints with wide color gamut."
C13T50M200,C13T50M200 Epson Singlepack UltraChrome XD3 Cyan Ink,Ink Cartridge,Epson,Cyan,220.0,10,,,7,Epson SureColor SC-T3700E (epson-sc-t3700e); Epson SureColor SC-T3700D (epson-sc-t3700d); Epson SureColor SC-T3700DE (epson-sc-t3700de); Epson SureColor SC-T5700D (epson-sc-t5700d); Epson SureColor SC-T5700DM (epson-sc-t5700dm); Epson SureColor SC-T7700D (epson-sc-t7700d); Epson SureColor SC-T7700DM (epson-sc-t7700dm),https://www.keplertechllc.com/product/c13t50m200-epson-singlepack-cyan-ink/,https://www.keplertechllc.com/wp-content/uploads/2024/01/C13T50M200-Epson-Singlepack-Cyan-Ink.webp,"Genuine OEM C13T50M200 Epson Singlepack UltraChrome XD3 Cyan Ink delivering vibrant, archival-grade prints with wide color gamut."
C13T50MF00,C13T50MF00 Epson Singlepack UltraChrome XD3 Red Ink,Ink Cartridge,Epson,,220.0,10,,,7,Epson SureColor SC-T3700E (epson-sc-t3700e); Epson SureColor SC-T3700D (epson-sc-t3700d); Epson SureColor SC-T3700DE (epson-sc-t3700de); Epson SureColor SC-T5700D (epson-sc-t5700d); Epson SureColor SC-T5700DM (epson-sc-t5700dm); Epson SureColor SC-T7700D (epson-sc-t7700d); Epson SureColor SC-T7700DM (epson-sc-t7700dm),https://www.keplertechllc.com/product/c13t50mf00-epson-singlepack-red-ink/,https://www.keplertechllc.com/wp-content/uploads/2024/01/C13T50MF00-Epson-Singlepack-UltraChrome-XD3-Red-Ink.webp,"Genuine OEM C13T50MF00 Epson Singlepack UltraChrome XD3 Red Ink delivering vibrant, archival-grade prints with wide color gamut."
C13T50U100,C13T50U100 Epson Singlepack UltraChrome XD3 Photo Black Ink,Ink Cartridge,Epson,Black,220.0,10,,,7,Epson SureColor SC-T3700E (epson-sc-t3700e); Epson SureColor SC-T3700D (epson-sc-t3700d); Epson SureColor SC-T3700DE (epson-sc-t3700de); Epson SureColor SC-T5700D (epson-sc-t5700d); Epson SureColor SC-T5700DM (epson-sc-t5700dm); Epson SureColor SC-T7700D (epson-sc-t7700d); Epson SureColor SC-T7700DM (epson-sc-t7700dm),https://www.keplertechllc.com/product/c13t50u100-epson-photo-black-ink/,https://www.keplertechllc.com/wp-content/uploads/2024/01/C13T50U100-Epson-Singlepack-UltraChrome-XD3-Photo-Black-Ink.webp,"Genuine OEM C13T50U100 Epson Singlepack UltraChrome XD3 Photo Black Ink delivering vibrant, archival-grade prints with wide color gamut."
C13T50U300,C13T50U300 Epson Singlepack UltraChrome XD3 Magenta Ink,Ink Cartridge,Epson,Magenta,220.0,10,,,7,Epson SureColor SC-T3700E (epson-sc-t3700e); Epson SureColor SC-T3700D (epson-sc-t3700d); Epson SureColor SC-T3700DE (epson-sc-t3700de); Epson SureColor SC-T5700D (epson-sc-t5700d); Epson SureColor SC-T5700DM (epson-sc-t5700dm); Epson SureColor SC-T7700D (epson-sc-t7700d); Epson SureColor SC-T7700DM (epson-sc-t7700dm),https://www.keplertechllc.com/product/c13t50u300-epson-singlepack-magenta-ink/,https://www.keplertechllc.com/wp-content/uploads/2024/01/C13T50U300-Epson-Singlepack-UltraChrome-XD3-Magenta-Ink.webp,"Genuine OEM C13T50U300 Epson Singlepack UltraChrome XD3 Magenta Ink delivering vibrant, archival-grade prints with wide color gamut."
C13T50U400,C13T50U400 Epson Singlepack UltraChrome XD3 Yellow Ink,Ink Cartridge,Epson,Yellow,220.0,10,,,7,Epson SureColor SC-T3700E (epson-sc-t3700e); Epson SureColor SC-T3700D (epson-sc-t3700d); Epson SureColor SC-T3700DE (epson-sc-t3700de); Epson SureColor SC-T5700D (epson-sc-t5700d); Epson SureColor SC-T5700DM (epson-sc-t5700dm); Epson SureColor SC-T7700D (epson-sc-t7700d); Epson SureColor SC-T7700DM (epson-sc-t7700dm),https://www.keplertechllc.com/product/c13t50u400-epson-singlepack-yellow-ink/,https://www.keplertechllc.com/wp-content/uploads/2024/01/C13T50U400-Epson-Singlepack-UltraChrome-XD3-Yellow-Ink.webp,"Genuine OEM C13T50U400 Epson Singlepack UltraChrome XD3 Yellow Ink delivering vibrant, archival-grade prints with wide color gamut."
C13T50U200,C13T50U200 Epson Singlepack UltraChrome XD3 Cyan Ink,Ink Cartridge,Epson,Cyan,220.0,10,,,7,Epson SureColor SC-T3700E (epson-sc-t3700e); Epson SureColor SC-T3700D (epson-sc-t3700d); Epson SureColor SC-T3700DE (epson-sc-t3700de); Epson SureColor SC-T5700D (epson-sc-t5700d); Epson SureColor SC-T5700DM (epson-sc-t5700dm); Epson SureColor SC-T7700D (epson-sc-t7700d); Epson SureColor SC-T7700DM (epson-sc-t7700dm),https://www.keplertechllc.com/product/c13t50u200-epson-singlepack-cyan-ink/,https://www.keplertechllc.com/wp-content/uploads/2024/02/C13T50U200-Epson-Singlepack-UltraChrome-XD3-Cyan-Ink.webp,"Genuine OEM C13T50U200 Epson Singlepack UltraChrome XD3 Cyan Ink delivering vibrant, archival-grade prints with wide color gamut."
C13T50UF00,C13T50UF00 Epson Singlepack UltraChrome XD3 Red Ink,Ink Cartridge,Epson,,220.0,10,,,7,Epson SureColor SC-T3700E (epson-sc-t3700e); Epson SureColor SC-T3700D (epson-sc-t3700d); Epson SureColor SC-T3700DE (epson-sc-t3700de); Epson SureColor SC-T5700D (epson-sc-t5700d); Epson SureColor SC-T5700DM (epson-sc-t5700dm); Epson SureColor SC-T7700D (epson-sc-t7700d); Epson SureColor SC-T7700DM (epson-sc-t7700dm),https://www.keplertechllc.com/product/c13t50uf00-epson-singlepack-red-ink/,https://www.keplertechllc.com/wp-content/uploads/2024/02/C13T50UF00-Epson-Singlepack-UltraChrome-XD3-Red-Ink.webp,"Genuine OEM C13T50UF00 Epson Singlepack UltraChrome XD3 Red Ink delivering vibrant, archival-grade prints with wide color gamut."
C13T50U80N,C13T50U80N Epson Singlepack UltraChrome XD3 Matte Black Ink,Ink Cartridge,Epson,Black,220.0,0,Out of Stock,,7,Epson SureColor SC-T3700E (epson-sc-t3700e); Epson SureColor SC-T3700D (epson-sc-t3700d); Epson SureColor SC-T3700DE (epson-sc-t3700de); Epson SureColor SC-T5700D (epson-sc-t5700d); Epson SureColor SC-T5700DM (epson-sc-t5700dm); Epson SureColor SC-T7700D (epson-sc-t7700d); Epson SureColor SC-T7700DM (epson-sc-t7700dm),https://www.keplertechllc.com/product/c13t50u80n-epson-singlepack-ultrachrome-xd3-matte-black-ink/,https://www.keplertechllc.com/wp-content/uploads/2024/02/C13T50U80N-Epson-Singlepack-UltraChrome-XD3-Matte-Black-Ink.webp,"Genuine OEM C13T50U80N Epson Singlepack UltraChrome XD3 Matte Black Ink delivering vibrant, archival-grade prints with wide color gamut."
C13S210116,C13S210116 Epson Borderless Maintenance Box,Maintenance Box,Epson,,180.0,0,Out of Stock,,14,Epson SureColor SC-T3700E (epson-sc-t3700e); Epson SureColor SC-T3700D (epson-sc-t3700d); Epson SureColor SC-T3700DE (epson-sc-t3700de); Epson SureColor SC-T5700D (epson-sc-t5700d); Epson SureColor SC-T5700DM (epson-sc-t5700dm); Epson SureColor SC-T7700D (epson-sc-t7700d); Epson SureColor SC-T7700DL (epson-sc-t7700dl); Epson SureColor SC-T7700DM (epson-sc-t7700dm); Epson SureColor SC-P6500E (epson-sc-p6500e); Epson SureColor SC-P6500D (epson-sc-p6500d); Epson SureColor SC-P6500DE (epson-sc-p6500de); Epson SureColor SC-P8500D (epson-sc-p8500d); Epson SureColor SC-P8500DM (epson-sc-p8500dm); Epson SureColor SC-P20500 (epson-sc-p20500),https://www.keplertechllc.com/product/c13s210116-epson-borderless-maintenance-box/,https://www.keplertechllc.com/wp-content/uploads/2024/02/C13S210116-Epson-Borderless-Maintenance-Box.webp,Genuine OEM C13S210116 Epson Borderless Maintenance Box designed for reliable printer maintenance and waste ink collection.
C13S210115,C13S210115 Epson Maintenance Box (Tx700/Px500),Maintenance Box,Epson,,180.0,10,,,14,Epson SureColor SC-T3700E (epson-sc-t3700e); Epson SureColor SC-T3700D (epson-sc-t3700d); Epson SureColor SC-T3700DE (epson-sc-t3700de); Epson SureColor SC-T5700D (epson-sc-t5700d); Epson SureColor SC-T5700DM (epson-sc-t5700dm); Epson SureColor SC-T7700D (epson-sc-t7700d); Epson SureColor SC-T7700DL (epson-sc-t7700dl); Epson SureColor SC-T7700DM (epson-sc-t7700dm); Epson SureColor SC-P6500E (epson-sc-p6500e); Epson SureColor SC-P6500D (epson-sc-p6500d); Epson SureColor SC-P6500DE (epson-sc-p6500de); Epson SureColor SC-P8500D (epson-sc-p8500d); Epson SureColor SC-P8500DM (epson-sc-p8500dm); Epson SureColor SC-P20500 (epson-sc-p20500),https://www.keplertechllc.com/product/c13s210115-epson-maintenance-box/,https://www.keplertechllc.com/wp-content/uploads/2024/02/C13S210115-Epson-Maintenance-Box.webp,Genuine OEM C13S210115 Epson Maintenance Box (Tx700/Px500) designed for reliable printer maintenance and waste ink collection.
C13S210117,C13S210117 Epson Auto Cutter Blade,Accessory,Epson,,150.0,0,Out of Stock,,13,Epson SureColor SC-T3700E (epson-sc-t3700e); Epson SureColor SC-T3700D (epson-sc-t3700d); Epson SureColor SC-T3700DE (epson-sc-t3700de); Epson SureColor SC-T5700D (epson-sc-t5700d); Epson SureColor SC-T5700DM (epson-sc-t5700dm); Epson SureColor SC-T7700D (epson-sc-t7700d); Epson SureColor SC-T7700DL (epson-sc-t7700dl); Epson SureColor SC-T7700DM (epson-sc-t7700dm); Epson SureColor SC-P6500E (epson-sc-p6500e); Epson SureColor SC-P6500D (epson-sc-p6500d); Epson SureColor SC-P6500DE (epson-sc-p6500de); Epson SureColor SC-P8500D (epson-sc-p8500d); Epson SureColor SC-P8500DM (epson-sc-p8500dm),https://www.keplertechllc.com/product/c13s210117-epson-auto-cutter-blade/,https://www.keplertechllc.com/wp-content/uploads/2024/02/C13S210117-Epson-Auto-Cutter-Blade.webp,Authentic C13S210117 Epson Auto Cutter Blade for professional printing equipment.
C13T53A100,C13T53A100 Epson Ink PK 1.6L RIPS 6 Col,Ink Cartridge,Epson,,220.0,0,Out of Stock,,1,Epson SureColor SC-T7700DL (epson-sc-t7700dl),https://www.keplertechllc.com/product/c13t53a100-epson-sc-t7700dl-photo-black-ink/,https://www.keplertechllc.com/wp-content/uploads/2024/02/C13T53A100-Epson-Ink-PK-1.6L-RIPS-6-Col-T7700DL.webp,"Genuine OEM C13T53A100 Epson Ink PK 1.6L RIPS 6 Col delivering vibrant, archival-grade prints with wide color gamut."
C13T53A200,C13T53A200 Epson Ink Cyan 1.6L RIPS 6 Col,Ink Cartridge,Epson,Cyan,220.0,0,Out of Stock,,1,Epson SureColor SC-T7700DL (epson-sc-t7700dl),https://www.keplertechllc.com/product/c13t53a200-epson-sc-t7700dl-cyan-ink/,https://www.keplertechllc.com/wp-content/uploads/2024/02/C13T53A200-Epson-Ink-Cyan-1.6L-RIPS-6-Col.webp,"Genuine OEM C13T53A200 Epson Ink Cyan 1.6L RIPS 6 Col delivering vibrant, archival-grade prints with wide color gamut."
C13T53A800,C13T53A800 Epson Ink MK 1.6L RIPS 6 Col,Ink Cartridge,Epson,,220.0,0,Out of Stock,,1,Epson SureColor SC-T7700DL (epson-sc-t7700dl),https://www.keplertechllc.com/product/c13t53a800-epson-sc-t7700dl-matte-black-ink/,https://www.keplertechllc.com/wp-content/uploads/2024/02/C13T53A800-Epson-Ink-MK-1.6L-RIPS-6-Col.webp,"Genuine OEM C13T53A800 Epson Ink MK 1.6L RIPS 6 Col delivering vibrant, archival-grade prints with wide color gamut."
C13T53A300,C13T53A300 Epson Ink MAG 1.6L RIPS 6 Col,Ink Cartridge,Epson,,220.0,0,Out of Stock,,1,Epson SureColor SC-T7700DL (epson-sc-t7700dl),https://www.keplertechllc.com/product/c13t53a300-epson-ink-mag-1-6l-rips-6-col/,https://www.keplertechllc.com/wp-content/uploads/2024/02/C13T53A300-Epson-Ink-MAG-1.6L-RIPS-6-Col.webp,"Genuine OEM C13T53A300 Epson Ink MAG 1.6L RIPS 6 Col delivering vibrant, archival-grade prints with wide color gamut."
C13T53A400,C13T53A400 Epson Ink YEL 1.6L RIPS 6 Col,Ink Cartridge,Epson,,220.0,10,,,1,Epson SureColor SC-T7700DL (epson-sc-t7700dl),https://www.keplertechllc.com/product/c13t53a400-epson-sc-t7700dl-yellow-ink/,https://www.keplertechllc.com/wp-content/uploads/2024/02/C13T53A400-Epson-Ink-YEL-1.6L-RIPS-6-Col.webp,"Genuine OEM C13T53A400 Epson Ink YEL 1.6L RIPS 6 Col delivering vibrant, archival-grade prints with wide color gamut."
C13T53A900,C13T53A900 Epson Ink Red 1.6L RIPS 6 Col,Ink Cartridge,Epson,,220.0,10,,,1,Epson SureColor SC-T7700DL (epson-sc-t7700dl),https://www.keplertechllc.com/product/c13t53a900-epson-sc-t7700dl-red-ink/,https://www.keplertechllc.com/wp-content/uploads/2024/02/C13T53A900-Epson-Ink-Red-1.6L-RIPS-6-Col.webp,"Genuine OEM C13T53A900 Epson Ink Red 1.6L RIPS 6 Col delivering vibrant, archival-grade prints with wide color gamut."
C13T48M100,C13T48M100 Epson Singlepack UltraChrome Pro 6 Photo Black Ink,Ink Cartridge,Epson,Black,220.0,10,,,5,Epson SureColor SC-P6500E (epson-sc-p6500e); Epson SureColor SC-P6500D (epson-sc-p6500d); Epson SureColor SC-P6500DE (epson-sc-p6500de); Epson SureColor SC-P8500D (epson-sc-p8500d); Epson SureColor SC-P8500DM (epson-sc-p8500dm),https://www.keplertechllc.com/product/c13t48m100-epson-singlepack-photo-black-ink/,https://www.keplertechllc.com/wp-content/uploads/2024/02/C13T48M100-Epson-Singlepack-UltraChrome-Pro-6-Photo-Black-Ink.webp,"Genuine OEM C13T48M100 Epson Singlepack UltraChrome Pro 6 Photo Black Ink delivering vibrant, archival-grade prints with wide color gamut."
C13T48M200,C13T48M200 Epson Singlepack UltraChrome Pro 6 Cyan Ink,Ink Cartridge,Epson,Cyan,220.0,10,,,5,Epson SureColor SC-P6500E (epson-sc-p6500e); Epson SureColor SC-P6500D (epson-sc-p6500d); Epson SureColor SC-P6500DE (epson-sc-p6500de); Epson SureColor SC-P8500D (epson-sc-p8500d); Epson SureColor SC-P8500DM (epson-sc-p8500dm),https://www.keplertechllc.com/product/c13t48m200-singlepack-cyan-700ml-ink/,https://www.keplertechllc.com/wp-content/uploads/2024/02/C13T48M200-Epson-Singlepack-UltraChrome-Pro-6-Cyan-Ink.webp,"Genuine OEM C13T48M200 Epson Singlepack UltraChrome Pro 6 Cyan Ink delivering vibrant, archival-grade prints with wide color gamut."
C13T48M300,C13T48M300 Epson Singlepack UltraChrome Pro 6 Magenta Ink,Ink Cartridge,Epson,Magenta,220.0,0,Out of Stock,,5,Epson SureColor SC-P6500E (epson-sc-p6500e); Epson SureColor SC-P6500D (epson-sc-p6500d); Epson SureColor SC-P6500DE (epson-sc-p6500de); Epson SureColor SC-P8500D (epson-sc-p8500d); Epson SureColor SC-P8500DM (epson-sc-p8500dm),https://www.keplertechllc.com/product/c13t48m300-epson-singlepack-ultrachrome-pro-6-magenta-ink/,https://www.keplertechllc.com/wp-content/uploads/2024/02/C13T48M300-Epson-Singlepack-UltraChrome-Pro-6-Magenta-Ink.webp,"Genuine OEM C13T48M300 Epson Singlepack UltraChrome Pro 6 Magenta Ink delivering vibrant, archival-grade prints with wide color gamut."
C13T48M800,C13T48M800 Epson Singlepack UltraChrome Pro 6 Matte Black Ink,Ink Cartridge,Epson,Black,220.0,0,Out of Stock,,5,Epson SureColor SC-P6500E (epson-sc-p6500e); Epson SureColor SC-P6500D (epson-sc-p6500d); Epson SureColor SC-P6500DE (epson-sc-p6500de); Epson SureColor SC-P8500D (epson-sc-p8500d); Epson SureColor SC-P8500DM (epson-sc-p8500dm),https://www.keplertechllc.com/product/c13t48m800-epson-singlepack-matte-black-ink/,https://www.keplertechllc.com/wp-content/uploads/2024/02/C13T48M800-Epson-Singlepack-UltraChrome-Pro-6-Matte-Black-Ink.webp,"Genuine OEM C13T48M800 Epson Singlepack UltraChrome Pro 6 Matte Black Ink delivering vibrant, archival-grade prints with wide color gamut."
C13T48ME00,C13T48ME00 Epson Singlepack UltraChrome Pro 6 Gray Ink,Ink Cartridge,Epson,Gray,220.0,0,Out of Stock,,5,Epson SureColor SC-P6500E (epson-sc-p6500e); Epson SureColor SC-P6500D (epson-sc-p6500d); Epson SureColor SC-P6500DE (epson-sc-p6500de); Epson SureColor SC-P8500D (epson-sc-p8500d); Epson SureColor SC-P8500DM (epson-sc-p8500dm),https://www.keplertechllc.com/product/c13t48me00-epson-singlepack-gray-ink/,https://www.keplertechllc.com/wp-content/uploads/2024/02/C13T48ME00-Epson-Singlepack-UltraChrome-Pro-6-Gray-Ink.webp,"Genuine OEM C13T48ME00 Epson Singlepack UltraChrome Pro 6 Gray Ink delivering vibrant, archival-grade prints with wide color gamut."
C13T48M400,C13T48M400 Epson Singlepack UltraChrome Pro 6 Yellow Ink,Ink Cartridge,Epson,Yellow,220.0,0,Out of Stock,,5,Epson SureColor SC-P6500E (epson-sc-p6500e); Epson SureColor SC-P6500D (epson-sc-p6500d); Epson SureColor SC-P6500DE (epson-sc-p6500de); Epson SureColor SC-P8500D (epson-sc-p8500d); Epson SureColor SC-P8500DM (epson-sc-p8500dm),https://www.keplertechllc.com/product/c13t48m400-epson-singlepack-yellow-ink/,https://www.keplertechllc.com/wp-content/uploads/2024/02/C13T48M400-Epson-Singlepack-UltraChrome-Pro-6-Yellow-Ink.webp,"Genuine OEM C13T48M400 Epson Singlepack UltraChrome Pro 6 Yellow Ink delivering vibrant, archival-grade prints with wide color gamut."
C13T48U200,C13T48U200 Epson Singlepack UltraChrome Pro 6 Cyan Ink,Ink Cartridge,Epson,Cyan,220.0,10,,,5,Epson SureColor SC-P6500E (epson-sc-p6500e); Epson SureColor SC-P6500D (epson-sc-p6500d); Epson SureColor SC-P6500DE (epson-sc-p6500de); Epson SureColor SC-P8500D (epson-sc-p8500d); Epson SureColor SC-P8500DM (epson-sc-p8500dm),https://www.keplertechllc.com/product/c13t48u200-epson-singlepack-cyan-ink/,https://www.keplertechllc.com/wp-content/uploads/2024/02/C13T48U200-Epson-Singlepack-UltraChrome-Pro-6-Cyan-Ink.webp,"Genuine OEM C13T48U200 Epson Singlepack UltraChrome Pro 6 Cyan Ink delivering vibrant, archival-grade prints with wide color gamut."
C13T48U100,C13T48U100 Epson Singlepack UltraChrome Pro 6 Photo Black Ink,Ink Cartridge,Epson,Black,220.0,10,,,5,Epson SureColor SC-P6500E (epson-sc-p6500e); Epson SureColor SC-P6500D (epson-sc-p6500d); Epson SureColor SC-P6500DE (epson-sc-p6500de); Epson SureColor SC-P8500D (epson-sc-p8500d); Epson SureColor SC-P8500DM (epson-sc-p8500dm),https://www.keplertechllc.com/product/c13t48u100-epson-singlepack-photo-black-ink/,https://www.keplertechllc.com/wp-content/uploads/2024/02/C13T48U100-Epson-Singlepack-UltraChrome-Pro-6-Photo-Black-Ink.webp,"Genuine OEM C13T48U100 Epson Singlepack UltraChrome Pro 6 Photo Black Ink delivering vibrant, archival-grade prints with wide color gamut."
C13T48U300,C13T48U300 Epson Singlepack UltraChrome Pro 6 Magenta Ink,Ink Cartridge,Epson,Magenta,220.0,10,,,5,Epson SureColor SC-P6500E (epson-sc-p6500e); Epson SureColor SC-P6500D (epson-sc-p6500d); Epson SureColor SC-P6500DE (epson-sc-p6500de); Epson SureColor SC-P8500D (epson-sc-p8500d); Epson SureColor SC-P8500DM (epson-sc-p8500dm),https://www.keplertechllc.com/product/c13t48u300-epson-singlepack-magenta-ink/,https://www.keplertechllc.com/wp-content/uploads/2024/02/C13T48U300-Epson-Singlepack-UltraChrome-Pro-6-Magenta-Ink-1.webp,"Genuine OEM C13T48U300 Epson Singlepack UltraChrome Pro 6 Magenta Ink delivering vibrant, archival-grade prints with wide color gamut."
C13T48U400,C13T48U400 Epson Singlepack UltraChrome Pro 6 Yellow Ink,Ink Cartridge,Epson,Yellow,220.0,10,,,5,Epson SureColor SC-P6500E (epson-sc-p6500e); Epson SureColor SC-P6500D (epson-sc-p6500d); Epson SureColor SC-P6500DE (epson-sc-p6500de); Epson SureColor SC-P8500D (epson-sc-p8500d); Epson SureColor SC-P8500DM (epson-sc-p8500dm),https://www.keplertechllc.com/product/c13t48u400-epson-singlepack-yellow-ink/,https://www.keplertechllc.com/wp-content/uploads/2024/02/C13T48U400-Epson-Singlepack-UltraChrome-Pro-6-Yellow-Ink.webp,"Genuine OEM C13T48U400 Epson Singlepack UltraChrome Pro 6 Yellow Ink delivering vibrant, archival-grade prints with wide color gamut."
C13T48U800,C13T48U800 Epson Singlepack UltraChrome Pro 6 Matte Black Ink,Ink Cartridge,Epson,Black,220.0,0,Out of Stock,,5,Epson SureColor SC-P6500E (epson-sc-p6500e); Epson SureColor SC-P6500D (epson-sc-p6500d); Epson SureColor SC-P6500DE (epson-sc-p6500de); Epson SureColor SC-P8500D (epson-sc-p8500d); Epson SureColor SC-P8500DM (epson-sc-p8500dm),https://www.keplertechllc.com/product/c13t48u800-epson-singlepack-ultrachrome-pro-6-matte-black-ink/,https://www.keplertechllc.com/wp-content/uploads/2024/02/C13T48U800-Epson-Singlepack-UltraChrome-Pro-6-Matte-Black-Ink.webp,"Genuine OEM C13T48U800 Epson Singlepack UltraChrome Pro 6 Matte Black Ink delivering vibrant, archival-grade prints with wide color gamut."
C13T48UE00,C13T48UE00 Epson Singlepack UltraChrome Pro 6 Gray Ink,Ink Cartridge,Epson,Gray,220.0,10,,,5,Epson SureColor SC-P6500E (epson-sc-p6500e); Epson SureColor SC-P6500D (epson-sc-p6500d); Epson SureColor SC-P6500DE (epson-sc-p6500de); Epson SureColor SC-P8500D (epson-sc-p8500d); Epson SureColor SC-P8500DM (epson-sc-p8500dm),https://www.keplertechllc.com/product/c13t48ue00-epson-singlepack-gray-ink/,https://www.keplertechllc.com/wp-content/uploads/2024/02/C13T48UE00-Epson-Singlepack-UltraChrome-Pro-6-Gray-Ink.webp,"Genuine OEM C13T48UE00 Epson Singlepack UltraChrome Pro 6 Gray Ink delivering vibrant, archival-grade prints with wide color gamut."
C13T55W200,C13T55W200 Epson Cyan Ink Cartridge,Ink Cartridge,Epson,Cyan,220.0,0,Out of Stock,,1,Epson SureColor SC-P5300 (epson-sc-p5300),https://www.keplertechllc.com/product/c13t55w200-epson-cyan-ink-cartridge/,https://www.keplertechllc.com/wp-content/uploads/2024/02/C13T55W200-Epson-Cyan-Ink-Cartridge.webp,"Genuine OEM C13T55W200 Epson Cyan Ink Cartridge delivering vibrant, archival-grade prints with wide color gamut."
C13T55W100,C13T55W100 Epson Photo Black Ink Cartridge,Ink Cartridge,Epson,Black,220.0,0,Out of Stock,,1,Epson SureColor SC-P5300 (epson-sc-p5300),https://www.keplertechllc.com/product/c13t55w100-epson-photo-black-ink-cartridge/,https://www.keplertechllc.com/wp-content/uploads/2024/02/C13T55W100-Epson-Photo-Black-Ink-Cartridge.webp,"Genuine OEM C13T55W100 Epson Photo Black Ink Cartridge delivering vibrant, archival-grade prints with wide color gamut."
C13T55W300,C13T55W300 Epson Vivid Magenta Ink Cartridge,Ink Cartridge,Epson,Magenta,220.0,0,Out of Stock,,1,Epson SureColor SC-P5300 (epson-sc-p5300),https://www.keplertechllc.com/product/c13t55w300-epson-vivid-magenta-ink-cartridge/,https://www.keplertechllc.com/wp-content/uploads/2024/02/C13T55W300-Epson-Vivid-Magenta-Ink-Cartridge.webp,"Genuine OEM C13T55W300 Epson Vivid Magenta Ink Cartridge delivering vibrant, archival-grade prints with wide color gamut."
C13T55W500,C13T55W500 Epson Light Cyan Ink Cartridge,Ink Cartridge,Epson,Cyan,220.0,0,Out of Stock,,1,Epson SureColor SC-P5300 (epson-sc-p5300),https://www.keplertechllc.com/product/c13t55w500-epson-light-cyan-ink-cartridge/,https://www.keplertechllc.com/wp-content/uploads/2024/02/C13T55W500-Epson-Light-Cyan-Ink-Cartridge.webp,"Genuine OEM C13T55W500 Epson Light Cyan Ink Cartridge delivering vibrant, archival-grade prints with wide color gamut."
C13T55W400,C13T55W400 Epson Yellow Ink Cartridge,Ink Cartridge,Epson,Yellow,220.0,0,Out of Stock,,1,Epson SureColor SC-P5300 (epson-sc-p5300),https://www.keplertechllc.com/product/c13t55w400-epson-yellow-ink-cartridge/,https://www.keplertechllc.com/wp-content/uploads/2024/02/C13T55W400-Epson-Yellow-Ink-Cartridge.webp,"Genuine OEM C13T55W400 Epson Yellow Ink Cartridge delivering vibrant, archival-grade prints with wide color gamut."
C13T55W600,C13T55W600 Epson Vivid Light Magenta Ink Cartridge,Ink Cartridge,Epson,Magenta,220.0,10,,,1,Epson SureColor SC-P5300 (epson-sc-p5300),https://www.keplertechllc.com/product/c13t55w600-epson-vivid-light-magenta-ink/,https://www.keplertechllc.com/wp-content/uploads/2024/02/C13T55W600-Epson-Vivid-Light-Magenta-Ink.webp,"Genuine OEM C13T55W600 Epson Vivid Light Magenta Ink Cartridge delivering vibrant, archival-grade prints with wide color gamut."
C13T55W800,C13T55W800 Epson Matte Black Ink Cartridge,Ink Cartridge,Epson,Black,220.0,10,,,1,Epson SureColor SC-P5300 (epson-sc-p5300),https://www.keplertechllc.com/product/c13t55w800-epson-matte-black-ink/,https://www.keplertechllc.com/wp-content/uploads/2024/02/C13T55W800-Epson-Matte-Black-Ink-Cartridge.webp,"Genuine OEM C13T55W800 Epson Matte Black Ink Cartridge delivering vibrant, archival-grade prints with wide color gamut."
C13T55W700,C13T55W700 Epson Gray Ink Cartridge,Ink Cartridge,Epson,Gray,220.0,0,Out of Stock,,1,Epson SureColor SC-P5300 (epson-sc-p5300),https://www.keplertechllc.com/product/c13t55w700-epson-gray-ink-cartridge/,https://www.keplertechllc.com/wp-content/uploads/2024/02/C13T55W700-Epson-Gray-Ink.webp,"Genuine OEM C13T55W700 Epson Gray Ink Cartridge delivering vibrant, archival-grade prints with wide color gamut."
C13T55W900,C13T55W900 Epson Light Gray Ink Cartridge,Ink Cartridge,Epson,Gray,220.0,0,Out of Stock,,1,Epson SureColor SC-P5300 (epson-sc-p5300),https://www.keplertechllc.com/product/c13t55w900-epson-light-gray-ink-cartridge/,https://www.keplertechllc.com/wp-content/uploads/2024/02/C13T55W900-Epson-Light-Gray-Ink.webp,"Genuine OEM C13T55W900 Epson Light Gray Ink Cartridge delivering vibrant, archival-grade prints with wide color gamut."
C13T55WD00,C13T55WD00 Epson Violet Ink Cartridge,Ink Cartridge,Epson,Violet,220.0,0,Out of Stock,,1,Epson SureColor SC-P5300 (epson-sc-p5300),https://www.keplertechllc.com/product/c13t55wd00-epson-violet-ink-cartridge/,https://www.keplertechllc.com/wp-content/uploads/2024/02/C13T55WD00-Epson-Violet-Ink-Cartridge.webp,"Genuine OEM C13T55WD00 Epson Violet Ink Cartridge delivering vibrant, archival-grade prints with wide color gamut."
C13T56F100,"C13T56F100 Epson P-Series 64"" Photo Black IIPS Ink 1600ml",Ink Cartridge,Epson,Black,450.0,10,,,1,Epson SureColor SC-P20500 (epson-sc-p20500),https://www.keplertechllc.com/product/c13t56f100-epson-photo-black-ink-1600ml/,https://www.keplertechllc.com/wp-content/uploads/2024/08/PK.jpg.jpeg,"Genuine OEM C13T56F100 Epson P-Series 64"" Photo Black IIPS Ink 1600ml delivering vibrant, archival-grade prints with wide color gamut."
C13T56F200,"C13T56F200 Epson P-Series 64"" Cyan IIPS Ink 1600ml",Ink Cartridge,Epson,Cyan,450.0,10,,,1,Epson SureColor SC-P20500 (epson-sc-p20500),https://www.keplertechllc.com/product/c13t56f200-epson-cyan-iips-ink-1600ml/,https://www.keplertechllc.com/wp-content/uploads/2024/08/C.jpg.jpeg,"Genuine OEM C13T56F200 Epson P-Series 64"" Cyan IIPS Ink 1600ml delivering vibrant, archival-grade prints with wide color gamut."
C13T56F300,"C13T56F300 Epson P-Series 64"" Vivid Magenta IIPS Ink 1600ml",Ink Cartridge,Epson,Magenta,450.0,10,,,1,Epson SureColor SC-P20500 (epson-sc-p20500),https://www.keplertechllc.com/product/c13t56f300-epson-vivid-magenta-iips-ink/,https://www.keplertechllc.com/wp-content/uploads/2024/08/VM.jpg.jpeg,"Genuine OEM C13T56F300 Epson P-Series 64"" Vivid Magenta IIPS Ink 1600ml delivering vibrant, archival-grade prints with wide color gamut."
C13T56F400,"C13T56F400 Epson P-Series 64"" Yellow IIPS Ink 1600ml",Ink Cartridge,Epson,Yellow,450.0,10,,,1,Epson SureColor SC-P20500 (epson-sc-p20500),https://www.keplertechllc.com/product/c13t56f400-epson-yellow-iips-ink/,https://www.keplertechllc.com/wp-content/uploads/2024/08/Y.jpg.jpeg,"Genuine OEM C13T56F400 Epson P-Series 64"" Yellow IIPS Ink 1600ml delivering vibrant, archival-grade prints with wide color gamut."
C13T56F500,"C13T56F500 Epson P-Series 64"" Light Cyan IIPS Ink 1600ml",Ink Cartridge,Epson,Cyan,450.0,0,Out of Stock,,1,Epson SureColor SC-P20500 (epson-sc-p20500),https://www.keplertechllc.com/product/c13t56f500-epson-light-cyan-iips-ink-1600ml/,https://www.keplertechllc.com/wp-content/uploads/2024/08/LC.jpg.jpeg,"Genuine OEM C13T56F500 Epson P-Series 64"" Light Cyan IIPS Ink 1600ml delivering vibrant, archival-grade prints with wide color gamut."
C13T56F600,C13T56F600 Epson Vivid Light Magenta IIPS Ink 1600ml,Ink Cartridge,Epson,Magenta,450.0,10,,,1,Epson SureColor SC-P20500 (epson-sc-p20500),https://www.keplertechllc.com/product/c13t56f600-epson-vivid-light-magenta-iips-ink/,https://www.keplertechllc.com/wp-content/uploads/2024/08/VLM.jpg.jpeg,"Genuine OEM C13T56F600 Epson Vivid Light Magenta IIPS Ink 1600ml delivering vibrant, archival-grade prints with wide color gamut."
C13T56F700,"C13T56F700 Epson P-Series 64"" Gray IIPS Ink 1600ml",Ink Cartridge,Epson,Gray,450.0,10,,,1,Epson SureColor SC-P20500 (epson-sc-p20500),https://www.keplertechllc.com/product/c13t56f700-epson-gray-iips-ink/,https://www.keplertechllc.com/wp-content/uploads/2024/08/GY.jpg.jpeg,"Genuine OEM C13T56F700 Epson P-Series 64"" Gray IIPS Ink 1600ml delivering vibrant, archival-grade prints with wide color gamut."
C13T56F800,"C13T56F800 Epson P-Series 64"" Matte Black IIPS Ink 1600ml",Ink Cartridge,Epson,Black,450.0,10,,,1,Epson SureColor SC-P20500 (epson-sc-p20500),https://www.keplertechllc.com/product/c13t56f800-epson-matte-black-iips-ink/,https://www.keplertechllc.com/wp-content/uploads/2024/08/MK.jpg.jpeg,"Genuine OEM C13T56F800 Epson P-Series 64"" Matte Black IIPS Ink 1600ml delivering vibrant, archival-grade prints with wide color gamut."
C13T56F900,"C13T56F900 Epson P-Series 64"" Light Gray IIPS Ink 1600ml",Ink Cartridge,Epson,Gray,450.0,10,,,1,Epson SureColor SC-P20500 (epson-sc-p20500),https://www.keplertechllc.com/product/c13t56f900-epson-light-gray-iips-ink/,https://www.keplertechllc.com/wp-content/uploads/2024/08/LGY.jpg.jpeg,"Genuine OEM C13T56F900 Epson P-Series 64"" Light Gray IIPS Ink 1600ml delivering vibrant, archival-grade prints with wide color gamut."
C13T56FA00,"C13T56FA00 Epson P-Series 64"" Orange IIPS Ink 1600ml",Ink Cartridge,Epson,Orange,450.0,0,Out of Stock,,1,Epson SureColor SC-P20500 (epson-sc-p20500),https://www.keplertechllc.com/product/c13t56fa00-epson-orange-iips-ink/,https://www.keplertechllc.com/wp-content/uploads/2024/08/OR.jpg.jpeg,"Genuine OEM C13T56FA00 Epson P-Series 64"" Orange IIPS Ink 1600ml delivering vibrant, archival-grade prints with wide color gamut."
C13T56FB00,"C13T56FB00 Epson P-Series 64"" Green IIPS Ink 1600ml",Ink Cartridge,Epson,Green,450.0,0,Out of Stock,,1,Epson SureColor SC-P20500 (epson-sc-p20500),https://www.keplertechllc.com/product/c13t56fb00-epson-green-iips-ink/,https://www.keplertechllc.com/wp-content/uploads/2024/08/GR.jpg.jpeg,"Genuine OEM C13T56FB00 Epson P-Series 64"" Green IIPS Ink 1600ml delivering vibrant, archival-grade prints with wide color gamut."
C13T56FD00,"C13T56FD00 Epson P-Series 64"" Violet IIPS Ink 1600ml",Ink Cartridge,Epson,Violet,450.0,10,,,1,Epson SureColor SC-P20500 (epson-sc-p20500),https://www.keplertechllc.com/product/c13t56fd00-epson-violet-iips-ink/,https://www.keplertechllc.com/wp-content/uploads/2024/08/V.jpg.jpeg,"Genuine OEM C13T56FD00 Epson P-Series 64"" Violet IIPS Ink 1600ml delivering vibrant, archival-grade prints with wide color gamut."
10-ACP3X,AirCastPro3 - Mobile and Desktop Wireless Print Server,Accessory,Epson,,150.0,10,,,0,,https://www.keplertechllc.com/product/aircastpro-3-wireless-print-server/,https://www.keplertechllc.com/wp-content/uploads/2024/10/AirCastPro3-Wireless-Print-Server.webp,Authentic AirCastPro3 - Mobile and Desktop Wireless Print Server for professional printing equipment.
C13T08N440,C13T08N440 Epson WorkForce AM-C400 Yellow Ink,Ink Cartridge,Epson,Yellow,220.0,0,Out of Stock,"Up to 31,500 pages Black / 28,000 pages Colour (High-Yield Industrial Ink Packs)",1,Epson WorkForce AM-C400 (epson-am-c400),https://www.keplertechllc.com/product/c13t08n440-epson-workforce-am-c400-yellow-ink/,https://www.keplertechllc.com/wp-content/uploads/2025/01/C13T08N440-Epson-WorkForce-AM-C400-Yellow-Ink.webp,"Genuine OEM C13T08N440 Epson WorkForce AM-C400 Yellow Ink delivering vibrant, archival-grade prints with wide color gamut."
C13T08N240,C13T08N240 Epson WorkForce AM-C400 Cyan Ink,Ink Cartridge,Epson,Cyan,220.0,0,Out of Stock,"Up to 31,500 pages Black / 28,000 pages Colour (High-Yield Industrial Ink Packs)",1,Epson WorkForce AM-C400 (epson-am-c400),https://www.keplertechllc.com/product/c13t08n240-epson-workforce-am-c400-cyan-ink/,https://www.keplertechllc.com/wp-content/uploads/2025/01/C13T08N240-Epson-WorkForce-AM-C400-Cyan-Ink.webp,"Genuine OEM C13T08N240 Epson WorkForce AM-C400 Cyan Ink delivering vibrant, archival-grade prints with wide color gamut."
C13T08N340,C13T08N340 Epson WorkForce AM-C400 Magenta Ink,Ink Cartridge,Epson,Magenta,220.0,0,Out of Stock,"Up to 31,500 pages Black / 28,000 pages Colour (High-Yield Industrial Ink Packs)",1,Epson WorkForce AM-C400 (epson-am-c400),https://www.keplertechllc.com/product/c13t08n340-epson-wf-am-c400-magenta-ink/,https://www.keplertechllc.com/wp-content/uploads/2025/01/C13T08N340-Epson-WorkForce-AM-C400-Magenta-Ink.webp,"Genuine OEM C13T08N340 Epson WorkForce AM-C400 Magenta Ink delivering vibrant, archival-grade prints with wide color gamut."
C13T08N140,C13T08N140 Epson WorkForce AM-C400 Black Ink,Ink Cartridge,Epson,Black,220.0,0,Out of Stock,"Up to 31,500 pages Black / 28,000 pages Colour (High-Yield Industrial Ink Packs)",1,Epson WorkForce AM-C400 (epson-am-c400),https://www.keplertechllc.com/product/c13t08n140-epson-wf-am-c400-black-ink/,https://www.keplertechllc.com/wp-content/uploads/2025/01/C13T08N140-Epson-WorkForce-AM-C400-Black-Ink.webp,"Genuine OEM C13T08N140 Epson WorkForce AM-C400 Black Ink delivering vibrant, archival-grade prints with wide color gamut."
C12C937201,C12C937201 Epson Maintenance Box AM-C400/550,Maintenance Box,Epson,,180.0,0,Out of Stock,"Up to 31,500 pages Black / 28,000 pages Colour (High-Yield Industrial Ink Packs)",2,Epson WorkForce AM-C400 (epson-am-c400); Epson WorkForce AM-C550 (epson-am-c550),https://www.keplertechllc.com/product/c12c937201-epson-maintenance-box/,https://www.keplertechllc.com/wp-content/uploads/2025/01/C12C937201-Epson-Maintenance-Box-AM-C400550.webp,Genuine OEM C12C937201 Epson Maintenance Box AM-C400/550 designed for reliable printer maintenance and waste ink collection.
C13T08Q140,C13T08Q140 Epson WorkForce AM-C550 Black Ink,Ink Cartridge,Epson,Black,220.0,0,Out of Stock,"Up to 31,500 pages Black / 28,000 pages Colour (High-Yield Industrial Ink Packs)",1,Epson WorkForce AM-C550 (epson-am-c550),https://www.keplertechllc.com/product/c13t08q140-epson-wf-am-c550-black-ink/,https://www.keplertechllc.com/wp-content/uploads/2025/01/C13T08Q140-Epson-WorkForce-AM-C550-Black-Ink.webp,"Genuine OEM C13T08Q140 Epson WorkForce AM-C550 Black Ink delivering vibrant, archival-grade prints with wide color gamut."
C13T08Q440,C13T08Q440 Epson WorkForce AM-C550 Yellow Ink,Ink Cartridge,Epson,Yellow,220.0,0,Out of Stock,"Up to 31,500 pages Black / 28,000 pages Colour (High-Yield Industrial Ink Packs)",1,Epson WorkForce AM-C550 (epson-am-c550),https://www.keplertechllc.com/product/c13t08q440-epson-wf-am-c550-yellow-ink/,https://www.keplertechllc.com/wp-content/uploads/2025/01/C13T08Q440-Epson-WorkForce-AM-C550-Yellow-Ink.webp,"Genuine OEM C13T08Q440 Epson WorkForce AM-C550 Yellow Ink delivering vibrant, archival-grade prints with wide color gamut."
C13T08Q340,C13T08Q340 Epson WorkForce AM-C550 Magenta Ink,Ink Cartridge,Epson,Magenta,220.0,0,Out of Stock,"Up to 31,500 pages Black / 28,000 pages Colour (High-Yield Industrial Ink Packs)",1,Epson WorkForce AM-C550 (epson-am-c550),https://www.keplertechllc.com/product/c13t08q340-epson-wf-am-c550-cyan-ink/,https://www.keplertechllc.com/wp-content/uploads/2025/01/C13T08Q340-Epson-WorkForce-AM-C550-Cyan-Ink.webp,"Genuine OEM C13T08Q340 Epson WorkForce AM-C550 Magenta Ink delivering vibrant, archival-grade prints with wide color gamut."
C13T08Q240,C13T08Q240 Epson WorkForce AM-C550 Cyan Ink,Ink Cartridge,Epson,Cyan,220.0,0,Out of Stock,"Up to 31,500 pages Black / 28,000 pages Colour (High-Yield Industrial Ink Packs)",1,Epson WorkForce AM-C550 (epson-am-c550),https://www.keplertechllc.com/product/c13t08q340-epson-wf-am-c550-cyan-ink/,https://www.keplertechllc.com/wp-content/uploads/2025/01/C13T08Q340-Epson-WorkForce-AM-C550-Cyan-Ink.webp,"Genuine OEM C13T08Q240 Epson WorkForce AM-C550 Cyan Ink delivering vibrant, archival-grade prints with wide color gamut."
C13T11N140,C13T11N140 Epson WorkForce Pro EM-C800R Black XL Ink,Ink Cartridge,Epson,Black,220.0,10,,"Up to 50,000 pages Black / 20,000 pages Colour (Replaceable Ink Supply Bags (RIPS))",1,Epson WorkForce Pro EM-C800 (epson-em-c800),https://www.keplertechllc.com/product/c13t11p140-epson-workforce-pro-em-c800r-black-xxl-ink/,https://www.keplertechllc.com/wp-content/uploads/2025/08/7.jpg,"Genuine OEM C13T11N140 Epson WorkForce Pro EM-C800R Black XL Ink delivering vibrant, archival-grade prints with wide color gamut."
C13T11P140,C13T11P140 Epson WorkForce Pro EM-C800R Black XXL Ink,Ink Cartridge,Epson,Black,450.0,0,Out of Stock,"Up to 50,000 pages Black / 20,000 pages Colour (Replaceable Ink Supply Bags (RIPS))",1,Epson WorkForce Pro EM-C800 (epson-em-c800),https://www.keplertechllc.com/product/c13t11p140-epson-workforce-pro-em-c800r-black-xxl-ink/,https://www.keplertechllc.com/wp-content/uploads/2025/08/7.jpg,"Genuine OEM C13T11P140 Epson WorkForce Pro EM-C800R Black XXL Ink delivering vibrant, archival-grade prints with wide color gamut."
C13T11N240,C13T11N240 Epson WorkForce Pro EM-C800R Cyan XL Ink,Ink Cartridge,Epson,Cyan,220.0,0,Out of Stock,"Up to 50,000 pages Black / 20,000 pages Colour (Replaceable Ink Supply Bags (RIPS))",1,Epson WorkForce Pro EM-C800 (epson-em-c800),https://www.keplertechllc.com/product/c13t11n240-epson-workforce-pro-em-c800r-cyan-xl-ink/,https://www.keplertechllc.com/wp-content/uploads/2025/08/3.jpg,"Genuine OEM C13T11N240 Epson WorkForce Pro EM-C800R Cyan XL Ink delivering vibrant, archival-grade prints with wide color gamut."
C13T11P240,C13T11P240 Epson WorkForce Pro EM-C800R Cyan XXL Ink,Ink Cartridge,Epson,Cyan,450.0,0,Out of Stock,"Up to 50,000 pages Black / 20,000 pages Colour (Replaceable Ink Supply Bags (RIPS))",1,Epson WorkForce Pro EM-C800 (epson-em-c800),https://www.keplertechllc.com/product/c13t11p240-epson-workforce-pro-em-c800r-cyan-xxl-ink/,https://www.keplertechllc.com/wp-content/uploads/2025/08/2.jpg,"Genuine OEM C13T11P240 Epson WorkForce Pro EM-C800R Cyan XXL Ink delivering vibrant, archival-grade prints with wide color gamut."
C13T11N340,C13T11N340 Epson WorkForce Pro EM-C800R Magenta XL Ink,Ink Cartridge,Epson,Magenta,220.0,0,Out of Stock,"Up to 50,000 pages Black / 20,000 pages Colour (Replaceable Ink Supply Bags (RIPS))",1,Epson WorkForce Pro EM-C800 (epson-em-c800),https://www.keplertechllc.com/product/c13t11n340-epson-workforce-pro-em-c800r-magenta-xl-ink/,https://www.keplertechllc.com/wp-content/uploads/2025/08/5.jpg,"Genuine OEM C13T11N340 Epson WorkForce Pro EM-C800R Magenta XL Ink delivering vibrant, archival-grade prints with wide color gamut."
C13T11P340,C13T11P340 Epson WorkForce Pro EM-C800R Magenta XXL Ink,Ink Cartridge,Epson,Magenta,450.0,0,Out of Stock,"Up to 50,000 pages Black / 20,000 pages Colour (Replaceable Ink Supply Bags (RIPS))",1,Epson WorkForce Pro EM-C800 (epson-em-c800),https://www.keplertechllc.com/product/c13t11p340-epson-workforce-pro-em-c800r-magenta-xxl-ink/,https://www.keplertechllc.com/wp-content/uploads/2025/08/4.jpg,"Genuine OEM C13T11P340 Epson WorkForce Pro EM-C800R Magenta XXL Ink delivering vibrant, archival-grade prints with wide color gamut."
C13T11N440,C13T11N440 Epson WorkForce Pro EM-C800R Yellow XL Ink,Ink Cartridge,Epson,Yellow,220.0,0,Out of Stock,"Up to 50,000 pages Black / 20,000 pages Colour (Replaceable Ink Supply Bags (RIPS))",1,Epson WorkForce Pro EM-C800 (epson-em-c800),https://www.keplertechllc.com/product/c13t11n440-epson-workforce-pro-em-c800r-yellow-xl-ink/,https://www.keplertechllc.com/wp-content/uploads/2025/08/6.jpg,"Genuine OEM C13T11N440 Epson WorkForce Pro EM-C800R Yellow XL Ink delivering vibrant, archival-grade prints with wide color gamut."
C13T11P440,C13T11P440 Epson WorkForce Pro EM-C800R Yellow XXL Ink,Ink Cartridge,Epson,Yellow,450.0,0,Out of Stock,"Up to 50,000 pages Black / 20,000 pages Colour (Replaceable Ink Supply Bags (RIPS))",1,Epson WorkForce Pro EM-C800 (epson-em-c800),https://www.keplertechllc.com/product/c13t11p440-epson-workforce-pro-em-c800r-yellow-xxl-ink/,https://www.keplertechllc.com/wp-content/uploads/2025/08/1.jpg,"Genuine OEM C13T11P440 Epson WorkForce Pro EM-C800R Yellow XXL Ink delivering vibrant, archival-grade prints with wide color gamut."
C13S400082,C13S400082 DS Transfer General Purpose 210mm×30.5m,Accessory,Epson,,150.0,10,,,1,Epson SureColor SC-F500 (epson-sc-f500),https://www.keplertechllc.com/product/c13s400082-ds-transfer-general-purpose-210mmx30-5m/,https://www.keplertechllc.com/wp-content/uploads/2026/04/C13S400082-1.jpg,Authentic C13S400082 DS Transfer General Purpose 210mm×30.5m for professional printing equipment.
C13S400081,C13S400081 DS Transfer General Purpose 297mm × 30.5m,Accessory,Epson,,150.0,10,,,1,Epson SureColor SC-F500 (epson-sc-f500),https://www.keplertechllc.com/product/c13s400081-ds-transfer-general-purpose-297mm-x-30-5m/,https://www.keplertechllc.com/wp-content/uploads/2026/04/C13S400081.jpg,Authentic C13S400081 DS Transfer General Purpose 297mm × 30.5m for professional printing equipment.
C13S400079,C13S400079 DS Transfer General Purpose 432mm×30.5m,Accessory,Epson,,150.0,10,,,1,Epson SureColor SC-F500 (epson-sc-f500),https://www.keplertechllc.com/product/c13s400079-ds-transfer-general-purpose-432mmx30-5m/,https://www.keplertechllc.com/wp-content/uploads/2026/04/C13S400079.jpg,Authentic C13S400079 DS Transfer General Purpose 432mm×30.5m for professional printing equipment.
C13S400080,C13S400080 DS Transfer General Purpose 610mm × 30.5m,Accessory,Epson,,150.0,10,,,1,Epson SureColor SC-F500 (epson-sc-f500),https://www.keplertechllc.com/product/c13s400080-ds-transfer-general-purpose-610mm-x-30-5m/,https://www.keplertechllc.com/wp-content/uploads/2026/04/C13S400080.jpg,Authentic C13S400080 DS Transfer General Purpose 610mm × 30.5m for professional printing equipment.
C13S400077,C13S400077 DS Transfer General Purpose A3 Sheets,Accessory,Epson,,150.0,0,Out of Stock,,2,Epson SureColor SC-F100 (epson-sc-f100); Epson SureColor SC-F500 (epson-sc-f500),https://www.keplertechllc.com/product/c13s400077-ds-transfer-general-purpose-a3-sheets/,https://www.keplertechllc.com/wp-content/uploads/2026/04/C13S400077.jpg,Authentic C13S400077 DS Transfer General Purpose A3 Sheets for professional printing equipment.
C13S400078,C13S400078 DS Transfer General Purpose A4 Sheets,Accessory,Epson,,150.0,0,Out of Stock,,2,Epson SureColor SC-F100 (epson-sc-f100); Epson SureColor SC-F500 (epson-sc-f500),https://www.keplertechllc.com/product/c13s400078-ds-transfer-general-purpose-a4-sheets/,https://www.keplertechllc.com/wp-content/uploads/2026/04/C13S400078.jpg,Authentic C13S400078 DS Transfer General Purpose A4 Sheets for professional printing equipment.
C13S210055,C13S210055 Auto Cutter Spare Blade LFP desktop,Accessory,Epson,,150.0,0,Out of Stock,,4,Epson SureColor SC-T3100 (epson-sc-t3100); Epson SureColor SC-T5100 (epson-sc-t5100); Epson SureColor SC-T5100M (epson-sc-t5100m); Epson SureColor SC-F500 (epson-sc-f500),https://www.keplertechllc.com/product/c13s210055-auto-cutter-spare-blade-lfp-desktop/,https://www.keplertechllc.com/wp-content/uploads/2026/04/C13S210055.jpg,Authentic C13S210055 Auto Cutter Spare Blade LFP desktop for professional printing equipment.
18745,C13S210057 Maintenance Box: LPF desktop,Maintenance Box,Epson,,180.0,10,,,0,,https://www.keplertechllc.com/product/c13s210057-epson-maintenance-box-lfp-desktop/,https://www.keplertechllc.com/wp-content/uploads/2023/08/C13S210057-Epson-Maintenance-box-LFP-Desktop.webp,Genuine OEM C13S210057 Maintenance Box: LPF desktop designed for reliable printer maintenance and waste ink collection.
C13T946240,C13T946240 Epson WF-C5290/WF-C5790 Series XXL Cyan Ink Cartridge,Ink Cartridge,Epson,Cyan,380.0,10,In Stock,,0,,https://www.keplertechllc.com/product/c13t946140-epson-wf-c5290-wf-c5790-series-ink-cartridge-xxl-black/,https://www.keplertechllc.com/wp-content/uploads/2023/04/WF-C5290-WF-C5790-Ink-Cartridge-XXL-Black-C13T946140.webp,"Genuine OEM C13T946240 Epson WorkForce Pro WF-C5290 / WF-C5790 XXL Cyan Ink Cartridge (5,000 pages)."
C13T946340,C13T946340 Epson WF-C5290/WF-C5790 Series XXL Magenta Ink Cartridge,Ink Cartridge,Epson,Magenta,380.0,10,In Stock,,0,,https://www.keplertechllc.com/product/c13t946140-epson-wf-c5290-wf-c5790-series-ink-cartridge-xxl-black/,https://www.keplertechllc.com/wp-content/uploads/2023/04/WF-C5290-WF-C5790-Ink-Cartridge-XXL-Black-C13T946140.webp,"Genuine OEM C13T946340 Epson WorkForce Pro WF-C5290 / WF-C5790 XXL Magenta Ink Cartridge (5,000 pages)."
C13T946440,C13T946440 Epson WF-C5290/WF-C5790 Series XXL Yellow Ink Cartridge,Ink Cartridge,Epson,Yellow,380.0,10,In Stock,,0,,https://www.keplertechllc.com/product/c13t946140-epson-wf-c5290-wf-c5790-series-ink-cartridge-xxl-black/,https://www.keplertechllc.com/wp-content/uploads/2023/04/WF-C5290-WF-C5790-Ink-Cartridge-XXL-Black-C13T946140.webp,"Genuine OEM C13T946440 Epson WorkForce Pro WF-C5290 / WF-C5790 XXL Yellow Ink Cartridge (5,000 pages)."
