item_type,id_or_sku,name,brand,category,subcategory,product_url,image_url,brochure_url,price_aed,key_specifications,consumables_or_media_summary,description
Hardware Printer,epson-wf-c5890-dwf,Epson WorkForce Pro WF-C5890 DWF,Epson,office_printer,a4_colour_multifunction,https://www.keplertechllc.com/product/epson-workforce-pro-wf-c5890-dwf-printer/,https://www.keplertechllc.com/wp-content/uploads/2023/07/Epson-WorkForce-Pro-WF-C5890-Printer.webp,,1656.0,"Sizes: A4, A5, A6, B5, Letter, Legal | Max Width: 8.5"" | Speed: 25 ISO ppm black / 25 ISO ppm colour (simplex); 16 ipm duplex | DPI: 4,800 × 1,200 DPI | Colours: Epson DURABrite Ultra Pigment Inks (Water & highlighter resistant)","10 genuine consumables: C12C938211, C13T11C140, C13T11C240, C13T11C340, C13T11C440, C13T11D140, C13T11D240, C13T11D340, C13T11D440, C13T11E140","office_documents, invoices, business_reports"
Hardware Printer,epson-em-c800,Epson WorkForce Pro EM-C800,Epson,office_printer,a4_colour_multifunction,https://www.keplertechllc.com/product/epson-workforce-pro-em-c800/,https://www.keplertechllc.com/wp-content/uploads/2025/08/Epson-WorkForce-Pro-EM-C800-scaled.webp,,Price on Request,"Sizes: A4, A5, A6, B5, Letter, Legal | Max Width: 8.5"" | Speed: 25 ISO ppm black / 25 ISO ppm colour | DPI: 4,800 × 1,200 DPI | Colours: Epson DURABrite Pro Pigment Inks with PrecisionCore Heat-Free Technology","9 genuine consumables: C12C938211, C13T11N140, C13T11N240, C13T11N340, C13T11N440, C13T11P140, C13T11P240, C13T11P340, C13T11P440","office_documents, high_yield_workgroups, business_reports"
Hardware Printer,epson-am-c400,Epson WorkForce AM-C400,Epson,office_printer,a4_colour_multifunction,https://www.keplertechllc.com/product/epson-wf-am-c400-a4-printer/,https://www.keplertechllc.com/wp-content/uploads/2025/01/Epson-WorkForce-Enterprise%E2%80%8B-AM-C400-Printer-1.webp,https://www.keplertechllc.com/wp-content/uploads/2023/06/Epson-WorkForce-Enterprise-WF-AM-C4000-Printer-Datasheet.pdf,Price on Request,"Sizes: A4, A5, Letter, Legal | Max Width: 8.5"" | Speed: 40 ISO ppm black / 40 ISO ppm colour | DPI: 600 × 2,400 DPI | Colours: DURABrite Pro Aqueous Pigment Inks with PrecisionCore Line Head","5 genuine consumables: C12C937201, C13T08N140, C13T08N240, C13T08N340, C13T08N440","enterprise_workgroups, office_documents, departmental_printing"
Hardware Printer,epson-am-c550,Epson WorkForce AM-C550,Epson,office_printer,a4_colour_multifunction,https://www.keplertechllc.com/product/epson-wf-am-c550-a4-multifunction-printer/,https://www.keplertechllc.com/wp-content/uploads/2025/01/Epson-WorkForce-AM-C550-A4-Color-Multifunction-Printer.webp,https://www.keplertechllc.com/wp-content/uploads/2025/01/Epson-WorkForce-AM-C550-A4-Color-Multifunction-Printer.pdf,9000.0,"Sizes: A4, A5, Letter, Legal | Max Width: 8.5"" | Speed: 55 ISO ppm black / 55 ISO ppm colour | DPI: 600 × 2,400 DPI | Colours: DURABrite Pro Aqueous Pigment Inks with PrecisionCore Line Head","5 genuine consumables: C12C937201, C13T08Q140, C13T08Q240, C13T08Q340, C13T08Q440","The Epson WorkForce AM-C550 A4 Color Multifunction Printer is a compact, energy-efficient MFP and photocopier designed to enhance productivity. With fast FPOT, high print speeds, and dependable performance, it delivers outstanding results for demanding workflows. Ideal for modern businesses, it seamlessly blends innovation and efficiency to manage all your printing and photocopying needs with ease.
A4 Multifunctional Printer
Print Speed (ISO): 55 ppm
Scanning speed: 50 ipm/100 ipm (simplex/duplex)
PrecisionCore Heat-Free Technology
User-Friendly 10.1″ Color Touchscreen
ENERGY STAR® qualified
Product Data Sheet"
Hardware Printer,epson-wf-c878r-dwf,Epson WorkForce Pro WF-C878R DWF,Epson,office_printer,a3_workforce_pro_multifunction,https://www.keplertechllc.com/product/epson-workforce-pro-wf-c878r-dwf-multifunction-color-printer/,https://www.keplertechllc.com/wp-content/uploads/2023/04/Epson-WorkForce-C878R-Business-Printer.webp,,6500.0,"Sizes: A4, A3, A3+, Letter, Legal, Tabloid | Max Width: 13.0"" | Speed: 25 ISO ppm black / 24 ISO ppm colour | DPI: 4,800 × 1,200 DPI | Colours: Epson DURABrite Pro Pigment Inks (Archival & quick-drying)","5 genuine consumables: C13T671400, C13T05A100, C13T05A200, C13T05A300, C13T05A400","office_documents, a3_spreadsheets, marketing_collateral"
Hardware Printer,epson-wf-c879r-dwf,Epson WorkForce Pro WF-C879R DWF,Epson,office_printer,a3_workforce_pro_multifunction,https://www.keplertechllc.com/product/epson-workforce-pro-wf-c879r-dtwf-multifunction-printer/,https://www.keplertechllc.com/wp-content/uploads/2023/04/Epson-WorkForce-Printer-C879R.webp,,7600.0,"Sizes: A4, A3, A3+, Letter, Legal, Tabloid | Max Width: 13.0"" | Speed: 26 ISO ppm black / 25 ISO ppm colour; Scan: up to 100 ipm single-pass duplex | DPI: 4,800 × 1,200 DPI | Colours: Epson DURABrite Pro Pigment Inks","9 genuine consumables: C13T671400, C13T05A100, C13T05A200, C13T05A300, C13T05A400, C13T05B140, C13T05B240, C13T05B340, C13T05B440","office_documents, high_yield_a3, heavy_workgroups"
Hardware Printer,epson-am-c4000,Epson WorkForce Enterprise AM-C4000,Epson,office_printer,a3_enterprise_multifunction,https://www.keplertechllc.com/product/epson-workforce-enterprise-am-c4000-printer/,https://www.keplertechllc.com/wp-content/uploads/2023/06/WorkForce-Enterprise%E2%80%8B-AM-C4000%E2%80%8B.webp,https://www.keplertechllc.com/wp-content/uploads/2023/06/Epson-WorkForce-Enterprise-WF-AM-C4000-Printer-Datasheet.pdf,Price on Request,"Sizes: A4, A3, A3+, Letter, Legal, Tabloid | Max Width: 13.0"" | Speed: 40 ISO ppm black / 40 ISO ppm colour | DPI: 600 × 2,400 DPI | Colours: DURABrite Pro Aqueous Pigment Inks with PrecisionCore Line Head","5 genuine consumables: C12C937181, C13T08H100, C13T08H200, C13T08H300, C13T08H400","The Epson WorkForce Enterprise AM C4000 is a powerful inkjet printer and photocopier machine built for high-speed, eco-friendly business printing. With PrecisionCore Heat-Free technology, advanced cloud and mobile connectivity, and robust finishing options, this enterprise printing solution is perfect for businesses that demand speed, quality, and sustainability. Experience uninterrupted productivity and professional output with the Epson AM C4000 multifunction Epson Inkjet Printer.
Designed to meet the evolving needs of modern offices, the Epson AM C4000 offers a compact footprint without compromising on performance. Whether you’re handling large print volumes, scanning critical documents, or ensuring secure access across departments, this Workforce Enterprise AM C4000 printer delivers reliability and precision at every step.
40 ISO ppm print speed with Heat-Free PrecisionCore technology
High-resolution output at 600 x 2400 dpi
Large 5,150-sheet paper capacity for uninterrupted printing
Dual-head, single-pass duplex scanning up to 120 IPM
Secure enterprise printing with Epson Print Admin
Professional finishing options, including stapling and booklet making
Product Data Sheet"
Hardware Printer,epson-am-c5000,Epson WorkForce Enterprise AM-C5000,Epson,office_printer,a3_enterprise_multifunction,https://www.keplertechllc.com/product/epson-workforce-enterprise-am-c5000-printer/,https://www.keplertechllc.com/wp-content/uploads/2023/06/WorkForce-Enterprise%E2%80%8B-AM-C4000%E2%80%8B-1.webp,,Price on Request,"Sizes: A4, A3, A3+, Letter, Legal, Tabloid | Max Width: 13.0"" | Speed: 50 ISO ppm black / 50 ISO ppm colour | DPI: 600 × 2,400 DPI | Colours: DURABrite Pro Aqueous Pigment Inks with PrecisionCore Line Head","5 genuine consumables: C12C937181, C13T08G100, C13T08G200, C13T08G300, C13T08G400","enterprise_copier_replacement, 50ppm_departmental, high_volume_office"
Hardware Printer,epson-am-c6000,Epson WorkForce Enterprise AM-C6000,Epson,office_printer,a3_enterprise_multifunction,https://www.keplertechllc.com/product/epson-workforce-enterprise-am-c6000-printer/,https://www.keplertechllc.com/wp-content/uploads/2023/06/WorkForce-Enterprise%E2%80%8B-AM-C4000%E2%80%8B-2.webp,,Price on Request,"Sizes: A4, A3, A3+, Letter, Legal, Tabloid | Max Width: 13.0"" | Speed: 60 ISO ppm black / 60 ISO ppm colour | DPI: 600 × 2,400 DPI | Colours: DURABrite Pro Aqueous Pigment Inks with PrecisionCore Line Head","5 genuine consumables: C12C937181, C13T08G100, C13T08G200, C13T08G300, C13T08G400","enterprise_copier_replacement, 60ppm_departmental, heavy_central_reprographics"
Hardware Printer,epson-wf-c21000-d4tw,Epson WorkForce Enterprise WF-C21000 D4TW,Epson,office_printer,a3_enterprise_multifunction,https://www.keplertechllc.com/product/epson-workforce-enterprise-wf-c21000-multi-function-printer/,https://www.keplertechllc.com/wp-content/uploads/2023/04/Epson-WorkForce-Enterprise-WF-C20600.webp,,Price on Request,"Sizes: A4, A3, A3+, Letter, Legal, Tabloid | Max Width: 13.0"" | Speed: 100 ISO ppm black / 100 ISO ppm colour | DPI: 600 × 2,400 DPI | Colours: DURABrite Pro Industrial Pigment Ink (Heat-Free PrecisionCore Array)","5 genuine consumables: C13T671300, C13T02Y100, C13T02Y200, C13T02Y300, C13T02Y400","100ppm_production_office, high_volume_central_reproduction, enterprise"
Hardware Printer,epson-sc-t3100,Epson SureColor SC-T3100,Epson,technical_large_format,technical_24_print_only,https://www.keplertechllc.com/product/epson-surecolor-sc-t3100-wireless-printer-with-stand/,https://www.keplertechllc.com/wp-content/uploads/2023/08/Epson-SureColor-SC-T3100-%E2%80%93-Wireless-Printer-With-Stand.webp,https://www.keplertechllc.com/wp-content/uploads/2023/08/Epson-SureColor-SC-T3100-Printer-Datasheet.pdf,3880.0,"Sizes: 24-inch, A1, A2, A3, A4 | Max Width: 24.0"" | Speed: 34 sec / A1 CAD line drawing on plain paper (approx. 106 A1/hr) | DPI: 2,400 × 1,200 DPI | Colours: Epson UltraChrome XD2 All-Pigment Inks (Water & smudge resistant)","13 genuine consumables: C13S210057, C13S210055, C13T40C140, C13T40C240, C13T40C340, C13T40C440, C13T40D140, C13T40D240, C13T40D340, C13T40D440, C13S041385, C13S041595, C13S041387","cad, architecture, engineering_drawings, gis, posters"
Hardware Printer,epson-sc-t3700e,Epson SureColor SC-T3700E,Epson,technical_large_format,technical_24_print_only,https://www.keplertechllc.com/product/epson-sc-t5700d-technical-printer/,https://www.keplertechllc.com/wp-content/uploads/2024/01/SC-T5700DM-Printer.webp,,Price on Request,"Sizes: 24-inch, A1, A2, A3, A4 | Max Width: 24.0"" | Speed: 16 sec / A1 CAD line drawing (approx. 130 m²/hr) | DPI: 2,400 × 1,200 DPI | Colours: Epson UltraChrome XD3 Pigment Ink with Dedicated Chromatic Red","17 genuine consumables: C13S210115, C13S210116, C13S210117, C13T50M100, C13T50M200, C13T50M300, C13T50M400, C13T50M800, C13T50MF00, C13T50U100, C13T50U200, C13T50U300, C13T50U400, C13T50U80N, C13T50UF00, C13S041385, C13S041595","cad, gis, renderings, posters"
Hardware Printer,epson-sc-t3700d,Epson SureColor SC-T3700D,Epson,technical_large_format,technical_24_print_only,https://www.keplertechllc.com/product/epson-sc-t5700d-technical-printer/,https://www.keplertechllc.com/wp-content/uploads/2024/01/SC-T5700DM-Printer.webp,,Price on Request,"Sizes: 24-inch, A1, A2, A3, A4 | Max Width: 24.0"" | Speed: 16 sec / A1 CAD line drawing (approx. 130 m²/hr) | DPI: 2,400 × 1,200 DPI | Colours: Epson UltraChrome XD3 Pigment Ink with Dedicated Chromatic Red","17 genuine consumables: C13S210115, C13S210116, C13S210117, C13T50M100, C13T50M200, C13T50M300, C13T50M400, C13T50M800, C13T50MF00, C13T50U100, C13T50U200, C13T50U300, C13T50U400, C13T50U80N, C13T50UF00, C13S041385, C13S041595","cad, gis, production_drawings, dual_roll_switching"
Hardware Printer,epson-sc-t3700de,Epson SureColor SC-T3700DE,Epson,technical_large_format,technical_24_print_only,https://www.keplertechllc.com/product/epson-sc-t5700d-technical-printer/,https://www.keplertechllc.com/wp-content/uploads/2024/01/SC-T5700DM-Printer.webp,,Price on Request,"Sizes: 24-inch, A1, A2, A3, A4 | Max Width: 24.0"" | Speed: 16 sec / A1 CAD line drawing (approx. 130 m²/hr) | DPI: 2,400 × 1,200 DPI | Colours: Epson UltraChrome XD3 Pigment Ink with Dedicated Chromatic Red","17 genuine consumables: C13S210115, C13S210116, C13S210117, C13T50M100, C13T50M200, C13T50M300, C13T50M400, C13T50M800, C13T50MF00, C13T50U100, C13T50U200, C13T50U300, C13T50U400, C13T50U80N, C13T50UF00, C13S041385, C13S041595","cad, gis, adobe_postscript, dual_roll_switching"
Hardware Printer,epson-sc-t5100,Epson SureColor SC-T5100,Epson,technical_large_format,technical_36_print_only,https://www.keplertechllc.com/product/epson-surecolor-sc-t5100-large-format-printer/,https://www.keplertechllc.com/wp-content/uploads/2023/08/Epson-SureColor-SC-T5100-Printer.webp,https://www.keplertechllc.com/wp-content/uploads/2023/08/Epson-SureColor-SC-T5100-Printer-datasheet.pdf,9700.0,"Sizes: 36-inch, 24-inch, A0, A1, A2, A3, A4 | Max Width: 36.0"" | Speed: 31 sec / A1 CAD line drawing on plain paper | DPI: 2,400 × 1,200 DPI | Colours: Epson UltraChrome XD2 All-Pigment Inks (Water & smudge resistant)","14 genuine consumables: C13S210057, C13S210055, C13T40C140, C13T40C240, C13T40C340, C13T40C440, C13T40D140, C13T40D240, C13T40D340, C13T40D440, C13S041385, C13S041387, C13S041595, C13S041597","cad, architecture, engineering_drawings, blueprints, maps"
Hardware Printer,epson-sc-t5405,Epson SureColor SC-T5405,Epson,technical_large_format,technical_36_print_only,https://www.keplertechllc.com/product/epson-surecolor-sc-t5405-wireless-printer/,https://www.keplertechllc.com/wp-content/uploads/2023/04/Epson-SureColor-SC-T5405-Printer.webp,,Price on Request,"Sizes: 36-inch, 24-inch, A0, A1, A2, A3, A4 | Max Width: 36.0"" | Speed: 22 sec / A1 CAD line drawing on plain paper | DPI: 2,400 × 1,200 DPI | Colours: Epson UltraChrome XD2 All-Pigment Inks","16 genuine consumables: C13T699700, C13T41R240, C13T41R340, C13T41R440, C13T41R540, C13T41F240, C13T41F340, C13T41F440, C13T41F540, C13T41E240, C13T41E340, C13T41E440, C13T41E540, C13S041385, C13S041387, C13S041597","cad, engineering, pos_posters, production_drawings"
Hardware Printer,epson-sc-t5700d,Epson SureColor SC-T5700D,Epson,technical_large_format,technical_36_print_only,https://www.keplertechllc.com/product/epson-sc-t5700d-technical-printer/,https://www.keplertechllc.com/wp-content/uploads/2024/01/SC-T5700DM-Printer.webp,https://www.keplertechllc.com/wp-content/uploads/2024/01/Epson-Sure-Color-SC-T5700D-Printer-Datasheet.pdf,Price on Request,"Sizes: 36-inch, 24-inch, A0, A1, A2, A3, A4 | Max Width: 36.0"" | Speed: 16 sec / A1 CAD line drawing (approx. 130 m²/hr) | DPI: 2,400 × 1,200 DPI | Colours: Epson UltraChrome XD3 Pigment Inks with Dedicated Chromatic Red","17 genuine consumables: C13S210115, C13S210116, C13S210117, C13T50M100, C13T50M200, C13T50M300, C13T50M400, C13T50M800, C13T50MF00, C13T50U100, C13T50U200, C13T50U300, C13T50U400, C13T50U80N, C13T50UF00, C13S041387, C13S041597","cad, gis, dual_roll_production, reprographics"
Hardware Printer,epson-sc-t5100m,Epson SureColor SC-T5100M,Epson,technical_large_format,technical_36_multifunction,https://www.keplertechllc.com/product/epson-surecolor-sc-t5100m-plotter-printer/,https://www.keplertechllc.com/wp-content/uploads/2026/01/SC-T5100M.webp,https://www.keplertechllc.com/wp-content/uploads/2023/08/Epson-SureColor-SC-T5100-Printer-datasheet.pdf,Price on Request,"Sizes: 36-inch, 24-inch, A0, A1, A2, A3, A4 | Max Width: 36.0"" | Speed: 31 sec / A1 CAD drawing; Scan: 1.5 ips colour / 4.5 ips mono at 200 DPI | DPI: 2,400 × 1,200 DPI (Print) / 600 DPI (Scan) | Colours: Epson UltraChrome XD2 All-Pigment Inks","14 genuine consumables: C13S210057, C13S210055, C13T40C140, C13T40C240, C13T40C340, C13T40C440, C13T40D140, C13T40D240, C13T40D340, C13T40D440, C13S041385, C13S041387, C13S041595, C13S041597","cad, blueprint_scanning, copying_technical_drawings, aec"
Hardware Printer,epson-sc-t5400m,Epson SureColor SC-T5400M,Epson,technical_large_format,technical_36_multifunction,https://www.keplertechllc.com/product/epson-sc-t5400m-mfp-plotter-printer/,https://www.keplertechllc.com/wp-content/uploads/2024/04/Epson-SC-T5400M-Printer.webp,https://www.keplertechllc.com/wp-content/uploads/2026/01/Epson-SureColor-SC-T5100M-MFP-Brochure.pdf,Price on Request,"Sizes: 36-inch, 24-inch, A0, A1, A2, A3, A4 | Max Width: 36.0"" | Speed: 22 sec / A1 CAD drawing; Scan: 4.5 ips colour / 7.5 ips mono at 200 DPI | DPI: 2,400 × 1,200 DPI (Print) / 600 DPI (Scan) | Colours: Epson UltraChrome XD2 All-Pigment Inks","16 genuine consumables: C13T699700, C13T41R240, C13T41R340, C13T41R440, C13T41R540, C13T41F240, C13T41F340, C13T41F440, C13T41F540, C13T41E240, C13T41E340, C13T41E440, C13T41E540, C13S041385, C13S041387, C13S041597","cad, engineering_mfp, blueprint_reproduction, construction_site"
Hardware Printer,epson-sc-t5700dm,Epson SureColor SC-T5700DM,Epson,technical_large_format,technical_36_multifunction,https://www.keplertechllc.com/product/epson-sc-t5700d-technical-printer/,https://www.keplertechllc.com/wp-content/uploads/2024/01/SC-T5700DM-Printer.webp,https://www.keplertechllc.com/wp-content/uploads/2024/01/Epson-Sure-Color-SC-T5700D-Printer-Datasheet.pdf,Price on Request,"Sizes: 36-inch, 24-inch, A0, A1, A2, A3, A4 | Max Width: 36.0"" | Speed: 16 sec / A1 CAD drawing; Scan: integrated 36″ dual-light CIS scanner | DPI: 2,400 × 1,200 DPI (Print) / 600 DPI (Scan) | Colours: Epson UltraChrome XD3 Pigment Inks with Chromatic Red","17 genuine consumables: C13S210115, C13S210116, C13S210117, C13T50M100, C13T50M200, C13T50M300, C13T50M400, C13T50M800, C13T50MF00, C13T50U100, C13T50U200, C13T50U300, C13T50U400, C13T50U80N, C13T50UF00, C13S041387, C13S041597","production_cad_mfp, dual_roll_scanning, enterprise_aec"
Hardware Printer,epson-sc-t7700d,Epson SureColor SC-T7700D,Epson,technical_large_format,technical_44_print_only,https://www.keplertechllc.com/product/epson-surecolor-sc-t7700d-large-format-printer/,https://www.keplertechllc.com/wp-content/uploads/2024/01/Epson-SC-T7700D-Technical-Printer.webp,,Price on Request,"Sizes: 44-inch, 36-inch, 24-inch, B0, A0, A1, A2 | Max Width: 44.0"" | Speed: 16 sec / A1 CAD line drawing (approx. 130 m²/hr) | DPI: 2,400 × 1,200 DPI | Colours: Epson UltraChrome XD3 Pigment Inks with Chromatic Red","18 genuine consumables: C13S210115, C13S210116, C13S210117, C13T50M100, C13T50M200, C13T50M300, C13T50M400, C13T50M800, C13T50MF00, C13T50U100, C13T50U200, C13T50U300, C13T50U400, C13T50U80N, C13T50UF00, C13S041387, C13S041597, C13S042138","cad, gis, production_posters, wide_format_drawings"
Hardware Printer,epson-sc-t7700dl,Epson SureColor SC-T7700DL,Epson,technical_large_format,technical_44_print_only,https://www.keplertechllc.com/product/epson-surecolor-sc-t7700dl-technical-printer/,https://www.keplertechllc.com/wp-content/uploads/2024/01/Epson-SureColor-SC-T7700DL-Technical-Printer.webp,,Price on Request,"Sizes: 44-inch, 36-inch, 24-inch, B0, A0, A1, A2 | Max Width: 44.0"" | Speed: 16 sec / A1 CAD line drawing (approx. 130 m²/hr) | DPI: 2,400 × 1,200 DPI | Colours: Epson UltraChrome XD3 Pigment Inks with Chromatic Red","12 genuine consumables: C13S210115, C13S210116, C13S210117, C13T53A100, C13T53A200, C13T53A300, C13T53A400, C13T53A800, C13T53A900, C13S041387, C13S041597, C13S042138","high_volume_cad, bulk_ink_production, continuous_gis"
Hardware Printer,epson-sc-t7700dm,Epson SureColor SC-T7700DM,Epson,technical_large_format,technical_44_multifunction,https://www.keplertechllc.com/product/epson-sc-t7700dm-multi-function-technical-printer/,https://www.keplertechllc.com/wp-content/uploads/2024/01/Epson-SureColor-SC-T7700DM-Technical-Printer.webp,,Price on Request,"Sizes: 44-inch, 36-inch, 24-inch, B0, A0, A1, A2 | Max Width: 44.0"" | Speed: 16 sec / A1 CAD drawing; Scan: integrated 36″ dual-light CIS scanner | DPI: 2,400 × 1,200 DPI (Print) / 600 DPI (Scan) | Colours: Epson UltraChrome XD3 Pigment Inks with Chromatic Red","18 genuine consumables: C13S210115, C13S210116, C13S210117, C13T50M100, C13T50M200, C13T50M300, C13T50M400, C13T50M800, C13T50MF00, C13T50U100, C13T50U200, C13T50U300, C13T50U400, C13T50U80N, C13T50UF00, C13S041387, C13S041597, C13S042138","44_inch_cad_mfp, large_blueprint_scanning, production_copying"
Hardware Printer,epson-sc-p700,Epson SureColor SC-P700,Epson,photography_large_format,photo_13_desktop,https://www.keplertechllc.com/product/epson-surecolor-p700-13-photo-printer/,https://www.keplertechllc.com/wp-content/uploads/2023/04/EPSON-P700-Printer-1.webp,https://www.keplertechllc.com/wp-content/uploads/2023/05/Epson-SureColor-SC-P700-13-Photo-Printer-Datasheet.pdf,3400.0,"Sizes: 13-inch, A3+, A3, A4, 4x6, 5x7, 8x10 | Max Width: 13.0"" | Speed: Approx. 90 sec for 8×10″ / 150 sec for 13×19″ (Premium Glossy Photo Paper) | DPI: 5,760 × 1,440 DPI | Colours: UltraChrome PRO10 Pigment Inks with Black Enhance Overcoat (BEO)","15 genuine consumables: C12C935711, C13T46S100, C13T46S200, C13T46S300, C13T46S400, C13T46S500, C13T46S600, C13T46S700, C13T46S800, C13T46S900, C13T46SD00, C13S041785, C13S041784, S042330, S042300","fine_art, photography, gallery_prints, studio_portraits"
Hardware Printer,epson-sc-p900,Epson SureColor SC-P900,Epson,photography_large_format,photo_17_desktop,https://www.keplertechllc.com/product/epson-surecolor-p900-17-inch-photo-printer/,https://www.keplertechllc.com/wp-content/uploads/2023/04/Epson-P900-Printer-2.webp,https://www.keplertechllc.com/wp-content/uploads/2023/05/Epson-SureColor-P900-Photo-Printer-Datasheet.pdf,4880.0,"Sizes: 17-inch, A2, A3+, A3, A4, 8x10, 8x12 | Max Width: 17.0"" | Speed: Approx. 90 sec for 8×10″ / 150 sec for 13×19″ / 280 sec for 17×22″ (Premium Glossy Photo Paper) | DPI: 5,760 × 1,440 DPI | Colours: UltraChrome PRO10 Pigment Inks with Black Enhance Overcoat (BEO)","15 genuine consumables: C12C935711, C13T47A100, C13T47A200, C13T47A300, C13T47A400, C13T47A500, C13T47A600, C13T47A700, C13T47A800, C13T47A900, C13T47AD00, C13S042123, C13S041725, C13S041846, C13S041785","fine_art, professional_photography, exhibition_prints"
Hardware Printer,epson-sc-p900-roll,Epson SureColor SC-P900 with Roll Adapter,Epson,photography_large_format,photo_17_desktop,https://www.keplertechllc.com/product/epson-surecolor-p900-17-inch-photo-printer/,https://www.keplertechllc.com/wp-content/uploads/2023/04/Epson-P900-Printer-2.webp,https://www.keplertechllc.com/wp-content/uploads/2023/05/Epson-SureColor-P900-Photo-Printer-Datasheet.pdf,5320.0,"Sizes: 17-inch, A2, A3+, A3, A4, panoramic_rolls | Max Width: 17.0"" | Speed: Approx. 90 sec for 8×10″ / 150 sec for 13×19″ / 280 sec for 17×22″ (Premium Glossy Photo Paper) | DPI: 5,760 × 1,440 DPI | Colours: UltraChrome PRO10 Pigment Inks with Black Enhance Overcoat (BEO)","15 genuine consumables: C12C935711, C13T47A100, C13T47A200, C13T47A300, C13T47A400, C13T47A500, C13T47A600, C13T47A700, C13T47A800, C13T47A900, C13T47AD00, C13S042123, C13S041725, C13S041846, C13S041785","fine_art, panoramic_prints, roll_media_photography"
Hardware Printer,epson-sc-p5300,Epson SureColor SC-P5300,Epson,photography_large_format,photo_17_desktop,https://www.keplertechllc.com/product/epson-sc-p5300-professional-photo-printer/,https://www.keplertechllc.com/wp-content/uploads/2024/02/Epson-SureColor-SC-P5300-Professional-17-Photo-Printer.webp,,Price on Request,"Sizes: 17-inch, A2, A3+, A3, A4 | Max Width: 17.0"" | Speed: Approx. 66 sec for 8×10″ on Premium Glossy Photo Paper | DPI: 5,760 × 1,440 DPI | Colours: UltraChrome PRO10 Inks with Carbon Black mode & Violet channel","14 genuine consumables: C13S210125, C13T55W100, C13T55W200, C13T55W300, C13T55W400, C13T55W500, C13T55W600, C13T55W700, C13T55W800, C13T55W900, C13T55WD00, C13S042123, C13S041725, C13S041846","pro_studio_photography, fine_art, commercial_proofing"
Hardware Printer,epson-sc-p6500e,Epson SureColor SC-P6500E,Epson,photography_large_format,photo_24_professional,https://www.keplertechllc.com/product/epson-surecolor-sc-p6500de-printer/,https://www.keplertechllc.com/wp-content/uploads/2024/02/Epson-SureColor-SC-P6500D-Large-Format-Printer.webp,,Price on Request,"Sizes: 24-inch, A1, A2, A3, A4 | Max Width: 24.0"" | Speed: High-speed production fine art printing up to 18 m²/hr | DPI: 2,400 × 1,200 DPI | Colours: UltraChrome PRO6 Aqueous Pigment Ink with Dedicated Gray","18 genuine consumables: C13S210115, C13S210116, C13S210117, C13T48M100, C13T48M200, C13T48M300, C13T48M400, C13T48M800, C13T48ME00, C13T48U100, C13T48U200, C13T48U300, C13T48U400, C13T48U800, C13T48UE00, C13S041595, C13S041847, C13S041385","commercial_photo, retail_printing, posters"
Hardware Printer,epson-sc-p6500d,Epson SureColor SC-P6500D,Epson,photography_large_format,photo_24_professional,https://www.keplertechllc.com/product/epson-sc-p6500d-large-format-printer/,https://www.keplertechllc.com/wp-content/uploads/2024/02/Epson-SureColor-SC-P6500D-Photo-Printer.webp,,Price on Request,"Sizes: 24-inch, A1, A2, A3, A4 | Max Width: 24.0"" | Speed: High-speed production fine art printing up to 18 m²/hr | DPI: 2,400 × 1,200 DPI | Colours: UltraChrome PRO6 Aqueous Pigment Ink with Dedicated Gray","18 genuine consumables: C13S210115, C13S210116, C13S210117, C13T48M100, C13T48M200, C13T48M300, C13T48M400, C13T48M800, C13T48ME00, C13T48U100, C13T48U200, C13T48U300, C13T48U400, C13T48U800, C13T48UE00, C13S041595, C13S041847, C13S041385","commercial_photo, dual_roll_photo, posters"
Hardware Printer,epson-sc-p6500de,Epson SureColor SC-P6500DE,Epson,photography_large_format,photo_24_professional,https://www.keplertechllc.com/product/epson-surecolor-sc-p6500de-printer/,https://www.keplertechllc.com/wp-content/uploads/2024/02/Epson-SureColor-SC-P6500D-Large-Format-Printer.webp,,Price on Request,"Sizes: 24-inch, A1, A2, A3, A4 | Max Width: 24.0"" | Speed: High-speed production fine art printing up to 18 m²/hr | DPI: 2,400 × 1,200 DPI | Colours: UltraChrome PRO6 Aqueous Pigment Ink with Dedicated Gray","18 genuine consumables: C13S210115, C13S210116, C13S210117, C13T48M100, C13T48M200, C13T48M300, C13T48M400, C13T48M800, C13T48ME00, C13T48U100, C13T48U200, C13T48U300, C13T48U400, C13T48U800, C13T48UE00, C13S041595, C13S041847, C13S041385","commercial_photo, postscript_photo, dual_roll"
Hardware Printer,epson-sc-p7500,Epson SureColor SC-P7500,Epson,photography_large_format,photo_24_professional,https://www.keplertechllc.com/product/epson-surecolor-sc-p7500-large-format-printer/,https://www.keplertechllc.com/wp-content/uploads/2023/03/Epson-P7500-Printer.webp,https://www.keplertechllc.com/wp-content/uploads/2025/09/epson-surecolor-sc-p7500-datasheet-kepler-tech.pdf,Price on Request,"Sizes: 24-inch, A1, A2, A3, A4 | Max Width: 24.0"" | Speed: Fine art 24″ photo output: up to 12.5 m²/hr | DPI: 2,400 × 1,200 DPI | Colours: UltraChrome PRO12 All-Pigment Inks with K3 Technology (99% Pantone)","30 genuine consumables: C13T619300, C13T699700, C13T44Q140, C13T44Q240, C13T44Q340, C13T44Q440, C13T44Q540, C13T44Q640, C13T44Q740, C13T44Q840, C13T44Q940, C13T44QA40, C13T44QB40, C13T44QD40, C13T44J140, C13T44J240, C13T44J340, C13T44J440, C13T44J540, C13T44J640, C13T44J740, C13T44J840, C13T44J940, C13T44JA40, C13T44JB40, C13T44JD40, C13S041595, C13S041847, C13S042081, C13S045055","fine_art, gallery_exhibition, colour_critical_proofing"
Hardware Printer,epson-sc-p7500-spectro,Epson SureColor SC-P7500 Spectro,Epson,photography_large_format,photo_24_professional,https://www.keplertechllc.com/product/epson-surecolor-sc-p7500-large-format-printer/,https://www.keplertechllc.com/wp-content/uploads/2023/03/Epson-P7500-Printer.webp,https://www.keplertechllc.com/wp-content/uploads/2025/09/epson-surecolor-sc-p7500-datasheet-kepler-tech.pdf,Price on Request,"Sizes: 24-inch, A1, A2, A3, A4 | Max Width: 24.0"" | Speed: Fine art 24″ photo output: up to 12.5 m²/hr | DPI: 2,400 × 1,200 DPI | Colours: UltraChrome PRO12 All-Pigment Inks (99% Pantone Matching)","30 genuine consumables: C13T619300, C13T699700, C13T44Q140, C13T44Q240, C13T44Q340, C13T44Q440, C13T44Q540, C13T44Q640, C13T44Q740, C13T44Q840, C13T44Q940, C13T44QA40, C13T44QB40, C13T44QD40, C13T44J140, C13T44J240, C13T44J340, C13T44J440, C13T44J540, C13T44J640, C13T44J740, C13T44J840, C13T44J940, C13T44JA40, C13T44JB40, C13T44JD40, C13S041595, C13S041847, C13S042081, C13S045055","contract_proofing, packaging_proofing, colour_calibration"
Hardware Printer,epson-sc-p8500d,Epson SureColor SC-P8500D,Epson,photography_large_format,photo_44_professional,https://www.keplertechllc.com/product/epson-sc-p8500d-large-format-printer/,https://www.keplertechllc.com/wp-content/uploads/2024/02/Epson-SureColor-SC-P8500D.webp,,Price on Request,"Sizes: 44-inch, 36-inch, 24-inch, B0, A0, A1 | Max Width: 44.0"" | Speed: Production photo output up to 25 m²/hr | DPI: 2,400 × 1,200 DPI | Colours: UltraChrome PRO6 Aqueous Pigment Ink with Dedicated Gray","19 genuine consumables: C13S210115, C13S210116, C13S210117, C13T48M100, C13T48M200, C13T48M300, C13T48M400, C13T48M800, C13T48ME00, C13T48U100, C13T48U200, C13T48U300, C13T48U400, C13T48U800, C13T48UE00, C13S041597, C13S041848, C13S041387, C13S042083","high_volume_commercial_photo, dual_roll_photo, canvas"
Hardware Printer,epson-sc-p8500dm,Epson SureColor SC-P8500DM,Epson,photography_large_format,photo_44_professional,https://www.keplertechllc.com/product/epson-sc-p8500dm-multifuctional-printer/,https://www.keplertechllc.com/wp-content/uploads/2024/02/Epson-SureColor-SC-P8500DM-Multifunctional-Printer.webp,,Price on Request,"Sizes: 44-inch, 36-inch, 24-inch, B0, A0, A1 | Max Width: 44.0"" | Speed: Production photo output up to 25 m²/hr; Scan: integrated 36″ scanner | DPI: 2,400 × 1,200 DPI (Print) / 600 DPI (Scan) | Colours: UltraChrome PRO6 Aqueous Pigment Ink with Dedicated Gray","19 genuine consumables: C13S210115, C13S210116, C13S210117, C13T48M100, C13T48M200, C13T48M300, C13T48M400, C13T48M800, C13T48ME00, C13T48U100, C13T48U200, C13T48U300, C13T48U400, C13T48U800, C13T48UE00, C13S041597, C13S041848, C13S041387, C13S042083","production_photo_mfp, artwork_scanning, photo_copying"
Hardware Printer,epson-sc-p9500,Epson SureColor SC-P9500,Epson,photography_large_format,photo_44_professional,https://www.keplertechllc.com/product/epson-surecolor-p9500-large-format-printer/,https://www.keplertechllc.com/wp-content/uploads/2016/03/Epson-P9500-Printer-4.webp,https://www.keplertechllc.com/wp-content/uploads/2023/05/Epson-SureColor-SC-P9500-Datasheet.pdf,Price on Request,"Sizes: 44-inch, 36-inch, 24-inch, B0, A0, A1 | Max Width: 44.0"" | Speed: Fine art 44″ photo output: up to 12.5 m²/hr | DPI: 2,400 × 1,200 DPI | Colours: UltraChrome PRO12 All-Pigment Inks with K3 Technology (99% Pantone)","30 genuine consumables: C13T619300, C13T699700, C13T44Q140, C13T44Q240, C13T44Q340, C13T44Q440, C13T44Q540, C13T44Q640, C13T44Q740, C13T44Q840, C13T44Q940, C13T44QA40, C13T44QB40, C13T44QD40, C13T44J140, C13T44J240, C13T44J340, C13T44J440, C13T44J540, C13T44J640, C13T44J740, C13T44J840, C13T44J940, C13T44JA40, C13T44JB40, C13T44JD40, C13S041597, C13S041848, C13S042083, S045259","fine_art, gallery_exhibition, master_photographs, proofing"
Hardware Printer,epson-sc-p9500-spectro,Epson SureColor SC-P9500 Spectro,Epson,photography_large_format,photo_44_professional,https://www.keplertechllc.com/product/epson-surecolor-p9500-large-format-printer/,https://www.keplertechllc.com/wp-content/uploads/2016/03/Epson-P9500-Printer-4.webp,https://www.keplertechllc.com/wp-content/uploads/2023/05/Epson-SureColor-SC-P9500-Datasheet.pdf,Price on Request,"Sizes: 44-inch, 36-inch, 24-inch, B0, A0, A1 | Max Width: 44.0"" | Speed: Fine art 44″ photo output: up to 12.5 m²/hr | DPI: 2,400 × 1,200 DPI | Colours: UltraChrome PRO12 All-Pigment Inks (99% Pantone Matching)","30 genuine consumables: C13T619300, C13T699700, C13T44Q140, C13T44Q240, C13T44Q340, C13T44Q440, C13T44Q540, C13T44Q640, C13T44Q740, C13T44Q840, C13T44Q940, C13T44QA40, C13T44QB40, C13T44QD40, C13T44J140, C13T44J240, C13T44J340, C13T44J440, C13T44J540, C13T44J640, C13T44J740, C13T44J840, C13T44J940, C13T44JA40, C13T44JB40, C13T44JD40, C13S041597, C13S041848, C13S042083, S045259","contract_proofing, packaging_proofing, exhibition_grading"
Hardware Printer,epson-sc-p20500,Epson SureColor SC-P20500,Epson,photography_large_format,photo_64_production,https://www.keplertechllc.com/product/epson-surecolor-sc-p20500-printer/,https://www.keplertechllc.com/wp-content/uploads/2024/08/Epson-SC-P20500-Large-Format-Printer.webp,,Price on Request,"Sizes: 64-inch, 44-inch, 36-inch, 24-inch | Max Width: 64.0"" | Speed: 64-inch production photo output up to 19.2 m²/hr (1.6L bulk ink system) | DPI: 2,400 × 1,200 DPI | Colours: UltraChrome PRO12 Aqueous Pigment Inks with Orange, Green & Violet","18 genuine consumables: C13S210115, C13S210116, C13T56F100, C13T56F200, C13T56F300, C13T56F400, C13T56F500, C13T56F600, C13T56F700, C13T56F800, C13T56F900, C13T56FA00, C13T56FB00, C13T56FD00, C13S042138, C13S042135, C13S045065, C13S045107","high_volume_fine_art, super_wide_photography, canvas_production"
Hardware Printer,citizen-cz-01,Citizen CZ-01,Citizen,citizen_photo,citizen_4_inch,https://www.keplertechllc.com/product/citizen-cz-01-photo-printer/,https://www.keplertechllc.com/wp-content/uploads/2023/04/Citizen-CZ-01-Photo-Printer.webp,https://www.keplertechllc.com/wp-content/uploads/2023/05/Citizen-CZ-01-Photo-Printer-Datasheet.pdf,3200.0,"Sizes: 4x4, 4x6, 4.5x4.5, 4.5x8 | Max Width: 4.5"" | Speed: 4×4″: 16.3s; 4×6″: 18.8s; 4.5×4.5″: 19.5s; 4.5×8″: 23.1s | DPI: 300 × 300 DPI (High-speed) / 300 × 600 DPI (High-resolution) | Colours: Thermal Dye-Sublimation with Driver-Selectable Glossy / Matte Finish","5 genuine consumables: CZ-MS46, CZ-MS458, CZ01-MEDIA-4X6, CZ01 Carry Bag, Citizen Pen","The Citizen CZ 01 printer is a lightweight, space-saving professional photo printer that introduces a new segment within Citizen’s product lineup. Engineered for both amateur photographers and professionals, this dye sublimation photo printer delivers stunning prints at an affordable cost. Thanks to its ultra-compact footprint and low weight, it’s easy to handle and transport, making it an ideal photo booth printer or a mobile solution for events.
Lightweight & compact design (only 5.8 kg) for easy transport
High-quality output for both amateur and professional use
Anti-curl system delivers smooth, flat photo prints
Supports 4×6″ & 4.5×8″ media, up to 150 prints per roll
Eco-friendly with 28% less power consumption
Efficient cooling for reliable high-volume printing
Works with Windows, Mac & SDK for easy integration
Product Data Sheet"
Hardware Printer,citizen-cx-02,Citizen CX-02,Citizen,citizen_photo,citizen_6_inch,https://www.keplertechllc.com/product/citizen-cx-02-photo-printer/,https://www.keplertechllc.com/wp-content/uploads/2023/03/Citizen-CX-02-Photo-Printer-Dubai.webp,https://www.keplertechllc.com/wp-content/uploads/2023/05/Citizen-CX-02-Photo-Printer-Datasheet.pdf,4385.0,"Sizes: 4x6, 5x7, 6x8, 6x9, 2x6 | Max Width: 6.0"" | Speed: 4×6″: 8.4s (High Speed) / 9.8s (High Quality); 5×7″: 14.2s; 6×8″: 15.6s; 6×9″: 20.8s | DPI: 300 × 300 DPI (High-speed) / 300 × 600 DPI (High-resolution) | Colours: Thermal Dye-Sublimation with Ribbon-Save Rewind & Glossy/Matte Control","4 genuine consumables: CX2.4x6, CX2.6X8, Citizen CX-02 Bag, Citizen Pen","The Citizen CX02 photo printer is a compact, portable dye sublimation printer built for event photographers, photo booths, and retail kiosks. Lighter than previous CX models, it delivers fast, high-quality prints with excellent color depth. This digital photo printer uses heat-based sublimation to produce durable, lab-quality images on the go. It features ribbon rewind for efficient media use when printing 4×6-inch photos on 6×8-inch paper. Perfect for events, studios, or kiosks, this photo printer ensures reliable and professional performance.
Printing Technology: Dye Sublimation
Printing Resolution: 300 dpi, 600 dpi
Multiple Finishing options: Gloss, Luster, and Matte
Printing Mode: Dual Mode (High Speed and High Quality)
Applications: Event Photo Printer, Photo Booth Printer, and  Studio Photo Printer
Product Data Sheet"
Hardware Printer,citizen-cy-02,Citizen CY-02,Citizen,citizen_photo,citizen_6_inch,https://www.keplertechllc.com/product/citizen-cy-02-photo-printer/,https://www.keplertechllc.com/wp-content/uploads/2023/04/Citizen-CY-02-Photo-Printer.webp,https://www.keplertechllc.com/wp-content/uploads/2023/05/Citizen-CY-02-Photo-Printer-Datasheet.pdf,3400.0,"Sizes: 4x6, 6x8 | Max Width: 6.0"" | Speed: 4×6″: 12.4 seconds (approx. 290 prints/hour); 6×8″: 21.9 seconds (approx. 164 prints/hour) | DPI: 300 × 300 DPI (High-speed) / 300 × 600 DPI (High-resolution) | Colours: Thermal Dye-Sublimation with Commercial Overcoat Protection","4 genuine consumables: CY-MS46, CY-MS68, CY02Bag, Citizen Pen","The Citizen CY-02 printer is a reliable dye sublimation printer designed for high-volume, vibrant photo printing with minimal downtime. This portable photo printer offers a large media capacity, reducing reloads and boosting productivity. User-friendly drivers and monitoring tools provide full control for consistent, professional results. The CY 02 photo printer uses dye sublimation technology to deliver rich, durable prints ideal for fast-paced, high-quality output.
Printing Technology: Dye Sublimation
Printing Resolution: 300 dpi, 600 dpi
Printing Mode: Dual Mode (High Speed and High Quality)
Multiple Finishing Options
Portable printer with easy media replacement.
Applications: Event Photography, Digital Photo Studio, Photo Booth and Kiosk
Product Data Sheet"
Hardware Printer,citizen-cx-02w,Citizen CX-02W,Citizen,citizen_photo,citizen_8_inch,https://www.keplertechllc.com/product/citizen-cx-02w-large-photo-printer/,https://www.keplertechllc.com/wp-content/uploads/2023/04/Citizen-CX-02W-Photo-Printer.webp,https://www.keplertechllc.com/wp-content/uploads/2023/05/Citizen-CX-02-Photo-Printer-Datasheet.pdf,6820.0,"Sizes: 8x10, 8x12, a4 | Max Width: 8.0"" | Speed: 8×12″: 39.2 sec; A4: 38.4 sec | DPI: 300 × 300 DPI (High-speed) / 300 × 600 DPI (High-resolution) | Colours: Thermal Dye-Sublimation supporting Standard, Silver Pearl & Metallic media","2 genuine consumables: CX2W 812, Citizen Pen","The Citizen CX-02W printer is a wide-format dye-sub photo printer that delivers pro-quality prints using the same trusted engine as the CX-02. This dye sublimation photo printer supports 8×10 and 8×12-inch sizes, making it ideal for studios and event printing. Despite its wider format, it remains portable, only slightly bigger and heavier than the CX-02, and includes grey calibration in the driver for improved color control and consistent output. Compatible with premium media like silver pearl and metallic, this dye sublimation printer enables photographers to offer high-end prints and increase profits. Whether for events, studios, or retail, it’s a reliable, large photo printer that delivers on quality, versatility, and performance.
Wide format dye-sub printing
Supports both 8″×10″ and 8″×12″ sizes
Print capacity: 110 sheets per roll
Portable and high-quality photo printer
Multiple media and finishing options
Ideal dye sublimation photo printer for professionals
Product Data Sheet"
Hardware Printer,epson-sc-f100,Epson SureColor SC-F100,Epson,dye_sublimation,dye_sublimation_desktop,https://www.keplertechllc.com/product/epson-surecolor-sc-f100-printer/,https://www.keplertechllc.com/wp-content/uploads/2023/07/Epson-F100.webp,https://www.keplertechllc.com/wp-content/uploads/2023/07/Epson-SureColor-SC-F100-Printer-Datasheet.pdf,1950.0,"Sizes: A4, A5, Letter | Max Width: 8.5"" | Speed: Approx. 65 sec per A4 sublimation transfer page | DPI: 600 × 1,200 DPI | Colours: Epson UltraChrome DS Dye-Sublimation Ink (OEKO-TEX ECO PASSPORT)","7 genuine consumables: C13T49N100, C13T49N200, C13T49N300, C13T49N400, C13S210125, C13S400078, C13S400077","The Epson SC-F100 is an A4 dye sublimation printer built for small businesses and startups entering the custom merchandise market. Compact and efficient, this sublimation printer is ideal for mug printing, T-shirt printing, and creating personalized gifts in limited spaces.
Printing Method:
PrecisionCore™ Micro TFP Printhead
Ink Technology:
Dye Sublimation
Ink Colors:
Black, Cyan, Yellow, and Magenta
Print Resolution:
600 x 1,200 dpi
Media Size:
A4
Applications:
Mug Printing, T-Shirt Printing, Personalized Gifts, and Custom Merchandise
Product Data Sheet"
Hardware Printer,epson-sc-f500,Epson SureColor SC-F500,Epson,dye_sublimation,dye_sublimation_24_inch,https://www.keplertechllc.com/product/epson-surecolor-sc-f500-dye-sublimation-printer/,https://www.keplertechllc.com/wp-content/uploads/2026/04/epson-SC-F500.jpg.jpeg,https://www.keplertechllc.com/wp-content/uploads/2026/04/surecolor-sc-f500-datasheet-kepler.pdf,Price on Request,"Sizes: A4, A3, 24-inch | Max Width: 24.0"" | Speed: Approx. 70 sec per A1 sublimation transfer sheet | DPI: 2,400 × 1,200 DPI | Colours: Epson UltraChrome DS Dye-Sublimation Ink (Vibrant textiles & hard goods)","12 genuine consumables: C13T49N100, C13T49N200, C13T49N300, C13T49N400, C13S210057, C13S210055, C13S400078, C13S400077, C13S400082, C13S400081, C13S400079, C13S400080","The Epson SureColor SC-F500 is a professional 24-inch dye sublimation printer built for promotional houses, photo labs, copy shops, and clothing producers looking to scale their custom merchandise output. With a high-resolution 2,400 x 1,200 DPI print engine and seamless Wi-Fi connectivity, this wide-format sublimation printer delivers vibrant, production-ready results on mugs, T-shirts, phone covers, mouse mats, cushions, and more — all without requiring specialist skills to set up or maintain.
Printing Method:
PrecisionCore™ TFP Print Head
Ink Technology:
Dye Sublimation
Ink Colors:
Black, Cyan, Yellow, and Magenta
Print Resolution:
2,400 x 1,200 DPI
Media Size:
24″ (A4, A3, Roll Media)
Applications:
Mug Printing, T-Shirt Printing, Phone Covers, Mouse Mats, Cushions, and Custom Merchandise
Product Data Sheet"
Hardware Scanner,epson-expression-12000xl-pro,Epson Expression 12000XL Pro. Photo Scanner,Epson,Scanner,High-Resolution A3 Graphic & Photo Scanner with Transparency Unit,https://www.keplertechllc.com/product/epson-expression-12000xl-pro-photo-scanner/,https://www.keplertechllc.com/wp-content/uploads/2023/12/Epson-Expression-12000XL-Pro.-Photo-Scanner.webp,,,"Type: High-Resolution A3 Graphic & Photo Scanner with Transparency Unit | Scan Speed: 12 s/page (Monochrome & Color) | DPI: 2,400 × 4,800 DPI / 2,400 DPI x 4,800 DPI | Range: 310 mm x 437 mm (A3 format) | Warranty: 12 months On-site service",Consumables: ,"High-resolution A3 graphic scanner with exceptional image quality and precision; 3.8 Dmax optical density; includes Transparency Unit for slides, film strips, and medium/large format negatives."
Hardware Scanner,epson-expression-12000xl,Epson Expression 12000XL Photo Scanner,Epson,Scanner,High-Resolution A3 Graphic & Photo Flatbed Scanner,https://www.keplertechllc.com/product/epson-expression-12000xl-photo-scanner/,https://www.keplertechllc.com/wp-content/uploads/2023/12/Epson-Expression-12000XL-Photo-Scanner.webp,,,"Type: High-Resolution A3 Graphic & Photo Flatbed Scanner | Scan Speed: 12 s/page (Monochrome and Color) | DPI: 2,400 × 4,800 DPI / 2,400 DPI x 4,800 DPI | Range: 310 mm x 437 mm (A3 format) | Warranty: 12 months On-site service",Consumables: ,"Epson Expression 12000XL Photo Scanner is your gateway to professional-grade scanning, offering the reliability and performance expected from a professional photo scanner. Discover exceptional clarity in the comfort of your own space. This A3 graphics scanner ensures superior results up to A3 format, boasting an impressive 2,400 x 4,800 dpi resolution for impeccable detail and precision in every scan. With its high-precision Micro Step Drive technology, you can achieve unmatched accuracy while scanning artwork, documents, or high-resolution images. Equipped with the powerful SilverFast Ai 8.8 software, this large-format scanner gives you access to advanced image-processing tools to effortlessly perfect your scanned output.
For those seeking to digitize films and slides, the optional TPU Transparency Unit expands this scanner’s capabilities even further. This makes it a versatile solution for users who require a film and slide scanner with exceptional quality, ensuring your memories and archival materials are preserved in stunning, high-quality digital formats.
A3 Graphics Scanner
Optical Resolution: 2,400 DPI x 4,800 DPI
Light Source: ReadyScan LED technology
Scanning Speed: 12 s/page (Monochrome and Color)
Warranty: 12 months On-site service
Product Data Sheet"
Hardware Scanner,epson-workforce-ds-1630,Epson WorkForce WF DS-1630 Flatbed Color Document Scanner,Epson,Scanner,Flatbed Scanner with Automatic Document Feeder (ADF),https://www.keplertechllc.com/product/epson-workforce-ds-1630-flatbed-color-document-scanner/,https://www.keplertechllc.com/wp-content/uploads/2023/11/Epson-WorkForce-DS-1630-Flatbed-Color-Document-Scanner.webp,,,"Type: Flatbed Scanner with Automatic Document Feeder (ADF) | Scan Speed: 25 ppm (mono/color) | DPI: 1,200 × 1,200 DPI / 1,200 x 1,200 dpi | Range:  | Warranty: 12 months On-site service",Consumables: ,Affordable flatbed scanner with ADF for dual-purpose scanning of bound books/passports on the glass platen and multi-page documents via ADF.
Hardware Scanner,epson-workforce-ds-1660w,Epson WorkForce WF DS-1660W Wi-Fi Flatbed Color Scanner,Epson,Scanner,Flatbed Scanner with ADF & Wireless Connectivity,https://www.keplertechllc.com/product/epson-workforce-ds-1660w-wi-fi-flatbed-color-scanner/,https://www.keplertechllc.com/wp-content/uploads/2023/11/Epson-WorkForce-DS-1660W-Wi-Fi-flatbed-Color-Scanner.webp,,,"Type: Flatbed Scanner with ADF & Wireless Connectivity | Scan Speed: 25 Pages/min (Mono and Color) | DPI: 1,200 × 1,200 DPI / 1,200 dpi x 1,200 dpi | Range:  | Warranty: 12 months On-site service",Consumables: ,"Affordable Flatbed Scanner with ADF, Wi-Fi wireless connectivity, ReadyScan LED technology, and USB 3.0 for seamless workplace scanning."
Hardware Scanner,epson-workforce-ds-6500,Epson WorkForce WF DS-6500 Color Document Scanner,Epson,Scanner,Flatbed Scanner with 100-page ADF,https://www.keplertechllc.com/product/epson-workforce-ds-6500-color-document-scanner/,https://www.keplertechllc.com/wp-content/uploads/2023/12/Epson-WorkForce-DS-6500-Color-Document-Scanner.webp,,,"Type: Flatbed Scanner with 100-page ADF | Scan Speed: 25 pages per minute (50 ipm duplex) | DPI: 1,200 × 1,200 DPI / 1,200 x 1,200 dpi | Range:  | Warranty: 12 months On-site service",Consumables: ,Powerful A4 scanning for streamlined business workflows; 100-page ADF with one-pass duplex scanning plus full flatbed glass platen for bound documents; Energy Star qualified.
Hardware Scanner,epson-workforce-ds-6500n,Epson WorkForce WF DS-6500N Color Document Scanner,Epson,Scanner,Network-Ready Flatbed Scanner with 100-page ADF,https://www.keplertechllc.com/product/epson-workforce-ds-6500n-color-document-scanner/,https://www.keplertechllc.com/wp-content/uploads/2023/12/Epson-WorkForce-DS-6500N-Color-Document-Scanner.webp,,,"Type: Network-Ready Flatbed Scanner with 100-page ADF | Scan Speed: 25 pages per minute (50 ipm duplex) | DPI: 1,200 × 1,200 DPI / 1,200 x 1,200 dpi | Range:  | Warranty: 12 months On-site service",Consumables: ,"A4 Network Business Scanner with built-in Ethernet for multi-user sharing, 100-page duplex ADF, and flatbed glass for books and delicate media."
Hardware Scanner,epson-workforce-ds-7500,Epson WorkForce WF DS-7500 Color Document Scanner,Epson,Scanner,High-Speed Flatbed Scanner with 100-page ADF,https://www.keplertechllc.com/product/epson-workforce-ds-7500-color-document-scanner/,https://www.keplertechllc.com/wp-content/uploads/2023/12/Epson-WorkForce-DS-7500-Color-Document-Scanner.webp,,,"Type: High-Speed Flatbed Scanner with 100-page ADF | Scan Speed: 40 pages per minute (80 ipm duplex) | DPI: 1,200 × 1,200 DPI / 1,200 x 1,200 dpi | Range:  | Warranty: 12 months On-site service",Consumables: ,"High-speed A4 color scanning for demanding businesses up to 40 ppm / 80 ipm with Double Feed Detection, 100-page ADF, and flatbed."
Hardware Scanner,epson-workforce-ds-7500n,Epson WorkForce WF DS-7500N Color Document Scanner,Epson,Scanner,Network Departmental Flatbed Scanner with 100-page ADF,https://www.keplertechllc.com/product/epson-workforce-ds-7500n-color-document-scanner/,https://www.keplertechllc.com/wp-content/uploads/2023/12/Epson-WorkForce-DS-7500N-Color-Document-Scanner.webp,,,"Type: Network Departmental Flatbed Scanner with 100-page ADF | Scan Speed: 40 ppm / 80 ipm | DPI: 1,200 × 1,200 DPI / 1,200 x 1,200 dpi | Range:  | Warranty: 12 months On-site service",Consumables: ,"A4 Network-Ready Departmental Scanner with speeds up to 40 ppm / 80 ipm, 100-page ADF, one-pass duplex, and ReadyScan LED technology."
Hardware Scanner,epson-workforce-ds-60000,Epson WorkForce WF DS-60000 Color Document Scanner,Epson,Scanner,"Flatbed Scanner, Sheetfed Scanner (A3 Departmental)",https://www.keplertechllc.com/product/epson-workforce-ds-60000-color-document-scanner/,https://www.keplertechllc.com/wp-content/uploads/2023/12/Epson-WorkForce-DS-60000-Color-Document-Scanner.webp,,,"Type: Flatbed Scanner, Sheetfed Scanner (A3 Departmental) | Scan Speed: 40 ppm (Monochrome and Color) | DPI: 600 × 600 DPI / 600 DPI x 600 DPI | Range:  | Warranty: 12 months On-site service",Consumables: ,Reliable A3 departmental scanning for busy workgroups; dual flatbed and sheetfed ADF supporting up to A3/ledger size originals; ENERGY-STAR qualified.
Hardware Scanner,epson-workforce-ds-60000n,Epson WorkForce WF DS-60000N Color Document Scanner,Epson,Scanner,"Flatbed Scanner, Sheetfed Scanner (A3 Network Departmental)",https://www.keplertechllc.com/product/epson-workforce-ds-60000n-color-document-scanner/,https://www.keplertechllc.com/wp-content/uploads/2023/12/Epson-WorkForce-DS-60000N-Color-Document-Scanner.webp,,,"Type: Flatbed Scanner, Sheetfed Scanner (A3 Network Departmental) | Scan Speed: 40 ppm (Mono & Color) | DPI: 600 × 600 DPI / 600 DPI x 600 DPI (Horizontal x Vertical) | Range:  | Warranty: 12 months On-site service",Consumables: ,High-performance A3 Network-Ready Departmental Scanner with dual flatbed platen and ADF for demanding office environments.
Hardware Scanner,epson-workforce-ds-70000,Epson WorkForce WF DS-70000 Color Document Scanner,Epson,Scanner,"Flatbed Scanner, Sheetfed Scanner (A3 Document Business Scanner)",https://www.keplertechllc.com/product/epson-workforce-ds-70000-color-document-scanner/,https://www.keplertechllc.com/wp-content/uploads/2023/12/Epson-WorkForce-DS-70000-Color-Document-Scanner.webp,,,"Type: Flatbed Scanner, Sheetfed Scanner (A3 Document Business Scanner) | Scan Speed: 70 ppm / 140 ipm | DPI: 600 × 600 DPI / 600 DPI x 600 DPI | Range:  | Warranty: 12 months On-site service",Consumables: ,"Powerful A3 scanning for demanding offices and enterprises at 70 ppm / 140 ipm, featuring both heavy-duty ADF and large A3 flatbed glass."
Hardware Scanner,epson-workforce-ds-70000n,Epson WorkForce WF DS-70000N Color Document Scanner,Epson,Scanner,"Flatbed Scanner, Sheetfed Scanner (A3 Network-Ready)",https://www.keplertechllc.com/product/epson-workforce-ds-70000n-color-document-scanner/,https://www.keplertechllc.com/wp-content/uploads/2023/12/Epson-WorkForce-DS-70000N-Color-Document-Scanner.webp,,,"Type: Flatbed Scanner, Sheetfed Scanner (A3 Network-Ready) | Scan Speed: 70 ppm (Mono and Color) | DPI: 600 × 600 DPI / 600 DPI x 600 DPI | Range:  | Warranty: 12 months On-site service",Consumables: ,"Powerful A3 Network-Ready Document Scanner for fast, accurate, high-volume workflows at 70 ppm, with integrated flatbed and high-capacity ADF."
Hardware Scanner,epson-workforce-ds-900wn,Epson WorkForce DS-900WN High-Speed Network Document Scanner,Epson,Scanner,Sheetfed Scanner (High-Speed Network),https://www.keplertechllc.com/product/epson-workforce-ds-900wn-high-speed-network-document-scanner/,https://www.keplertechllc.com/wp-content/uploads/2026/05/WorkForce-DS-900WN-scaled.webp,,,Type: Sheetfed Scanner (High-Speed Network) | Scan Speed: 70ppm / 140ipm | DPI: 600 × 600 DPI / 600 dpi x 600 dpi | Range:  | Warranty: 12 months On-site service,Consumables: ,"Fast, secure network scanner for efficient office document management. 70ppm/140ipm high speed, 11,000 page daily duty cycle, customizable LCD touchscreen with PC-free scanning, Open platform integration."
Hardware Scanner,epson-workforce-ds-800wn,Epson WorkForce DS-800WN Document Scanner,Epson,Scanner,Sheetfed Scanner (Network Document Scanner),https://www.keplertechllc.com/product/epson-workforce-ds-800wn-document-scanner/,https://www.keplertechllc.com/wp-content/uploads/2026/05/WorkForce-DS-800WN-scaled.webp,,,Type: Sheetfed Scanner (Network Document Scanner) | Scan Speed: 50ppm / 100ipm | DPI: 600 × 600 DPI / 600 dpi x 600 dpi | Range:  | Warranty: 12 months On-site service,Consumables: ,"Powerful, intelligent, and user-friendly document management solution. 50ppm/100ipm, standalone scanning with customizable LCD touchscreen, 8,000 pages daily duty cycle, 30% recycled plastics."
Hardware Scanner,epson-workforce-es-580w,Epson WorkForce WF ES-580W Wireless Touchscreen Document Scanner,Epson,Scanner,Sheetfed Scanner (Wireless Business Scanner),https://www.keplertechllc.com/product/epson-workforce-es-580w-wireless-touchscreen-scanner/,https://www.keplertechllc.com/wp-content/uploads/2023/12/Epson-WorkForce-ES-580W-Wireless-Touchscreen-Desktop-Document-Scanner.webp,,,Type: Sheetfed Scanner (Wireless Business Scanner) | Scan Speed: 35 pages/min (Mono and Color) | DPI: 600 × 600 DPI / 600 dpi x 600 dpi | Range:  | Warranty: 12 months On-site service,Consumables: ,"Standalone scanning without a PC—ideal for modern workplaces. 10.9 cm color LCD touchscreen, A4 auto-duplex scanning at 35 ppm, Epson's Image Processing Technology."
Hardware Scanner,epson-workforce-es-500wii,Epson WorkForce WF ES-500WII Wireless Duplex Document Scanner,Epson,Scanner,Sheetfed Scanner (Compact Wireless),https://www.keplertechllc.com/product/epson-workforce-es-500w-ii-wireless-duplex-scanner/,https://www.keplertechllc.com/wp-content/uploads/2023/12/Epson-WorkForce-ES-500W-II-Wireless-Duplex-Desktop-Document-Scanner.webp,,,Type: Sheetfed Scanner (Compact Wireless) | Scan Speed: 35 pages/min (mono/color) | DPI: 600 × 600 DPI / 600 dpi x 600 dpi | Range:  | Warranty: 12 months On-site service,Consumables: ,"Compact wireless scanner with fast, seamless double-sided A4 scanning in a single pass at 35 pages/min; high-speed auto-duplex."
Hardware Scanner,epson-workforce-ds-970,Epson WorkForce WF DS-970 Color Duplex Document Scanner,Epson,Scanner,Sheetfed Scanner (High Capacity Heavy-Duty),https://www.keplertechllc.com/product/epson-workforce-ds-530ii-color-duplex-document-scanner/,https://www.keplertechllc.com/wp-content/uploads/2023/12/Epson-WorkForce-DS-530II-Color-Duplex-Document-Scanner.webp,,,"Type: Sheetfed Scanner (High Capacity Heavy-Duty) | Scan Speed: 85 pages/min (170 ipm duplex, Mono & Color) | DPI: 600 × 600 DPI / 600 DPI x 600 DPI | Range:  | Warranty: 12 months On-site service",Consumables: ,"Powerful scanning for demanding workplaces. Blazing speed up to 85 pages/min (170 ipm in duplex), ReadyScan LED technology, high capacity."
Hardware Scanner,epson-workforce-ds-870,Epson WorkForce WF DS-870 Color Duplex Document Scanner,Epson,Scanner,Sheetfed Scanner (Touchscreen Duplex),https://www.keplertechllc.com/product/epson-workforce-ds-530ii-color-duplex-document-scanner/,https://www.keplertechllc.com/wp-content/uploads/2023/12/Epson-WorkForce-DS-530II-Color-Duplex-Document-Scanner.webp,,,Type: Sheetfed Scanner (Touchscreen Duplex) | Scan Speed: 65 pages/min (Mono and Color) | DPI: 600 × 600 DPI / 600 dpi x 600 dpi | Range:  | Warranty: 12 months On-site service,Consumables: ,"Powerful scanning for seamless business workflows. 10.9 cm color LCD touchscreen, Epson's Image Processing Technology, A4 auto-duplex scanning."
Hardware Scanner,epson-workforce-ds-790wn,Epson WorkForce WF DS-790WN Wireless Color Document Scanner,Epson,Scanner,Sheetfed Scanner (Network & Wi-Fi Touchscreen),https://www.keplertechllc.com/product/epson-workforce-ds-7500n-color-document-scanner/,https://www.keplertechllc.com/wp-content/uploads/2023/12/Epson-WorkForce-DS-7500N-Color-Document-Scanner.webp,,,Type: Sheetfed Scanner (Network & Wi-Fi Touchscreen) | Scan Speed: 45 ppm / 90 ipm | DPI: 600 × 600 DPI / 600 dpi x 600 dpi | Range:  | Warranty: 12 months On-site service,Consumables: ,"High-performance scanning for efficient office workflows. Network & WiFi, High Capacity, General Office, Duplex Scan, LCD Touchscreen."
Hardware Scanner,epson-workforce-ds-770ii,Epson Workforce WF DS-770 II Color Duplex Document Scanner,Epson,Scanner,Sheetfed Scanner (High Capacity Single-Pass),https://www.keplertechllc.com/product/epson-workforce-ds-530ii-color-duplex-document-scanner/,https://www.keplertechllc.com/wp-content/uploads/2023/12/Epson-WorkForce-DS-530II-Color-Duplex-Document-Scanner.webp,,,Type: Sheetfed Scanner (High Capacity Single-Pass) | Scan Speed: 45 ppm / 90 ipm | DPI: 600 × 600 DPI / 600 DPI x 600 DPI | Range:  | Warranty: 12 months Carry in,Consumables: ,"Powerful, reliable scanning for demanding office workflows. Automatic Document Feeder Type: Single-pass dual scanning, ReadyScan LED technology."
Hardware Scanner,epson-workforce-ds-730n,Epson WorkForce WF DS-730N Network Color Document Scanner,Epson,Scanner,Sheetfed Scanner (Network Color),https://www.keplertechllc.com/product/epson-wf-ds-730n-network-color-document-scanner/,https://www.keplertechllc.com/wp-content/uploads/2023/12/Epson-DS-730N-Network-Color-Document-Scanner.webp,,,Type: Sheetfed Scanner (Network Color) | Scan Speed: 40 ppm / 80 ipm | DPI: 600 × 600 DPI / 600 DPI x 600 DPI | Range:  | Warranty: 12 months On-site service,Consumables: ,"Intelligent scanning for streamlined office workflows. Built-in Ethernet, Automatic Document Feeder with single-pass dual scanning, 6,500 pages daily volume."
Hardware Scanner,epson-workforce-ds-530ii,Epson WorkForce WF DS-530II Color Duplex Document Scanner,Epson,Scanner,Sheetfed document scanning (Innovative Business),https://www.keplertechllc.com/product/epson-workforce-ds-530ii-color-duplex-document-scanner/,https://www.keplertechllc.com/wp-content/uploads/2023/12/Epson-WorkForce-DS-530II-Color-Duplex-Document-Scanner.webp,,,Type: Sheetfed document scanning (Innovative Business) | Scan Speed: 35 ppm / 70 ipm | DPI: 600 × 600 DPI / 600x600 dpi | Range:  | Warranty: 12 months On-site service,Consumables: ,"Faster, smarter, and more reliable document processing with Active Separation Roller System to prevent multi-feeds, 50-page ADF, and ReadyScan LED."
Hardware Scanner,epson-workforce-ds-410,Epson WorkForce WF DS-410 Document Scanner,Epson,Scanner,A4 Sheet-Fed Business Scanner,https://www.keplertechllc.com/product/epson-workforce-ds-410-document-scanner/,https://www.keplertechllc.com/wp-content/uploads/2023/12/Epson-WorkForce-DS-410-Document-Scanner.webp,,,Type: A4 Sheet-Fed Business Scanner | Scan Speed: 26 pages/min (Monochrome and Color) | DPI: 600 × 600 DPI / 600 dpi x 600 dpi | Range:  | Warranty: 12 months On-site service,Consumables: ,"Epson DS-410 for elevated business scanning with Paper Protection Technology, 50-sheet ADF, and ReadyScan LED technology."
Hardware Scanner,epson-workforce-ds-30000,Epson WorkForce WF DS-30000 Large-Format Document Scanner,Epson,Scanner,Sheetfed Scanner (A3 Large-Format),https://www.keplertechllc.com/product/epson-workforce-ds-30000-large-format-document-scanner/,https://www.keplertechllc.com/wp-content/uploads/2023/12/Epson-WorkForce-DS-30000-Large-format-Document-Scanner.webp,,,Type: Sheetfed Scanner (A3 Large-Format) | Scan Speed: 70 ppm / 140 ipm | DPI: 600 × 600 DPI / 600 DPI x 600 DPI (Horizontal x Vertical) | Range:  | Warranty: 12 months On-site service,Consumables: ,"High-speed A3 scanning for demanding business environments. High Capacity, General Office, ReadyScan LED technology, 12 months On-site service."
Hardware Scanner,epson-workforce-ds-32000,Epson WorkForce WF DS-32000 Large-Format Document Scanner,Epson,Scanner,Sheetfed Scanner (A3 Large-Format Production),https://www.keplertechllc.com/product/epson-workforce-ds-30000-large-format-document-scanner/,https://www.keplertechllc.com/wp-content/uploads/2023/12/Epson-WorkForce-DS-30000-Large-format-Document-Scanner.webp,,,Type: Sheetfed Scanner (A3 Large-Format Production) | Scan Speed: 90 ppm / 180 ipm | DPI: 600 × 600 DPI / 600 DPI x 600 DPI (Horizontal x Vertical) | Range:  | Warranty: 12 months On-site service,Consumables: ,"High-performance scanning for speed and efficiency up to 90 ppm / 180 ipm with ultrasonic double-feed sensor, flexible media architecture, and ReadyScan LED."
Hardware Scanner,epson-workforce-ds-70,Epson WorkForce WF DS-70 Business Scanner,Epson,Scanner,A4 Mobile Business Scanner (Portable),https://www.keplertechllc.com/product/epson-workforce-ds-70-business-scanner/,https://www.keplertechllc.com/wp-content/uploads/2023/11/Epson-WorkForce-DS-70-Business-Scanner.webp,,,Type: A4 Mobile Business Scanner (Portable) | Scan Speed: 5.5 seconds per page | DPI: 600 × 600 DPI / 600 dpi x 600 dpi (Horizontal x Vertical) | Range:  | Warranty: 24 months,Consumables: ,"Compact, lightweight scanning for professionals on the go. Ultra-portable A4 mobile scanner powered via USB, scanning in 5.5 sec/page."
Hardware Scanner,epson-workforce-ds-80w,Epson WorkForce WF DS-80W Wireless Portable Scanner,Epson,Scanner,Wi-Fi mobile business scanner (Integrated Battery),https://www.keplertechllc.com/product/epson-workforce-ds-80w-wireless-portable-scanner/,https://www.keplertechllc.com/wp-content/uploads/2023/11/Epson-WorkForce-DS-80W-Wireless-Portable-Scanner.webp,,,Type: Wi-Fi mobile business scanner (Integrated Battery) | Scan Speed: 4 sec/page (Monochrome & Color) | DPI: 600 × 600 DPI / 600 dpi x 600 dpi | Range:  | Warranty: 24 months,Consumables: ,"Exceptional efficiency for professionals on the move. Wi-Fi mobile business scanner powered by USB cable or integrated battery power, 4 sec/page speed."
Hardware Scanner,epson-workforce-ds-310,Epson WorkForce WF DS-310 Portable Sheet-fed Document Scanner,Epson,Scanner,Portable Sheet-fed Document Scanner with 20-page ADF,https://www.keplertechllc.com/product/epson-workforce-ds-310-portable-scanner/,https://www.keplertechllc.com/wp-content/uploads/2023/11/Epson-WorkForce-DS-310-Portable-Sheet-fed-Document-Scanner.webp,,,Type: Portable Sheet-fed Document Scanner with 20-page ADF | Scan Speed: 25 pages/min (Color and Monochrome) | DPI: 300 × 300 DPI / 300 dpi (Color and Monochrome) | Range:  | Warranty: 12 months On-site service,Consumables: ,"Fastest portable business scanner with compact and lightweight design, 20-page ADF, double-sided auto duplex scanning at 25 pages/min."
Hardware Scanner,epson-workforce-ds-360w,Epson WorkForce WF DS-360W Wi-Fi Portable Scanner,Epson,Scanner,Portable Wi-Fi Scanner with Battery & 20-page ADF,https://www.keplertechllc.com/product/epson-workforce-ds-360w-wi-fi-portable-scanner/,https://www.keplertechllc.com/wp-content/uploads/2023/12/Epson-WorkForce-DS-360W-Wi-Fi-Portable-Sheet-fed-Document-Scanner.webp,,,Type: Portable Wi-Fi Scanner with Battery & 20-page ADF | Scan Speed: 25 pages/min (Monochrome and Color) | DPI: 300 × 300 DPI / 300 dpi (Monochrome and Color) | Range:  | Warranty: 12 months On-site service,Consumables: ,"Portable Wi-Fi scanning for mobility and efficiency with built-in rechargeable battery, 20-page ADF, and 25 pages/min duplex speed."
Media & Paper,C13S042138,"C13S042138 Epson Double Weight Matte Paper Roll 64""X25M",Epson,Media (photo),Matte,https://www.keplertechllc.com/product/epson-double-weight-matte-paper-roll-44x25m/,https://www.keplertechllc.com/wp-content/uploads/2023/04/Doubleweight-Matte-Paper-Roll-64x25-180-GSM.webp,,320.0,"Weight: None GSM | Finish: Matte | Format: roll (64""×25m) | Roll Width: 64.0"" | Inks: aqueous_pigment, aqueous_dye",Compatible with: epson-sc-p20500,"Epson C13S042138 Epson Double Weight Matte Paper Roll 64""X25M - Matte roll media"
Media & Paper,C13S041385,"C13S041385 Epson Double Weight Matte Paper Roll 24""x25M",Epson,Media (photo),Matte,https://www.keplertechllc.com/product/epson-double-weight-matte-paper-roll-44x25m/,https://www.keplertechllc.com/wp-content/uploads/2023/04/Doubleweight-Matte-Paper-Roll-64x25-180-GSM.webp,,320.0,"Weight: None GSM | Finish: Matte | Format: roll (24""×25m) | Roll Width: 24.0"" | Inks: aqueous_pigment, aqueous_dye","Compatible with: epson-sc-p7500, epson-sc-p7500-spectro, epson-sc-p6500e, epson-sc-p6500d, epson-sc-t3100, epson-sc-t3700e, epson-sc-t3700d, epson-sc-t5100, epson-sc-t5405, epson-sc-t5700d, epson-sc-t5100m, epson-sc-t5700dm, epson-sc-p9500, epson-sc-p9500-spectro, epson-sc-p8500d, epson-sc-p8500dm, epson-sc-t7700d, epson-sc-t7700dl, epson-sc-t7700dm, epson-sc-p20500","Epson C13S041385 Epson Double Weight Matte Paper Roll 24""x25M - Matte roll media"
Media & Paper,C13S041387,"C13S041387 Epson Double Weight Matte Paper Roll 44""x25M",Epson,Media (photo),Matte,https://www.keplertechllc.com/product/epson-double-weight-matte-paper-roll-44x25m/,https://www.keplertechllc.com/wp-content/uploads/2023/04/Doubleweight-Matte-Paper-Roll-64x25-180-GSM.webp,,320.0,"Weight: None GSM | Finish: Matte | Format: roll (44""×25m) | Roll Width: 44.0"" | Inks: aqueous_pigment, aqueous_dye","Compatible with: epson-sc-p9500, epson-sc-p9500-spectro, epson-sc-p8500d, epson-sc-p8500dm, epson-sc-t7700d, epson-sc-t7700dl, epson-sc-t7700dm, epson-sc-p20500","Epson C13S041387 Epson Double Weight Matte Paper Roll 44""x25M - Matte roll media"
Media & Paper,C13S041597,"C13S041597 Epson Enhanced Matte Paper 44""X30.5M",Epson,Media (technical),Matte,https://www.keplertechllc.com/product/c13s041597-epson-enhanced-matte-paper/,https://www.keplertechllc.com/wp-content/uploads/2023/04/Enhanced-Matte-Paper-44-Inch-x-305-m-189-GSM.webp,,320.0,"Weight: None GSM | Finish: Matte | Format: roll (44""×30m) | Roll Width: 44.0"" | Inks: aqueous_pigment, aqueous_dye","Compatible with: epson-sc-p9500, epson-sc-p9500-spectro, epson-sc-p8500d, epson-sc-p8500dm, epson-sc-t7700d, epson-sc-t7700dl, epson-sc-t7700dm, epson-sc-p20500","Epson C13S041597 Epson Enhanced Matte Paper 44""X30.5M - Matte roll media"
Media & Paper,C13S041846,"C13S041846 Epson Premium Canvas Satin, 17''X12.2m",Epson,Media (canvas),Satin,https://www.keplertechllc.com/product/c13s041846-epson-premium-canvas-satin-17/,https://www.keplertechllc.com/wp-content/uploads/2023/04/C13S041846-Epson-Canvas-Satin-17.webp,,320.0,"Weight: None GSM | Finish: Satin | Format: roll (17""×12m) | Roll Width: 17.0"" | Inks: aqueous_pigment, aqueous_dye","Compatible with: epson-sc-p900, epson-sc-p900-roll, epson-sc-p5300, epson-sc-p7500, epson-sc-p7500-spectro, epson-sc-p6500e, epson-sc-p6500d, epson-sc-t3100, epson-sc-t3700e, epson-sc-t3700d, epson-sc-t5100, epson-sc-t5405, epson-sc-t5700d, epson-sc-t5100m, epson-sc-t5700dm, epson-sc-p9500, epson-sc-p9500-spectro, epson-sc-p8500d, epson-sc-p8500dm, epson-sc-t7700d, epson-sc-t7700dl, epson-sc-t7700dm, epson-sc-p20500","Epson C13S041846 Epson Premium Canvas Satin, 17''X12.2m - Satin roll media"
Media & Paper,C13S045065,C13S045065 Epson Premium Canvas Satin 60''X12.2M,Epson,Media (canvas),Satin,https://www.keplertechllc.com/product/c13s045065-epson-premium-canvas-satin-60x12-2m-350gsm/,https://www.keplertechllc.com/wp-content/uploads/2023/04/C13S045065-Epson-Canvas-Satin-60.webp,,320.0,"Weight: None GSM | Finish: Satin | Format: roll (60""×12m) | Roll Width: 60.0"" | Inks: aqueous_pigment, aqueous_dye",Compatible with: epson-sc-p20500,Epson C13S045065 Epson Premium Canvas Satin 60''X12.2M - Satin roll media
Media & Paper,C13S041848,"C13S041848 Epson Premium Canvas Satin, 44''X12.2M",Epson,Media (canvas),Satin,https://www.keplertechllc.com/product/c13s041848-epson-premium-canvas-satin-44x12-2m/,https://www.keplertechllc.com/wp-content/uploads/2023/04/C13S045065-Epson-Canvas-Satin-44.webp,,320.0,"Weight: None GSM | Finish: Satin | Format: roll (44""×12m) | Roll Width: 44.0"" | Inks: aqueous_pigment, aqueous_dye","Compatible with: epson-sc-p9500, epson-sc-p9500-spectro, epson-sc-p8500d, epson-sc-p8500dm, epson-sc-t7700d, epson-sc-t7700dl, epson-sc-t7700dm, epson-sc-p20500","Epson C13S041848 Epson Premium Canvas Satin, 44''X12.2M - Satin roll media"
Media & Paper,C13S041847,C13S041847 Epson Premium Canvas Satin 24''X12.2M,Epson,Media (canvas),Satin,https://www.keplertechllc.com/product/c13s041847-epson-premium-canvas-satin-24x12-2m-350gsm/,https://www.keplertechllc.com/wp-content/uploads/2023/04/C13S041847-Epson-Canvas-Satin-24.webp,,320.0,"Weight: None GSM | Finish: Satin | Format: roll (24""×12m) | Roll Width: 24.0"" | Inks: aqueous_pigment, aqueous_dye","Compatible with: epson-sc-p7500, epson-sc-p7500-spectro, epson-sc-p6500e, epson-sc-p6500d, epson-sc-t3100, epson-sc-t3700e, epson-sc-t3700d, epson-sc-t5100, epson-sc-t5405, epson-sc-t5700d, epson-sc-t5100m, epson-sc-t5700dm, epson-sc-p9500, epson-sc-p9500-spectro, epson-sc-p8500d, epson-sc-p8500dm, epson-sc-t7700d, epson-sc-t7700dl, epson-sc-t7700dm, epson-sc-p20500",Epson C13S041847 Epson Premium Canvas Satin 24''X12.2M - Satin roll media
Media & Paper,C13S041845,C13S041845 Epson Premium Canvas Satin 13''X6.1m 350gsm,Epson,Media (canvas),Satin,https://www.keplertechllc.com/product/c13s041845-epson-premium-canvas-satin-13x6-1m-350gsm/,https://www.keplertechllc.com/wp-content/uploads/2023/04/C13S041845-Epson-Premium-Canvas-Satin-13.webp,,320.0,"Weight: 350 GSM | Finish: Satin | Format: roll (13""×6m) | Roll Width: 13.0"" | Inks: aqueous_pigment, aqueous_dye","Compatible with: epson-sc-p700, epson-sc-p900, epson-sc-p900-roll, epson-sc-p5300, epson-sc-p7500, epson-sc-p7500-spectro, epson-sc-p6500e, epson-sc-p6500d, epson-sc-t3100, epson-sc-t3700e, epson-sc-t3700d, epson-sc-t5100, epson-sc-t5405, epson-sc-t5700d, epson-sc-t5100m, epson-sc-t5700dm, epson-sc-p9500, epson-sc-p9500-spectro, epson-sc-p8500d, epson-sc-p8500dm, epson-sc-t7700d, epson-sc-t7700dl, epson-sc-t7700dm, epson-sc-p20500",Epson C13S041845 Epson Premium Canvas Satin 13''X6.1m 350gsm - Satin roll media
Media & Paper,C13S041725,"C13S041725 Epson Enhanced Matte Paper Roll, 17""x30.5 M",Epson,Media (technical),Matte,https://www.keplertechllc.com/product/c13s041725-epson-enhanced-matte-paper-roll-17-x-305-m-189-gsm/,https://www.keplertechllc.com/wp-content/uploads/2023/04/Epson-Enhanced-Matte-Paper-Roll.webp,,320.0,"Weight: None GSM | Finish: Matte | Format: roll (17""×30m) | Roll Width: 17.0"" | Inks: aqueous_pigment, aqueous_dye","Compatible with: epson-sc-p900, epson-sc-p900-roll, epson-sc-p5300, epson-sc-p7500, epson-sc-p7500-spectro, epson-sc-p6500e, epson-sc-p6500d, epson-sc-t3100, epson-sc-t3700e, epson-sc-t3700d, epson-sc-t5100, epson-sc-t5405, epson-sc-t5700d, epson-sc-t5100m, epson-sc-t5700dm, epson-sc-p9500, epson-sc-p9500-spectro, epson-sc-p8500d, epson-sc-p8500dm, epson-sc-t7700d, epson-sc-t7700dl, epson-sc-t7700dm, epson-sc-p20500","Epson C13S041725 Epson Enhanced Matte Paper Roll, 17""x30.5 M - Matte roll media"
Media & Paper,C13S041595,"C13S041595 Epson Enhanced Matte Paper Roll 24""x30.5M",Epson,Media (technical),Matte,https://www.keplertechllc.com/product/c13s041595-epson-enhanced-matte-paper-roll/,https://www.keplertechllc.com/wp-content/uploads/2023/04/Epson-Enhanced-Matte-Paper-Roll.webp,,320.0,"Weight: None GSM | Finish: Matte | Format: roll (24""×30m) | Roll Width: 24.0"" | Inks: aqueous_pigment, aqueous_dye","Compatible with: epson-sc-p7500, epson-sc-p7500-spectro, epson-sc-p6500e, epson-sc-p6500d, epson-sc-t3100, epson-sc-t3700e, epson-sc-t3700d, epson-sc-t5100, epson-sc-t5405, epson-sc-t5700d, epson-sc-t5100m, epson-sc-t5700dm, epson-sc-p9500, epson-sc-p9500-spectro, epson-sc-p8500d, epson-sc-p8500dm, epson-sc-t7700d, epson-sc-t7700dl, epson-sc-t7700dm, epson-sc-p20500","Epson C13S041595 Epson Enhanced Matte Paper Roll 24""x30.5M - Matte roll media"
Media & Paper,C13S042135,"C13S042135 Epson Enhanced Matte Paper Roll 64""x30.5M",Epson,Media (technical),Matte,https://www.keplertechllc.com/product/c13s042135-epson-enhanced-matte-paper-roll/,https://www.keplertechllc.com/wp-content/uploads/2023/04/Epson-Enhanced-Matte-Paper-Roll.webp,,320.0,"Weight: None GSM | Finish: Matte | Format: roll (64""×30m) | Roll Width: 64.0"" | Inks: aqueous_pigment, aqueous_dye",Compatible with: epson-sc-p20500,"Epson C13S042135 Epson Enhanced Matte Paper Roll 64""x30.5M - Matte roll media"
Media & Paper,C13S041785,C13S041785 Epson Premium Luster Photo Paper DIN A3+,Epson,Media (photo),Lustre,https://www.keplertechllc.com/product/c13s041785-epson-premium-luster-photo-paper-din-a3/,https://www.keplertechllc.com/wp-content/uploads/2023/04/C13S041785-Epson-Premium-Luster-Photo-A3.webp,,320.0,"Weight: None GSM | Finish: Lustre | Format: sheet (A3+) | Roll Width: 13.0"" | Inks: aqueous_pigment, aqueous_dye","Compatible with: epson-sc-p700, epson-sc-p900, epson-sc-p5300",Epson C13S041785 Epson Premium Luster Photo Paper DIN A3+ - Lustre sheet media
Media & Paper,C13S041784,C13S041784 Epson Premium Luster Photo Paper DIN A4,Epson,Media (photo),Lustre,https://www.keplertechllc.com/product/c13s041784-epson-premium-luster-photo-paper-din-a4-sheets/,https://www.keplertechllc.com/wp-content/uploads/2023/04/C13S041785-Epson-Premium-Luster-Photo-A3.webp,,320.0,"Weight: None GSM | Finish: Lustre | Format: sheet (A4) | Roll Width: 8.3"" | Inks: aqueous_pigment, aqueous_dye","Compatible with: epson-sc-p700, epson-sc-p900, epson-sc-p5300",Epson C13S041784 Epson Premium Luster Photo Paper DIN A4 - Lustre sheet media
Media & Paper,C13S042123,C13S042123 Epson Premium Luster Photo Paper DIN A2,Epson,Media (photo),Lustre,https://www.keplertechllc.com/product/c13s042123-epson-premium-luster-photo-paper-din-a2/,https://www.keplertechllc.com/wp-content/uploads/2023/04/C13S042123-Epson-Premium-Luster-Photo-A2.webp,,320.0,"Weight: None GSM | Finish: Lustre | Format: sheet (A2) | Roll Width: 16.5"" | Inks: aqueous_pigment, aqueous_dye","Compatible with: epson-sc-p700, epson-sc-p900, epson-sc-p5300",Epson C13S042123 Epson Premium Luster Photo Paper DIN A2 - Lustre sheet media
Media & Paper,C13S041263,C13S041263 Epson Premium Presentation Paper Matte 13''x 19'',Epson,Media (photo),Matte,https://www.keplertechllc.com/product/c13s041263-epson-premium-presentation-paper-matte-13x19/,https://www.keplertechllc.com/wp-content/uploads/2023/05/Epson-Premium-Presentation-Paper-Matte.webp,,320.0,"Weight: None GSM | Finish: Matte | Format: roll (13""×19m) | Roll Width: 13.0"" | Inks: aqueous_pigment, aqueous_dye","Compatible with: epson-sc-p700, epson-sc-p900, epson-sc-p900-roll, epson-sc-p5300, epson-sc-p7500, epson-sc-p7500-spectro, epson-sc-p6500e, epson-sc-p6500d, epson-sc-t3100, epson-sc-t3700e, epson-sc-t3700d, epson-sc-t5100, epson-sc-t5405, epson-sc-t5700d, epson-sc-t5100m, epson-sc-t5700dm, epson-sc-p9500, epson-sc-p9500-spectro, epson-sc-p8500d, epson-sc-p8500dm, epson-sc-t7700d, epson-sc-t7700dl, epson-sc-t7700dm, epson-sc-p20500",Epson C13S041263 Epson Premium Presentation Paper Matte 13''x 19'' - Matte roll media
Media & Paper,C13S041257,"C13S041257 Epson Premium Presentation Paper Matte 8.5"" x 11""",Epson,Media (photo),Matte,https://www.keplertechllc.com/product/c13s041257-epson-premium-presentation-paper-matte-8-5-x-11/,https://www.keplertechllc.com/wp-content/uploads/2023/05/Epson-Premium-Presentation-Paper-Matte.webp,,320.0,"Weight: None GSM | Finish: Matte | Format: roll (5""×11m) | Roll Width: 5.0"" | Inks: aqueous_pigment, aqueous_dye","Compatible with: epson-sc-p700, epson-sc-p900, epson-sc-p900-roll, epson-sc-p5300, epson-sc-p7500, epson-sc-p7500-spectro, epson-sc-p6500e, epson-sc-p6500d, epson-sc-t3100, epson-sc-t3700e, epson-sc-t3700d, epson-sc-t5100, epson-sc-t5405, epson-sc-t5700d, epson-sc-t5100m, epson-sc-t5700dm, epson-sc-p9500, epson-sc-p9500-spectro, epson-sc-p8500d, epson-sc-p8500dm, epson-sc-t7700d, epson-sc-t7700dl, epson-sc-t7700dm, epson-sc-p20500","Epson C13S041257 Epson Premium Presentation Paper Matte 8.5"" x 11"" - Matte roll media"
Media & Paper,C13S041260,"C13S041260 Epson Premium Presentation Paper Matte 11.7""x16.5""",Epson,Media (photo),Matte,https://www.keplertechllc.com/product/c13s041260-epson-premium-presentation-paper-matte/,https://www.keplertechllc.com/wp-content/uploads/2023/05/Epson-Premium-Presentation-Paper-Matte.webp,,320.0,"Weight: None GSM | Finish: Matte | Format: roll (7""×16m) | Roll Width: 7.0"" | Inks: aqueous_pigment, aqueous_dye","Compatible with: epson-sc-p700, epson-sc-p900, epson-sc-p900-roll, epson-sc-p5300, epson-sc-p7500, epson-sc-p7500-spectro, epson-sc-p6500e, epson-sc-p6500d, epson-sc-t3100, epson-sc-t3700e, epson-sc-t3700d, epson-sc-t5100, epson-sc-t5405, epson-sc-t5700d, epson-sc-t5100m, epson-sc-t5700dm, epson-sc-p9500, epson-sc-p9500-spectro, epson-sc-p8500d, epson-sc-p8500dm, epson-sc-t7700d, epson-sc-t7700dl, epson-sc-t7700dm, epson-sc-p20500","Epson C13S041260 Epson Premium Presentation Paper Matte 11.7""x16.5"" - Matte roll media"
Media & Paper,C13S041467,"C13S041467 Epson Premium Presentation Paper Matte 8""x10""",Epson,Media (photo),Matte,https://www.keplertechllc.com/product/c13s041467-epson-premium-presentation-paper-matte-8-x-10/,https://www.keplertechllc.com/wp-content/uploads/2023/05/Epson-Premium-Presentation-Paper-Matte.webp,,320.0,"Weight: None GSM | Finish: Matte | Format: roll (8""×10m) | Roll Width: 8.0"" | Inks: aqueous_pigment, aqueous_dye","Compatible with: epson-sc-p700, epson-sc-p900, epson-sc-p900-roll, epson-sc-p5300, epson-sc-p7500, epson-sc-p7500-spectro, epson-sc-p6500e, epson-sc-p6500d, epson-sc-t3100, epson-sc-t3700e, epson-sc-t3700d, epson-sc-t5100, epson-sc-t5405, epson-sc-t5700d, epson-sc-t5100m, epson-sc-t5700dm, epson-sc-p9500, epson-sc-p9500-spectro, epson-sc-p8500d, epson-sc-p8500dm, epson-sc-t7700d, epson-sc-t7700dl, epson-sc-t7700dm, epson-sc-p20500","Epson C13S041467 Epson Premium Presentation Paper Matte 8""x10"" - Matte roll media"
Media & Paper,C13S041468,"C13S041468 Epson Premium Presentation Paper Matte 11""X14""",Epson,Media (photo),Matte,https://www.keplertechllc.com/product/c13s041468-epson-premium-presentation-paper-matte/,https://www.keplertechllc.com/wp-content/uploads/2023/05/Epson-Premium-Presentation-Paper-Matte.webp,,320.0,"Weight: None GSM | Finish: Matte | Format: roll (11""×14m) | Roll Width: 11.0"" | Inks: aqueous_pigment, aqueous_dye","Compatible with: epson-sc-p700, epson-sc-p900, epson-sc-p900-roll, epson-sc-p5300, epson-sc-p7500, epson-sc-p7500-spectro, epson-sc-p6500e, epson-sc-p6500d, epson-sc-t3100, epson-sc-t3700e, epson-sc-t3700d, epson-sc-t5100, epson-sc-t5405, epson-sc-t5700d, epson-sc-t5100m, epson-sc-t5700dm, epson-sc-p9500, epson-sc-p9500-spectro, epson-sc-p8500d, epson-sc-p8500dm, epson-sc-t7700d, epson-sc-t7700dl, epson-sc-t7700dm, epson-sc-p20500","Epson C13S041468 Epson Premium Presentation Paper Matte 11""X14"" - Matte roll media"
Media & Paper,C13S042180,C13S042180 Epson Premium Presentation Paper Matte,Epson,Media (photo),Matte,https://www.keplertechllc.com/product/c13s041568-epson-premium-presentation-paper-matte/,https://www.keplertechllc.com/wp-content/uploads/2023/05/Epson-Premium-Presentation-Paper-Matte.webp,,320.0,"Weight: None GSM | Finish: Matte | Format: roll () | Roll Width: None"" | Inks: aqueous_pigment, aqueous_dye",Compatible with: ,Epson C13S042180 Epson Premium Presentation Paper Matte - Matte roll media
Media & Paper,C13S041568,C13S041568 Epson Premium Presentation Paper Matte,Epson,Media (photo),Matte,https://www.keplertechllc.com/product/c13s041568-epson-premium-presentation-paper-matte/,https://www.keplertechllc.com/wp-content/uploads/2023/05/Epson-Premium-Presentation-Paper-Matte.webp,,320.0,"Weight: None GSM | Finish: Matte | Format: roll () | Roll Width: None"" | Inks: aqueous_pigment, aqueous_dye",Compatible with: ,Epson C13S041568 Epson Premium Presentation Paper Matte - Matte roll media
Media & Paper,C13S041220,"C13S041220 Epson Presentation Matte Paper Roll, 44""x25M",Epson,Media (photo),Matte,https://www.keplertechllc.com/product/c13s041220-epson-presentation-matte-paper-roll-44x25/,https://www.keplertechllc.com/wp-content/uploads/2023/05/Epson-Presentation-Matte-Paper-Roll.webp,,320.0,"Weight: None GSM | Finish: Matte | Format: roll (44""×25m) | Roll Width: 44.0"" | Inks: aqueous_pigment, aqueous_dye","Compatible with: epson-sc-p9500, epson-sc-p9500-spectro, epson-sc-p8500d, epson-sc-p8500dm, epson-sc-t7700d, epson-sc-t7700dl, epson-sc-t7700dm, epson-sc-p20500","Epson C13S041220 Epson Presentation Matte Paper Roll, 44""x25M - Matte roll media"
Media & Paper,C13S041295,"C13S041295 Epson Presentation Matte Paper Roll 24""x25M",Epson,Media (photo),Matte,https://www.keplertechllc.com/product/c13s041295-epson-presentation-matte-paper-roll-24x25/,https://www.keplertechllc.com/wp-content/uploads/2023/05/Epson-Presentation-Matte-Paper-Roll.webp,,320.0,"Weight: None GSM | Finish: Matte | Format: roll (24""×25m) | Roll Width: 24.0"" | Inks: aqueous_pigment, aqueous_dye","Compatible with: epson-sc-p7500, epson-sc-p7500-spectro, epson-sc-p6500e, epson-sc-p6500d, epson-sc-t3100, epson-sc-t3700e, epson-sc-t3700d, epson-sc-t5100, epson-sc-t5405, epson-sc-t5700d, epson-sc-t5100m, epson-sc-t5700dm, epson-sc-p9500, epson-sc-p9500-spectro, epson-sc-p8500d, epson-sc-p8500dm, epson-sc-t7700d, epson-sc-t7700dl, epson-sc-t7700dm, epson-sc-p20500","Epson C13S041295 Epson Presentation Matte Paper Roll 24""x25M - Matte roll media"
Media & Paper,C13S041332,"C13S041332 Epson Premium Semigloss Photo Paper, DIN A4",Epson,Media (photo),Glossy,https://www.keplertechllc.com/product/c13s041332-epson-premium-semigloss-photo-paper-din-a4-251gsm-20-sheets/,https://www.keplertechllc.com/wp-content/uploads/2023/05/C13S041332-Epson-Premium-Semigloss-Photo-Paper-DIN-A4.webp,,320.0,"Weight: None GSM | Finish: Glossy | Format: sheet (A4) | Roll Width: 8.3"" | Inks: aqueous_pigment, aqueous_dye","Compatible with: epson-sc-p700, epson-sc-p900, epson-sc-p5300","Epson C13S041332 Epson Premium Semigloss Photo Paper, DIN A4 - Glossy sheet media"
Media & Paper,C13S041328,"C13S041328 Epson Premium Semigloss Photo Paper, DIN A3+",Epson,Media (photo),Glossy,https://www.keplertechllc.com/product/c13s041328-epson-premium-semigloss-photo-paper-din-a3/,https://www.keplertechllc.com/wp-content/uploads/2023/05/C13S041328-Epson-Premium-Semigloss-Photo-Paper-DIN-A3.webp,,320.0,"Weight: None GSM | Finish: Glossy | Format: sheet (A3+) | Roll Width: 13.0"" | Inks: aqueous_pigment, aqueous_dye","Compatible with: epson-sc-p700, epson-sc-p900, epson-sc-p5300","Epson C13S041328 Epson Premium Semigloss Photo Paper, DIN A3+ - Glossy sheet media"
Media & Paper,C13S041334,C13S041334 Epson Premium Semigloss Photo Paper DIN A3,Epson,Media (photo),Glossy,https://www.keplertechllc.com/product/c13s041334-epson-premium-semigloss-photo-paper-din-a3-250-gsm-20-sheets/,https://www.keplertechllc.com/wp-content/uploads/2023/05/C13S041334-Epson-Premium-Semigloss-Photo-Paper-DIN-A3.webp,,320.0,"Weight: None GSM | Finish: Glossy | Format: sheet (A3) | Roll Width: 11.7"" | Inks: aqueous_pigment, aqueous_dye","Compatible with: epson-sc-p700, epson-sc-p900, epson-sc-p5300",Epson C13S041334 Epson Premium Semigloss Photo Paper DIN A3 - Glossy sheet media
Media & Paper,C13S041765,C13S041765 Epson Premium Semi-Gloss Photo Paper 10x15cm,Epson,Media (photo),Glossy,https://www.keplertechllc.com/product/c13s041765-epson-premium-semi-gloss-photo-paper-10x15cm-50-sheets/,https://www.keplertechllc.com/wp-content/uploads/2023/05/C13S041765-Epson-Premium-Semi-Gloss-Photo-Paper-10x15cm-.webp,,320.0,"Weight: None GSM | Finish: Glossy | Format: roll () | Roll Width: None"" | Inks: aqueous_pigment, aqueous_dye",Compatible with: ,Epson C13S041765 Epson Premium Semi-Gloss Photo Paper 10x15cm - Glossy roll media
Media & Paper,C13S042093,C13S042093 Epson Premium SemiGloss Photo Paper DIN A2,Epson,Media (photo),Glossy,https://www.keplertechllc.com/product/c13s042093-epson-premium-semigloss-photo-paper-din-a2/,https://www.keplertechllc.com/wp-content/uploads/2023/05/C13S041765-Epson-Premium-Semigloss-Photo-Paper-DIN-A2.webp,,320.0,"Weight: None GSM | Finish: Glossy | Format: sheet (A2) | Roll Width: 16.5"" | Inks: aqueous_pigment, aqueous_dye","Compatible with: epson-sc-p700, epson-sc-p900, epson-sc-p5300",Epson C13S042093 Epson Premium SemiGloss Photo Paper DIN A2 - Glossy sheet media
Media & Paper,C13S042152,C13S042152 Epson Premium Semimatte 44'' Photo Paper Roll,Epson,Media (photo),Matte,https://www.keplertechllc.com/product/c13s042152-epson-premium-semimatte-photo-paper-roll-44x30/,https://www.keplertechllc.com/wp-content/uploads/2023/05/C13S042152-Epson-Premium-Semimatte-44-Photo-Paper-Roll.webp,,320.0,"Weight: None GSM | Finish: Matte | Format: roll (44″ Roll) | Roll Width: 44.0"" | Inks: aqueous_pigment, aqueous_dye","Compatible with: epson-sc-p9500, epson-sc-p9500-spectro, epson-sc-p8500d, epson-sc-p8500dm, epson-sc-t7700d, epson-sc-t7700dl, epson-sc-t7700dm, epson-sc-p20500",Epson C13S042152 Epson Premium Semimatte 44'' Photo Paper Roll - Matte roll media
Media & Paper,C13S042149,C13S042149 Epson Premium Semimatte 16'' Photo Paper,Epson,Media (photo),Matte,https://www.keplertechllc.com/product/c13s042149-epson-premium-semimatte-photo-paper-roll-16x30-5m-260gsm/,https://www.keplertechllc.com/wp-content/uploads/2023/05/C13S042149-Epson-Premium-Semimatte-16-Photo-Paper-Roll.webp,,320.0,"Weight: None GSM | Finish: Matte | Format: roll (6″ Roll) | Roll Width: 6.0"" | Inks: aqueous_pigment, aqueous_dye","Compatible with: epson-sc-p700, epson-sc-p900, epson-sc-p900-roll, epson-sc-p5300, epson-sc-p7500, epson-sc-p7500-spectro, epson-sc-p6500e, epson-sc-p6500d, epson-sc-t3100, epson-sc-t3700e, epson-sc-t3700d, epson-sc-t5100, epson-sc-t5405, epson-sc-t5700d, epson-sc-t5100m, epson-sc-t5700dm, epson-sc-p9500, epson-sc-p9500-spectro, epson-sc-p8500d, epson-sc-p8500dm, epson-sc-t7700d, epson-sc-t7700dl, epson-sc-t7700dm, epson-sc-p20500",Epson C13S042149 Epson Premium Semimatte 16'' Photo Paper - Matte roll media
Media & Paper,C13S042150,C13S042150 Epson Premium Semimatte 24'' Photo Paper Roll,Epson,Media (photo),Matte,https://www.keplertechllc.com/product/c13s042150-epson-semimatte-photo-paper-roll-24/,https://www.keplertechllc.com/wp-content/uploads/2023/05/C13S042149-Epson-Premium-Semimatte-16-Photo-Paper-Roll.webp,,320.0,"Weight: None GSM | Finish: Matte | Format: roll (24″ Roll) | Roll Width: 24.0"" | Inks: aqueous_pigment, aqueous_dye","Compatible with: epson-sc-p7500, epson-sc-p7500-spectro, epson-sc-p6500e, epson-sc-p6500d, epson-sc-t3100, epson-sc-t3700e, epson-sc-t3700d, epson-sc-t5100, epson-sc-t5405, epson-sc-t5700d, epson-sc-t5100m, epson-sc-t5700dm, epson-sc-p9500, epson-sc-p9500-spectro, epson-sc-p8500d, epson-sc-p8500dm, epson-sc-t7700d, epson-sc-t7700dl, epson-sc-t7700dm, epson-sc-p20500",Epson C13S042150 Epson Premium Semimatte 24'' Photo Paper Roll - Matte roll media
Media & Paper,C13S045083,"C13S045083 Epson Matte Backlit Film 24""x30.5M",Epson,Media (technical),Matte,https://www.keplertechllc.com/product/c13s045083-epson-matte-backlit-film-24x30-5/,https://www.keplertechllc.com/wp-content/uploads/2023/05/C13S045083-Epson-Matte-Backlit-Film-24-Inch-44-inch.webp,,320.0,"Weight: None GSM | Finish: Matte | Format: roll (24""×30m) | Roll Width: 24.0"" | Inks: aqueous_pigment, aqueous_dye","Compatible with: epson-sc-p7500, epson-sc-p7500-spectro, epson-sc-p6500e, epson-sc-p6500d, epson-sc-t3100, epson-sc-t3700e, epson-sc-t3700d, epson-sc-t5100, epson-sc-t5405, epson-sc-t5700d, epson-sc-t5100m, epson-sc-t5700dm, epson-sc-p9500, epson-sc-p9500-spectro, epson-sc-p8500d, epson-sc-p8500dm, epson-sc-t7700d, epson-sc-t7700dl, epson-sc-t7700dm, epson-sc-p20500","Epson C13S045083 Epson Matte Backlit Film 24""x30.5M - Matte roll media"
Media & Paper,C13S045084,"C13S045084 Epson Matte Backlit Film 44""x30.5M",Epson,Media (technical),Matte,https://www.keplertechllc.com/product/c13s045084-epson-matte-backlit-film-44x30-5m/,https://www.keplertechllc.com/wp-content/uploads/2023/05/C13S045083-Epson-Matte-Backlit-Film-24-Inch-44-inch.webp,,320.0,"Weight: None GSM | Finish: Matte | Format: roll (44""×30m) | Roll Width: 44.0"" | Inks: aqueous_pigment, aqueous_dye","Compatible with: epson-sc-p9500, epson-sc-p9500-spectro, epson-sc-p8500d, epson-sc-p8500dm, epson-sc-t7700d, epson-sc-t7700dl, epson-sc-t7700dm, epson-sc-p20500","Epson C13S045084 Epson Matte Backlit Film 44""x30.5M - Matte roll media"
Media & Paper,S041746,S041746 Epson Singleweight 17'' Matte Paper,Epson,Media (photo),Matte,https://www.keplertechllc.com/product/s041746-epson-singleweight-17-inch-matte-paper/,https://www.keplertechllc.com/wp-content/uploads/2023/05/Epson-Singleweight-Matte-Paper.webp,,320.0,"Weight: None GSM | Finish: Matte | Format: roll (17″ Roll) | Roll Width: 17.0"" | Inks: aqueous_pigment, aqueous_dye","Compatible with: epson-sc-p900, epson-sc-p900-roll, epson-sc-p5300, epson-sc-p7500, epson-sc-p7500-spectro, epson-sc-p6500e, epson-sc-p6500d, epson-sc-t3100, epson-sc-t3700e, epson-sc-t3700d, epson-sc-t5100, epson-sc-t5405, epson-sc-t5700d, epson-sc-t5100m, epson-sc-t5700dm, epson-sc-p9500, epson-sc-p9500-spectro, epson-sc-p8500d, epson-sc-p8500dm, epson-sc-t7700d, epson-sc-t7700dl, epson-sc-t7700dm, epson-sc-p20500",Epson S041746 Epson Singleweight 17'' Matte Paper - Matte roll media
Media & Paper,C13S041853,C13S041853 Epson Singleweight 24'' Matte Paper,Epson,Media (photo),Matte,https://www.keplertechllc.com/product/s041855-epson-singleweight-26-inch-matte-paper/,https://www.keplertechllc.com/wp-content/uploads/2023/05/Epson-Singleweight-Matte-Paper.webp,,320.0,"Weight: None GSM | Finish: Matte | Format: roll (24″ Roll) | Roll Width: 24.0"" | Inks: aqueous_pigment, aqueous_dye","Compatible with: epson-sc-p7500, epson-sc-p7500-spectro, epson-sc-p6500e, epson-sc-p6500d, epson-sc-t3100, epson-sc-t3700e, epson-sc-t3700d, epson-sc-t5100, epson-sc-t5405, epson-sc-t5700d, epson-sc-t5100m, epson-sc-t5700dm, epson-sc-p9500, epson-sc-p9500-spectro, epson-sc-p8500d, epson-sc-p8500dm, epson-sc-t7700d, epson-sc-t7700dl, epson-sc-t7700dm, epson-sc-p20500",Epson C13S041853 Epson Singleweight 24'' Matte Paper - Matte roll media
Media & Paper,C13S041855,C13S041855 Epson Singleweight 44'' Matte Paper,Epson,Media (photo),Matte,https://www.keplertechllc.com/product/s041854-epson-singleweight-44-inch-matte-paper/,https://www.keplertechllc.com/wp-content/uploads/2023/05/Epson-Singleweight-Matte-Paper.webp,,320.0,"Weight: None GSM | Finish: Matte | Format: roll (44″ Roll) | Roll Width: 44.0"" | Inks: aqueous_pigment, aqueous_dye","Compatible with: epson-sc-p9500, epson-sc-p9500-spectro, epson-sc-p8500d, epson-sc-p8500dm, epson-sc-t7700d, epson-sc-t7700dl, epson-sc-t7700dm, epson-sc-p20500",Epson C13S041855 Epson Singleweight 44'' Matte Paper - Matte roll media
Media & Paper,S041854,S041854 Epson Singleweight 36'' Matte Paper,Epson,Media (photo),Matte,https://www.keplertechllc.com/product/s041854-epson-singleweight-44-inch-matte-paper/,https://www.keplertechllc.com/wp-content/uploads/2023/05/Epson-Singleweight-Matte-Paper.webp,,320.0,"Weight: None GSM | Finish: Matte | Format: roll (36″ Roll) | Roll Width: 36.0"" | Inks: aqueous_pigment, aqueous_dye","Compatible with: epson-sc-t5100, epson-sc-t5405, epson-sc-t5700d, epson-sc-t5100m, epson-sc-t5700dm, epson-sc-p9500, epson-sc-p9500-spectro, epson-sc-p8500d, epson-sc-p8500dm, epson-sc-t7700d, epson-sc-t7700dl, epson-sc-t7700dm, epson-sc-p20500",Epson S041854 Epson Singleweight 36'' Matte Paper - Matte roll media
Media & Paper,C13S045151,"C13S045151 Epson Crystal Clear Film 17""x30.5M",Epson,Media (technical),Matte,https://www.keplertechllc.com/product/c13s045151-epson-crystal-clear-film-17x30-5m/,https://www.keplertechllc.com/wp-content/uploads/2023/05/Epson-Crystal-Clear-Film-Roll.webp,,320.0,"Weight: None GSM | Finish: Matte | Format: roll (17""×30m) | Roll Width: 17.0"" | Inks: aqueous_pigment, aqueous_dye","Compatible with: epson-sc-p900, epson-sc-p900-roll, epson-sc-p5300, epson-sc-p7500, epson-sc-p7500-spectro, epson-sc-p6500e, epson-sc-p6500d, epson-sc-t3100, epson-sc-t3700e, epson-sc-t3700d, epson-sc-t5100, epson-sc-t5405, epson-sc-t5700d, epson-sc-t5100m, epson-sc-t5700dm, epson-sc-p9500, epson-sc-p9500-spectro, epson-sc-p8500d, epson-sc-p8500dm, epson-sc-t7700d, epson-sc-t7700dl, epson-sc-t7700dm, epson-sc-p20500","Epson C13S045151 Epson Crystal Clear Film 17""x30.5M - Matte roll media"
Media & Paper,C13S042372,"C13S042372 Epson ClearProof® Film 24""x30.5M",Epson,Media (technical),Matte,https://www.keplertechllc.com/product/c13s042372-epson-clearproof-film-24x30-5m/,https://www.keplertechllc.com/wp-content/uploads/2023/05/Epson-Crystal-Clear-Film-Roll-1.webp,,320.0,"Weight: None GSM | Finish: Matte | Format: roll (24""×30m) | Roll Width: 24.0"" | Inks: aqueous_pigment, aqueous_dye","Compatible with: epson-sc-p7500, epson-sc-p7500-spectro, epson-sc-p6500e, epson-sc-p6500d, epson-sc-t3100, epson-sc-t3700e, epson-sc-t3700d, epson-sc-t5100, epson-sc-t5405, epson-sc-t5700d, epson-sc-t5100m, epson-sc-t5700dm, epson-sc-p9500, epson-sc-p9500-spectro, epson-sc-p8500d, epson-sc-p8500dm, epson-sc-t7700d, epson-sc-t7700dl, epson-sc-t7700dm, epson-sc-p20500","Epson C13S042372 Epson ClearProof® Film 24""x30.5M - Matte roll media"
Media & Paper,C13S045152,"C13S045152 Epson Crystal Clear Film 24""x30.5M",Epson,Media (technical),Matte,https://www.keplertechllc.com/product/c13s045152-epson-crystal-clear-film-24x30-5m/,https://www.keplertechllc.com/wp-content/uploads/2023/05/Epson-Crystal-Clear-Film-Roll.webp,,320.0,"Weight: None GSM | Finish: Matte | Format: roll (24""×30m) | Roll Width: 24.0"" | Inks: aqueous_pigment, aqueous_dye","Compatible with: epson-sc-p7500, epson-sc-p7500-spectro, epson-sc-p6500e, epson-sc-p6500d, epson-sc-t3100, epson-sc-t3700e, epson-sc-t3700d, epson-sc-t5100, epson-sc-t5405, epson-sc-t5700d, epson-sc-t5100m, epson-sc-t5700dm, epson-sc-p9500, epson-sc-p9500-spectro, epson-sc-p8500d, epson-sc-p8500dm, epson-sc-t7700d, epson-sc-t7700dl, epson-sc-t7700dm, epson-sc-p20500","Epson C13S045152 Epson Crystal Clear Film 24""x30.5M - Matte roll media"
Media & Paper,C13S042377,"C13S042377 Epson MetallicProof® Film 24""x30.5M",Epson,Media (photo),Matte,https://www.keplertechllc.com/product/c13s042377-epson-metallicproof-film-24x30-5m/,https://www.keplertechllc.com/wp-content/uploads/2023/05/Epson-Crystal-Clear-Film-Roll-2.webp,,320.0,"Weight: None GSM | Finish: Matte | Format: roll (24""×30m) | Roll Width: 24.0"" | Inks: aqueous_pigment, aqueous_dye","Compatible with: epson-sc-p7500, epson-sc-p7500-spectro, epson-sc-p6500e, epson-sc-p6500d, epson-sc-t3100, epson-sc-t3700e, epson-sc-t3700d, epson-sc-t5100, epson-sc-t5405, epson-sc-t5700d, epson-sc-t5100m, epson-sc-t5700dm, epson-sc-p9500, epson-sc-p9500-spectro, epson-sc-p8500d, epson-sc-p8500dm, epson-sc-t7700d, epson-sc-t7700dl, epson-sc-t7700dm, epson-sc-p20500","Epson C13S042377 Epson MetallicProof® Film 24""x30.5M - Matte roll media"
Media & Paper,C13S042408,"C13S042408 Epson ClearProof® Thin Film 24""x30.5M",Epson,Media (technical),Matte,https://www.keplertechllc.com/product/c13s042408-epson-clearproof-thin-film-24x30-5m/,https://www.keplertechllc.com/wp-content/uploads/2023/05/Epson-Crystal-Clear-Film-Roll-1.webp,,320.0,"Weight: None GSM | Finish: Matte | Format: roll (24""×30m) | Roll Width: 24.0"" | Inks: aqueous_pigment, aqueous_dye","Compatible with: epson-sc-p7500, epson-sc-p7500-spectro, epson-sc-p6500e, epson-sc-p6500d, epson-sc-t3100, epson-sc-t3700e, epson-sc-t3700d, epson-sc-t5100, epson-sc-t5405, epson-sc-t5700d, epson-sc-t5100m, epson-sc-t5700dm, epson-sc-p9500, epson-sc-p9500-spectro, epson-sc-p8500d, epson-sc-p8500dm, epson-sc-t7700d, epson-sc-t7700dl, epson-sc-t7700dm, epson-sc-p20500","Epson C13S042408 Epson ClearProof® Thin Film 24""x30.5M - Matte roll media"
Media & Paper,C13S042016,"C13S042016 Epson WaterResistant Matte Canvas Roll 44""x12.2M",Epson,Media (canvas),Matte Canvas,https://www.keplertechllc.com/product/c13s042016-epson-waterresistant-matte-canvas-roll/,https://www.keplertechllc.com/wp-content/uploads/2023/05/C13S042016-Epson-WaterResistant-Matte-Canvas-Roll-.webp,,320.0,"Weight: None GSM | Finish: Matte Canvas | Format: roll (44""×12m) | Roll Width: 44.0"" | Inks: aqueous_pigment, aqueous_dye","Compatible with: epson-sc-p9500, epson-sc-p9500-spectro, epson-sc-p8500d, epson-sc-p8500dm, epson-sc-t7700d, epson-sc-t7700dl, epson-sc-t7700dm, epson-sc-p20500","Epson C13S042016 Epson WaterResistant Matte Canvas Roll 44""x12.2M - Matte Canvas roll media"
Media & Paper,C13S042013,"C13S042013 Epson WaterResistant Matte Canvas Roll 17""x12.2M",Epson,Media (canvas),Matte Canvas,https://www.keplertechllc.com/product/c13s042013-epson-waterresistant-matte-canvas-roll/,https://www.keplertechllc.com/wp-content/uploads/2023/05/C13S042013-Epson-WaterResistant-Matte-Canvas-Roll.webp,,320.0,"Weight: None GSM | Finish: Matte Canvas | Format: roll (17""×12m) | Roll Width: 17.0"" | Inks: aqueous_pigment, aqueous_dye","Compatible with: epson-sc-p900, epson-sc-p900-roll, epson-sc-p5300, epson-sc-p7500, epson-sc-p7500-spectro, epson-sc-p6500e, epson-sc-p6500d, epson-sc-t3100, epson-sc-t3700e, epson-sc-t3700d, epson-sc-t5100, epson-sc-t5405, epson-sc-t5700d, epson-sc-t5100m, epson-sc-t5700dm, epson-sc-p9500, epson-sc-p9500-spectro, epson-sc-p8500d, epson-sc-p8500dm, epson-sc-t7700d, epson-sc-t7700dl, epson-sc-t7700dm, epson-sc-p20500","Epson C13S042013 Epson WaterResistant Matte Canvas Roll 17""x12.2M - Matte Canvas roll media"
Media & Paper,C13S042014,"C13S042014 Epson WaterResistant Matte Canvas Roll 24""x12.2 M",Epson,Media (canvas),Matte Canvas,https://www.keplertechllc.com/product/c13s042014-epson-waterresistant-matte-canvas-roll/,https://www.keplertechllc.com/wp-content/uploads/2023/05/C13S042014-Epson-WaterResistant-Matte-Canvas-Roll.webp,,320.0,"Weight: None GSM | Finish: Matte Canvas | Format: roll (24""×12m) | Roll Width: 24.0"" | Inks: aqueous_pigment, aqueous_dye","Compatible with: epson-sc-p7500, epson-sc-p7500-spectro, epson-sc-p6500e, epson-sc-p6500d, epson-sc-t3100, epson-sc-t3700e, epson-sc-t3700d, epson-sc-t5100, epson-sc-t5405, epson-sc-t5700d, epson-sc-t5100m, epson-sc-t5700dm, epson-sc-p9500, epson-sc-p9500-spectro, epson-sc-p8500d, epson-sc-p8500dm, epson-sc-t7700d, epson-sc-t7700dl, epson-sc-t7700dm, epson-sc-p20500","Epson C13S042014 Epson WaterResistant Matte Canvas Roll 24""x12.2 M - Matte Canvas roll media"
Media & Paper,C13S045064,"C13S045064 Epson WaterResistant Matte Canvas Roll 60""x12.2M",Epson,Media (canvas),Matte Canvas,https://www.keplertechllc.com/product/c13s045064-epson-waterresistant-matte-canvas-60-roll/,https://www.keplertechllc.com/wp-content/uploads/2023/05/C13S045064-Epson-WaterResistant-Matte-Canvas-Roll.webp,,320.0,"Weight: None GSM | Finish: Matte Canvas | Format: roll (60""×12m) | Roll Width: 60.0"" | Inks: aqueous_pigment, aqueous_dye",Compatible with: epson-sc-p20500,"Epson C13S045064 Epson WaterResistant Matte Canvas Roll 60""x12.2M - Matte Canvas roll media"
Media & Paper,C13S041624,C13S041624 Epson Premium Glossy Photo Paper A4,Epson,Media (photo),Glossy,https://www.keplertechllc.com/product/c13s041624-epson-premium-glossy-photo-paper-a4/,https://www.keplertechllc.com/wp-content/uploads/2023/05/C13S041624-Epson-Premium-Glossy-Photo-Paper-A4.webp,,320.0,"Weight: None GSM | Finish: Glossy | Format: roll () | Roll Width: None"" | Inks: aqueous_pigment, aqueous_dye",Compatible with: ,Epson C13S041624 Epson Premium Glossy Photo Paper A4 - Glossy roll media
Media & Paper,C13S041287,C13S041287 Epson Premium Glossy Photo Paper A4,Epson,Media (photo),Glossy,https://www.keplertechllc.com/product/c13s041287-epson-premium-glossy-photo-paper-a4/,https://www.keplertechllc.com/wp-content/uploads/2023/05/C13S041287-Epson-Premium-Glossy-Photo-Paper-A4.webp,,320.0,"Weight: None GSM | Finish: Glossy | Format: roll () | Roll Width: None"" | Inks: aqueous_pigment, aqueous_dye",Compatible with: ,Epson C13S041287 Epson Premium Glossy Photo Paper A4 - Glossy roll media
Media & Paper,C13S041315,C13S041315 Epson Premium Glossy Photo Paper DIN A3,Epson,Media (photo),Glossy,https://www.keplertechllc.com/product/c13s041316-epson-premium-glossy-photo-paper-din-a3/,https://www.keplertechllc.com/wp-content/uploads/2023/05/C13S041315-Epson-Premium-Glossy-Photo-Paper-DIN-A3.webp,,320.0,"Weight: None GSM | Finish: Glossy | Format: sheet (A3) | Roll Width: 11.7"" | Inks: aqueous_pigment, aqueous_dye","Compatible with: epson-sc-p700, epson-sc-p900, epson-sc-p5300",Epson C13S041315 Epson Premium Glossy Photo Paper DIN A3 - Glossy sheet media
Media & Paper,C13S041316,C13S041316 Epson Premium Glossy Photo Paper DIN A3+,Epson,Media (photo),Glossy,https://www.keplertechllc.com/product/c13s041316-epson-premium-glossy-photo-paper-din-a3/,https://www.keplertechllc.com/wp-content/uploads/2023/05/C13S041315-Epson-Premium-Glossy-Photo-Paper-DIN-A3.webp,,320.0,"Weight: None GSM | Finish: Glossy | Format: sheet (A3+) | Roll Width: 13.0"" | Inks: aqueous_pigment, aqueous_dye","Compatible with: epson-sc-p700, epson-sc-p900, epson-sc-p5300",Epson C13S041316 Epson Premium Glossy Photo Paper DIN A3+ - Glossy sheet media
Media & Paper,C13S041729,C13S041729 Epson Premium Glossy Photo Paper 10x15cm,Epson,Media (photo),Glossy,https://www.keplertechllc.com/product/c13s041729-epson-premium-glossy-photo-paper-10x15cm/,https://www.keplertechllc.com/wp-content/uploads/2023/05/C13S041729-Epson-Premium-Glossy-Photo-Paper-10x15cm.webp,,320.0,"Weight: None GSM | Finish: Glossy | Format: roll () | Roll Width: None"" | Inks: aqueous_pigment, aqueous_dye",Compatible with: ,Epson C13S041729 Epson Premium Glossy Photo Paper 10x15cm - Glossy roll media
Media & Paper,C13S041706,C13S041706 Epson Premium Glossy Photo Paper 10x15cm,Epson,Media (photo),Glossy,https://www.keplertechllc.com/product/c13s041706-epson-premium-glossy-photo-paper-10x15cm/,https://www.keplertechllc.com/wp-content/uploads/2023/05/C13S041706-Epson-Premium-Glossy-Photo-Paper-10x15cm.webp,,320.0,"Weight: None GSM | Finish: Glossy | Format: roll () | Roll Width: None"" | Inks: aqueous_pigment, aqueous_dye",Compatible with: ,Epson C13S041706 Epson Premium Glossy Photo Paper 10x15cm - Glossy roll media
Media & Paper,C13S041875,C13S041875 Epson Premium Glossy Photo Paper 13x18cm,Epson,Media (photo),Glossy,https://www.keplertechllc.com/product/c13s041875-epson-premium-glossy-photo-paper-13x18cm/,https://www.keplertechllc.com/wp-content/uploads/2023/05/C13S041875-Epson-Premium-Glossy-Photo-Paper-13x18cm.webp,,320.0,"Weight: None GSM | Finish: Glossy | Format: roll () | Roll Width: None"" | Inks: aqueous_pigment, aqueous_dye",Compatible with: ,Epson C13S041875 Epson Premium Glossy Photo Paper 13x18cm - Glossy roll media
Media & Paper,C13S042091,C13S042091 Epson Premium Glossy Photo Paper DIN A2,Epson,Media (photo),Glossy,https://www.keplertechllc.com/product/c13s042091-epson-premium-glossy-photo-paper-din-a2/,https://www.keplertechllc.com/wp-content/uploads/2023/05/C13S042091-Epson-Premium-Glossy-Photo-Paper-DIN-A2.webp,,320.0,"Weight: None GSM | Finish: Glossy | Format: sheet (A2) | Roll Width: 16.5"" | Inks: aqueous_pigment, aqueous_dye","Compatible with: epson-sc-p700, epson-sc-p900, epson-sc-p5300",Epson C13S042091 Epson Premium Glossy Photo Paper DIN A2 - Glossy sheet media
Media & Paper,C13S042079,"C13S042079 Epson Premium Luster Photo Paper 16""x30.5 M",Epson,Media (photo),Lustre,https://www.keplertechllc.com/product/c13s042079-epson-premium-luster-16-photo-paper/,https://www.keplertechllc.com/wp-content/uploads/2023/05/Epson-Premium-Luster-Photo-Paper-Roll.webp,,320.0,"Weight: None GSM | Finish: Lustre | Format: roll (16""×30m) | Roll Width: 16.0"" | Inks: aqueous_pigment, aqueous_dye","Compatible with: epson-sc-p900, epson-sc-p900-roll, epson-sc-p5300, epson-sc-p7500, epson-sc-p7500-spectro, epson-sc-p6500e, epson-sc-p6500d, epson-sc-t3100, epson-sc-t3700e, epson-sc-t3700d, epson-sc-t5100, epson-sc-t5405, epson-sc-t5700d, epson-sc-t5100m, epson-sc-t5700dm, epson-sc-p9500, epson-sc-p9500-spectro, epson-sc-p8500d, epson-sc-p8500dm, epson-sc-t7700d, epson-sc-t7700dl, epson-sc-t7700dm, epson-sc-p20500","Epson C13S042079 Epson Premium Luster Photo Paper 16""x30.5 M - Lustre roll media"
Media & Paper,C13S042081,"C13S042081 Epson Premium Luster Photo Paper 24""x30.5M",Epson,Media (photo),Lustre,https://www.keplertechllc.com/product/c13s042081-epson-premium-luster-24-photo-paper/,https://www.keplertechllc.com/wp-content/uploads/2023/05/Epson-Premium-Luster-Photo-Paper-Roll.webp,,320.0,"Weight: None GSM | Finish: Lustre | Format: roll (24""×30m) | Roll Width: 24.0"" | Inks: aqueous_pigment, aqueous_dye","Compatible with: epson-sc-p7500, epson-sc-p7500-spectro, epson-sc-p6500e, epson-sc-p6500d, epson-sc-t3100, epson-sc-t3700e, epson-sc-t3700d, epson-sc-t5100, epson-sc-t5405, epson-sc-t5700d, epson-sc-t5100m, epson-sc-t5700dm, epson-sc-p9500, epson-sc-p9500-spectro, epson-sc-p8500d, epson-sc-p8500dm, epson-sc-t7700d, epson-sc-t7700dl, epson-sc-t7700dm, epson-sc-p20500","Epson C13S042081 Epson Premium Luster Photo Paper 24""x30.5M - Lustre roll media"
Media & Paper,C13S042083,"C13S042083 Epson Premium Luster Photo Paper 44""x30.5M",Epson,Media (photo),Lustre,https://www.keplertechllc.com/product/c13s042083-epson-premium-luster-44-photo-paper/,https://www.keplertechllc.com/wp-content/uploads/2023/05/Epson-Premium-Luster-Photo-Paper-Roll.webp,,320.0,"Weight: None GSM | Finish: Lustre | Format: roll (44""×30m) | Roll Width: 44.0"" | Inks: aqueous_pigment, aqueous_dye","Compatible with: epson-sc-p9500, epson-sc-p9500-spectro, epson-sc-p8500d, epson-sc-p8500dm, epson-sc-t7700d, epson-sc-t7700dl, epson-sc-t7700dm, epson-sc-p20500","Epson C13S042083 Epson Premium Luster Photo Paper 44""x30.5M - Lustre roll media"
Media & Paper,C13S042078,C13S042078 Epson Premium Luster Photo Paper 30''x30.5M,Epson,Media (photo),Lustre,https://www.keplertechllc.com/product/c13s042078-epson-premium-luster-30-photo-paper/,https://www.keplertechllc.com/wp-content/uploads/2023/05/Epson-Premium-Luster-Photo-Paper-Roll.webp,,320.0,"Weight: None GSM | Finish: Lustre | Format: roll (30""×30m) | Roll Width: 30.0"" | Inks: aqueous_pigment, aqueous_dye","Compatible with: epson-sc-t5100, epson-sc-t5405, epson-sc-t5700d, epson-sc-t5100m, epson-sc-t5700dm, epson-sc-p9500, epson-sc-p9500-spectro, epson-sc-p8500d, epson-sc-p8500dm, epson-sc-t7700d, epson-sc-t7700dl, epson-sc-t7700dm, epson-sc-p20500",Epson C13S042078 Epson Premium Luster Photo Paper 30''x30.5M - Lustre roll media
Media & Paper,C13S042080,"C13S042080 Epson Premium Luster Photo Paper 20""x30.5M",Epson,Media (photo),Lustre,https://www.keplertechllc.com/product/c13s042080-epson-premium-luster-photo-paper-20x30-5m/,https://www.keplertechllc.com/wp-content/uploads/2023/05/Epson-Premium-Luster-Photo-Paper-Roll.webp,,320.0,"Weight: None GSM | Finish: Lustre | Format: roll (20""×30m) | Roll Width: 20.0"" | Inks: aqueous_pigment, aqueous_dye","Compatible with: epson-sc-p7500, epson-sc-p7500-spectro, epson-sc-p6500e, epson-sc-p6500d, epson-sc-t3100, epson-sc-t3700e, epson-sc-t3700d, epson-sc-t5100, epson-sc-t5405, epson-sc-t5700d, epson-sc-t5100m, epson-sc-t5700dm, epson-sc-p9500, epson-sc-p9500-spectro, epson-sc-p8500d, epson-sc-p8500dm, epson-sc-t7700d, epson-sc-t7700dl, epson-sc-t7700dm, epson-sc-p20500","Epson C13S042080 Epson Premium Luster Photo Paper 20""x30.5M - Lustre roll media"
Media & Paper,C13S042134,"C13S042134 Epson Premium Luster Photo Paper 60""x30.5M",Epson,Media (photo),Lustre,https://www.keplertechllc.com/product/c13s042134-epson-premium-luster-60-inch-photo-paper/,https://www.keplertechllc.com/wp-content/uploads/2023/05/Epson-Premium-Luster-Photo-Paper-Roll.webp,,320.0,"Weight: None GSM | Finish: Lustre | Format: roll (60""×30m) | Roll Width: 60.0"" | Inks: aqueous_pigment, aqueous_dye",Compatible with: epson-sc-p20500,"Epson C13S042134 Epson Premium Luster Photo Paper 60""x30.5M - Lustre roll media"
Media & Paper,S045260,"S045260 Epson Exhibition Canvas Matte Paper 60""x40' Roll",Epson,Media (canvas),Matte Canvas,https://www.keplertechllc.com/product/s045260-epson-exhibition-canvas-matte-paper-60x-40-roll/,https://www.keplertechllc.com/wp-content/uploads/2023/05/Epson-Exhibition-Canvas-Matte-Paper.webp,,320.0,"Weight: None GSM | Finish: Matte Canvas | Format: roll (60""×40m) | Roll Width: 60.0"" | Inks: aqueous_pigment, aqueous_dye",Compatible with: epson-sc-p20500,"Epson S045260 Epson Exhibition Canvas Matte Paper 60""x40' Roll - Matte Canvas roll media"
Media & Paper,S045255,"S045255 Epson Exhibition Canvas Matte Paper 13""x20' Roll",Epson,Media (canvas),Matte Canvas,https://www.keplertechllc.com/product/s045255-epson-exhibition-canvas-matte-paper-13x20-roll/,https://www.keplertechllc.com/wp-content/uploads/2023/05/Epson-Exhibition-Canvas-Matte-Paper.webp,,320.0,"Weight: None GSM | Finish: Matte Canvas | Format: roll (13""×20m) | Roll Width: 13.0"" | Inks: aqueous_pigment, aqueous_dye","Compatible with: epson-sc-p700, epson-sc-p900, epson-sc-p900-roll, epson-sc-p5300, epson-sc-p7500, epson-sc-p7500-spectro, epson-sc-p6500e, epson-sc-p6500d, epson-sc-t3100, epson-sc-t3700e, epson-sc-t3700d, epson-sc-t5100, epson-sc-t5405, epson-sc-t5700d, epson-sc-t5100m, epson-sc-t5700dm, epson-sc-p9500, epson-sc-p9500-spectro, epson-sc-p8500d, epson-sc-p8500dm, epson-sc-t7700d, epson-sc-t7700dl, epson-sc-t7700dm, epson-sc-p20500","Epson S045255 Epson Exhibition Canvas Matte Paper 13""x20' Roll - Matte Canvas roll media"
Media & Paper,S045256,"S045256 Epson Exhibition Canvas Matte Paper 17""x40' Roll",Epson,Media (canvas),Matte Canvas,https://www.keplertechllc.com/product/s045256-epson-exhibition-canvas-matte-paper-17x40-roll/,https://www.keplertechllc.com/wp-content/uploads/2023/05/Epson-Exhibition-Canvas-Matte-Paper.webp,,320.0,"Weight: None GSM | Finish: Matte Canvas | Format: roll (17""×40m) | Roll Width: 17.0"" | Inks: aqueous_pigment, aqueous_dye","Compatible with: epson-sc-p900, epson-sc-p900-roll, epson-sc-p5300, epson-sc-p7500, epson-sc-p7500-spectro, epson-sc-p6500e, epson-sc-p6500d, epson-sc-t3100, epson-sc-t3700e, epson-sc-t3700d, epson-sc-t5100, epson-sc-t5405, epson-sc-t5700d, epson-sc-t5100m, epson-sc-t5700dm, epson-sc-p9500, epson-sc-p9500-spectro, epson-sc-p8500d, epson-sc-p8500dm, epson-sc-t7700d, epson-sc-t7700dl, epson-sc-t7700dm, epson-sc-p20500","Epson S045256 Epson Exhibition Canvas Matte Paper 17""x40' Roll - Matte Canvas roll media"
Media & Paper,S045257,"S045257 Epson Exhibition Canvas Matte Paper 24""x40' Roll",Epson,Media (canvas),Matte Canvas,https://www.keplertechllc.com/product/s045257-epson-exhibition-canvas-matte-paper-24x40-roll/,https://www.keplertechllc.com/wp-content/uploads/2023/05/Epson-Exhibition-Canvas-Matte-Paper.webp,,320.0,"Weight: None GSM | Finish: Matte Canvas | Format: roll (24""×40m) | Roll Width: 24.0"" | Inks: aqueous_pigment, aqueous_dye","Compatible with: epson-sc-p7500, epson-sc-p7500-spectro, epson-sc-p6500e, epson-sc-p6500d, epson-sc-t3100, epson-sc-t3700e, epson-sc-t3700d, epson-sc-t5100, epson-sc-t5405, epson-sc-t5700d, epson-sc-t5100m, epson-sc-t5700dm, epson-sc-p9500, epson-sc-p9500-spectro, epson-sc-p8500d, epson-sc-p8500dm, epson-sc-t7700d, epson-sc-t7700dl, epson-sc-t7700dm, epson-sc-p20500","Epson S045257 Epson Exhibition Canvas Matte Paper 24""x40' Roll - Matte Canvas roll media"
Media & Paper,S045258,"S045258 Epson Exhibition Canvas Matte Paper 36""x40' Roll",Epson,Media (canvas),Matte Canvas,https://www.keplertechllc.com/product/s045258-epson-exhibition-canvas-matte-paper-36x40-roll/,https://www.keplertechllc.com/wp-content/uploads/2023/05/Epson-Exhibition-Canvas-Matte-Paper.webp,,320.0,"Weight: None GSM | Finish: Matte Canvas | Format: roll (36""×40m) | Roll Width: 36.0"" | Inks: aqueous_pigment, aqueous_dye","Compatible with: epson-sc-t5100, epson-sc-t5405, epson-sc-t5700d, epson-sc-t5100m, epson-sc-t5700dm, epson-sc-p9500, epson-sc-p9500-spectro, epson-sc-p8500d, epson-sc-p8500dm, epson-sc-t7700d, epson-sc-t7700dl, epson-sc-t7700dm, epson-sc-p20500","Epson S045258 Epson Exhibition Canvas Matte Paper 36""x40' Roll - Matte Canvas roll media"
Media & Paper,S045259,"S045259 Epson Exhibition Canvas Matte Paper  44""x40' Roll",Epson,Media (canvas),Matte Canvas,https://www.keplertechllc.com/product/s045259-epson-exhibition-canvas-matte-paper-44x40-roll/,https://www.keplertechllc.com/wp-content/uploads/2023/05/Epson-Exhibition-Canvas-Matte-Paper.webp,,320.0,"Weight: None GSM | Finish: Matte Canvas | Format: roll (44""×40m) | Roll Width: 44.0"" | Inks: aqueous_pigment, aqueous_dye","Compatible with: epson-sc-p9500, epson-sc-p9500-spectro, epson-sc-p8500d, epson-sc-p8500dm, epson-sc-t7700d, epson-sc-t7700dl, epson-sc-t7700dm, epson-sc-p20500","Epson S045259 Epson Exhibition Canvas Matte Paper  44""x40' Roll - Matte Canvas roll media"
Media & Paper,S045261,"S045261 Epson Exhibition Canvas Matte Paper 17""x22""",Epson,Media (canvas),Matte Canvas,https://www.keplertechllc.com/product/s045261-epson-exhibition-canvas-matte-paper-17x22/,https://www.keplertechllc.com/wp-content/uploads/2023/05/S045261-Epson-Exhibition-Canvas-Matte-Paper-17-Inch.webp,,320.0,"Weight: None GSM | Finish: Matte Canvas | Format: sheet (17×22″) | Roll Width: 17.0"" | Inks: aqueous_pigment, aqueous_dye","Compatible with: epson-sc-p700, epson-sc-p900, epson-sc-p5300","Epson S045261 Epson Exhibition Canvas Matte Paper 17""x22"" - Matte Canvas sheet media"
Media & Paper,C13S041893,"C13S041893 Epson Photo Paper Gloss 24""x30.5M",Epson,Media (photo),Glossy,https://www.keplertechllc.com/product/c13s041893-epson-photo-paper-gloss-24x30-5m-250gsm/,https://www.keplertechllc.com/wp-content/uploads/2023/05/Epson-Photo-Paper-Gloss.webp,,320.0,"Weight: None GSM | Finish: Glossy | Format: roll (24""×30m) | Roll Width: 24.0"" | Inks: aqueous_pigment, aqueous_dye","Compatible with: epson-sc-p7500, epson-sc-p7500-spectro, epson-sc-p6500e, epson-sc-p6500d, epson-sc-t3100, epson-sc-t3700e, epson-sc-t3700d, epson-sc-t5100, epson-sc-t5405, epson-sc-t5700d, epson-sc-t5100m, epson-sc-t5700dm, epson-sc-p9500, epson-sc-p9500-spectro, epson-sc-p8500d, epson-sc-p8500dm, epson-sc-t7700d, epson-sc-t7700dl, epson-sc-t7700dm, epson-sc-p20500","Epson C13S041893 Epson Photo Paper Gloss 24""x30.5M - Glossy roll media"
Media & Paper,C13S041895,"C13S041895 Epson Photo Paper Gloss 44""x30.5M",Epson,Media (photo),Glossy,https://www.keplertechllc.com/product/c13s041895-epson-photo-paper-gloss-44x30-5m/,https://www.keplertechllc.com/wp-content/uploads/2023/05/Epson-Photo-Paper-Gloss.webp,,320.0,"Weight: None GSM | Finish: Glossy | Format: roll (44""×30m) | Roll Width: 44.0"" | Inks: aqueous_pigment, aqueous_dye","Compatible with: epson-sc-p9500, epson-sc-p9500-spectro, epson-sc-p8500d, epson-sc-p8500dm, epson-sc-t7700d, epson-sc-t7700dl, epson-sc-t7700dm, epson-sc-p20500","Epson C13S041895 Epson Photo Paper Gloss 44""x30.5M - Glossy roll media"
Media & Paper,C13S041894,"C13S041894 Epson Photo Paper Gloss 36""x30.5M",Epson,Media (photo),Glossy,https://www.keplertechllc.com/product/c13s041894-epson-photo-paper-gloss-36x30-5m/,https://www.keplertechllc.com/wp-content/uploads/2023/05/Epson-Photo-Paper-Gloss.webp,,320.0,"Weight: None GSM | Finish: Glossy | Format: roll (36""×30m) | Roll Width: 36.0"" | Inks: aqueous_pigment, aqueous_dye","Compatible with: epson-sc-t5100, epson-sc-t5405, epson-sc-t5700d, epson-sc-t5100m, epson-sc-t5700dm, epson-sc-p9500, epson-sc-p9500-spectro, epson-sc-p8500d, epson-sc-p8500dm, epson-sc-t7700d, epson-sc-t7700dl, epson-sc-t7700dm, epson-sc-p20500","Epson C13S041894 Epson Photo Paper Gloss 36""x30.5M - Glossy roll media"
Media & Paper,C13S041892,"C13S041892 Epson Photo Paper Gloss 17""x30.5M",Epson,Media (photo),Glossy,https://www.keplertechllc.com/product/c13s041892-epson-photo-paper-gloss-17x30-5m/,https://www.keplertechllc.com/wp-content/uploads/2023/05/Epson-Photo-Paper-Gloss.webp,,320.0,"Weight: None GSM | Finish: Glossy | Format: roll (17""×30m) | Roll Width: 17.0"" | Inks: aqueous_pigment, aqueous_dye","Compatible with: epson-sc-p900, epson-sc-p900-roll, epson-sc-p5300, epson-sc-p7500, epson-sc-p7500-spectro, epson-sc-p6500e, epson-sc-p6500d, epson-sc-t3100, epson-sc-t3700e, epson-sc-t3700d, epson-sc-t5100, epson-sc-t5405, epson-sc-t5700d, epson-sc-t5100m, epson-sc-t5700dm, epson-sc-p9500, epson-sc-p9500-spectro, epson-sc-p8500d, epson-sc-p8500dm, epson-sc-t7700d, epson-sc-t7700dl, epson-sc-t7700dm, epson-sc-p20500","Epson C13S041892 Epson Photo Paper Gloss 17""x30.5M - Glossy roll media"
Media & Paper,C13S041393,C13S041393 Epson Premium Semigloss 24'' Photo Paper Roll,Epson,Media (photo),Glossy,https://www.keplertechllc.com/product/c13s041393-epson-premium-semigloss-photo-paper-roll-24x-30-5m/,https://www.keplertechllc.com/wp-content/uploads/2023/05/Epson-Premium-Semigloss-Photo-Paper-Roll.webp,,320.0,"Weight: None GSM | Finish: Glossy | Format: roll (24″ Roll) | Roll Width: 24.0"" | Inks: aqueous_pigment, aqueous_dye","Compatible with: epson-sc-p7500, epson-sc-p7500-spectro, epson-sc-p6500e, epson-sc-p6500d, epson-sc-t3100, epson-sc-t3700e, epson-sc-t3700d, epson-sc-t5100, epson-sc-t5405, epson-sc-t5700d, epson-sc-t5100m, epson-sc-t5700dm, epson-sc-p9500, epson-sc-p9500-spectro, epson-sc-p8500d, epson-sc-p8500dm, epson-sc-t7700d, epson-sc-t7700dl, epson-sc-t7700dm, epson-sc-p20500",Epson C13S041393 Epson Premium Semigloss 24'' Photo Paper Roll - Glossy roll media
Media & Paper,C13S041338,C13S041338 Epson Premium Semigloss Photo Paper Roll,Epson,Media (photo),Glossy,https://www.keplertechllc.com/product/c13s041338-epson-premium-semigloss-photo-paper-roll-329mmx10m/,https://www.keplertechllc.com/wp-content/uploads/2023/05/Epson-Premium-Semigloss-Photo-Paper-Roll.webp,,320.0,"Weight: None GSM | Finish: Glossy | Format: roll () | Roll Width: None"" | Inks: aqueous_pigment, aqueous_dye",Compatible with: ,Epson C13S041338 Epson Premium Semigloss Photo Paper Roll - Glossy roll media
Media & Paper,C13S041395,C13S041395 Epson Premium Semigloss 44'' Photo Paper Roll,Epson,Media (photo),Glossy,https://www.keplertechllc.com/product/c13s041395-epson-premium-semigloss-photo-paper-roll-44x30-5m/,https://www.keplertechllc.com/wp-content/uploads/2023/05/Epson-Premium-Semigloss-Photo-Paper-Roll.webp,,320.0,"Weight: None GSM | Finish: Glossy | Format: roll (44″ Roll) | Roll Width: 44.0"" | Inks: aqueous_pigment, aqueous_dye","Compatible with: epson-sc-p9500, epson-sc-p9500-spectro, epson-sc-p8500d, epson-sc-p8500dm, epson-sc-t7700d, epson-sc-t7700dl, epson-sc-t7700dm, epson-sc-p20500",Epson C13S041395 Epson Premium Semigloss 44'' Photo Paper Roll - Glossy roll media
Media & Paper,C13S041641,C13S041641 Epson Premium Semigloss 24'' Photo Paper Roll,Epson,Media (photo),Glossy,https://www.keplertechllc.com/product/c13s041641-epson-premium-semigloss-photo-24-paper-roll/,https://www.keplertechllc.com/wp-content/uploads/2023/05/Epson-Premium-Semigloss-Photo-Paper-Roll.webp,,320.0,"Weight: None GSM | Finish: Glossy | Format: roll (24″ Roll) | Roll Width: 24.0"" | Inks: aqueous_pigment, aqueous_dye","Compatible with: epson-sc-p7500, epson-sc-p7500-spectro, epson-sc-p6500e, epson-sc-p6500d, epson-sc-t3100, epson-sc-t3700e, epson-sc-t3700d, epson-sc-t5100, epson-sc-t5405, epson-sc-t5700d, epson-sc-t5100m, epson-sc-t5700dm, epson-sc-p9500, epson-sc-p9500-spectro, epson-sc-p8500d, epson-sc-p8500dm, epson-sc-t7700d, epson-sc-t7700dl, epson-sc-t7700dm, epson-sc-p20500",Epson C13S041641 Epson Premium Semigloss 24'' Photo Paper Roll - Glossy roll media
Media & Paper,C13S041743,C13S041743 Epson Premium Semigloss 16'' Photo Paper Roll,Epson,Media (photo),Glossy,https://www.keplertechllc.com/product/c13s041743-epson-premium-semigloss-photo-paper-roll/,https://www.keplertechllc.com/wp-content/uploads/2023/05/Epson-Premium-Semigloss-Photo-Paper-Roll.webp,,320.0,"Weight: None GSM | Finish: Glossy | Format: roll (6″ Roll) | Roll Width: 6.0"" | Inks: aqueous_pigment, aqueous_dye","Compatible with: epson-sc-p700, epson-sc-p900, epson-sc-p900-roll, epson-sc-p5300, epson-sc-p7500, epson-sc-p7500-spectro, epson-sc-p6500e, epson-sc-p6500d, epson-sc-t3100, epson-sc-t3700e, epson-sc-t3700d, epson-sc-t5100, epson-sc-t5405, epson-sc-t5700d, epson-sc-t5100m, epson-sc-t5700dm, epson-sc-p9500, epson-sc-p9500-spectro, epson-sc-p8500d, epson-sc-p8500dm, epson-sc-t7700d, epson-sc-t7700dl, epson-sc-t7700dm, epson-sc-p20500",Epson C13S041743 Epson Premium Semigloss 16'' Photo Paper Roll - Glossy roll media
Media & Paper,C13S042133,C13S042133 Epson Premium Semigloss 60'' Photo Paper Roll,Epson,Media (photo),Glossy,https://www.keplertechllc.com/product/c13s042133-epson-premium-semigloss-photo-paper-roll-60x30-5m-250gsm/,https://www.keplertechllc.com/wp-content/uploads/2023/05/Epson-Premium-Semigloss-Photo-Paper-Roll.webp,,320.0,"Weight: None GSM | Finish: Glossy | Format: roll (60″ Roll) | Roll Width: 60.0"" | Inks: aqueous_pigment, aqueous_dye",Compatible with: epson-sc-p20500,Epson C13S042133 Epson Premium Semigloss 60'' Photo Paper Roll - Glossy roll media
Media & Paper,C13S042137,C13S042137 Epson Premium Semigloss 60'' Photo Paper Roll,Epson,Media (photo),Glossy,https://www.keplertechllc.com/product/c13s042137-epson-premium-semigloss-photo-60-paper-roll/,https://www.keplertechllc.com/wp-content/uploads/2023/05/Epson-Premium-Semigloss-Photo-Paper-Roll.webp,,320.0,"Weight: None GSM | Finish: Glossy | Format: roll (60″ Roll) | Roll Width: 60.0"" | Inks: aqueous_pigment, aqueous_dye",Compatible with: epson-sc-p20500,Epson C13S042137 Epson Premium Semigloss 60'' Photo Paper Roll - Glossy roll media
Media & Paper,C13S042075,C13S042075 Epson Premium Semigloss 16.5'' Photo Paper Roll,Epson,Media (photo),Glossy,https://www.keplertechllc.com/product/c13s042075-epson-premium-semigloss-photo-paper-roll/,https://www.keplertechllc.com/wp-content/uploads/2023/05/Epson-Premium-Semigloss-Photo-Paper-Roll.webp,,320.0,"Weight: None GSM | Finish: Glossy | Format: roll (5″ Roll) | Roll Width: 5.0"" | Inks: aqueous_pigment, aqueous_dye","Compatible with: epson-sc-p700, epson-sc-p900, epson-sc-p900-roll, epson-sc-p5300, epson-sc-p7500, epson-sc-p7500-spectro, epson-sc-p6500e, epson-sc-p6500d, epson-sc-t3100, epson-sc-t3700e, epson-sc-t3700d, epson-sc-t5100, epson-sc-t5405, epson-sc-t5700d, epson-sc-t5100m, epson-sc-t5700dm, epson-sc-p9500, epson-sc-p9500-spectro, epson-sc-p8500d, epson-sc-p8500dm, epson-sc-t7700d, epson-sc-t7700dl, epson-sc-t7700dm, epson-sc-p20500",Epson C13S042075 Epson Premium Semigloss 16.5'' Photo Paper Roll - Glossy roll media
Media & Paper,C13S041256,C13S041256 Epson Matte A4 Paper Heavy Weight,Epson,Media (photo),Matte,https://www.keplertechllc.com/product/c13s041256-epson-matte-paper-heavy-weight-a4/,https://www.keplertechllc.com/wp-content/uploads/2023/05/C13S041256-Epson-Matte-Paper-Heavy-Weight-A4-.webp,,320.0,"Weight: None GSM | Finish: Matte | Format: sheet (A4) | Roll Width: 8.3"" | Inks: aqueous_pigment, aqueous_dye","Compatible with: epson-sc-p700, epson-sc-p900, epson-sc-p5300",Epson C13S041256 Epson Matte A4 Paper Heavy Weight - Matte sheet media
Media & Paper,IFA 11,Innova IFA 11 Photo Cotton Rag 315gsm,Innova Art,Media (fine_art),Smooth Cotton,https://www.keplertechllc.com/product/innova-photo-cotton-rag-315gsm-ifa-11/,https://www.keplertechllc.com/wp-content/uploads/2023/05/IFA11-25-PHOTO-COTTON-RAG-315GSM.webp,,320.0,"Weight: 315 GSM | Finish: Smooth Cotton | Format: roll () | Roll Width: None"" | Inks: aqueous_pigment, aqueous_dye",Compatible with: ,Innova Art Innova IFA 11 Photo Cotton Rag 315gsm - Smooth Cotton roll media
Media & Paper,IFA-11-610x15,"Innova IFA 11 Photo Cotton Rag 315gsm - 24""X15 M",Innova Art,Media (fine_art),Smooth Cotton,https://www.keplertechllc.com/product/innova-photo-cotton-rag-315gsm-ifa-11/,https://www.keplertechllc.com/wp-content/uploads/2023/05/IFA11-25-PHOTO-COTTON-RAG-315GSM.webp,,320.0,"Weight: 315 GSM | Finish: Smooth Cotton | Format: roll (24""×15m) | Roll Width: 24.0"" | Inks: aqueous_pigment, aqueous_dye","Compatible with: epson-sc-p7500, epson-sc-p7500-spectro, epson-sc-p6500e, epson-sc-p6500d, epson-sc-t3100, epson-sc-t3700e, epson-sc-t3700d, epson-sc-t5100, epson-sc-t5405, epson-sc-t5700d, epson-sc-t5100m, epson-sc-t5700dm, epson-sc-p9500, epson-sc-p9500-spectro, epson-sc-p8500d, epson-sc-p8500dm, epson-sc-t7700d, epson-sc-t7700dl, epson-sc-t7700dm, epson-sc-p20500","Innova Art Innova IFA 11 Photo Cotton Rag 315gsm - 24""X15 M - Smooth Cotton roll media"
Media & Paper,IFA-11-1118x15,"Innova IFA 11 Photo Cotton Rag 315gsm - 44""X15 M",Innova Art,Media (fine_art),Smooth Cotton,https://www.keplertechllc.com/product/innova-photo-cotton-rag-315gsm-ifa-11/,https://www.keplertechllc.com/wp-content/uploads/2023/05/IFA11-25-PHOTO-COTTON-RAG-315GSM.webp,,320.0,"Weight: 315 GSM | Finish: Smooth Cotton | Format: roll (44""×15m) | Roll Width: 44.0"" | Inks: aqueous_pigment, aqueous_dye","Compatible with: epson-sc-p9500, epson-sc-p9500-spectro, epson-sc-p8500d, epson-sc-p8500dm, epson-sc-t7700d, epson-sc-t7700dl, epson-sc-t7700dm, epson-sc-p20500","Innova Art Innova IFA 11 Photo Cotton Rag 315gsm - 44""X15 M - Smooth Cotton roll media"
Media & Paper,IFA 107,Innova IFA 107 Fabriano Printmaking Rag 310gsm,Innova Art,Media (fine_art),Heritage Mould-Made Rag,https://www.keplertechllc.com/product/innova-fabriano-printmaking-rag-310gsm-ifa-107/,https://www.keplertechllc.com/wp-content/uploads/2023/06/Innova-Fabriano-Printmaking-Rag-310gsm-IFA-107.webp,,320.0,"Weight: 310 GSM | Finish: Heritage Mould-Made Rag | Format: roll () | Roll Width: None"" | Inks: aqueous_pigment, aqueous_dye",Compatible with: ,Innova Art Innova IFA 107 Fabriano Printmaking Rag 310gsm - Heritage Mould-Made Rag roll media
Media & Paper,IFA-107-A4-25,Innova IFA 107 Fabriano Printmaking Rag 310gsm - A4 - 25 Sheets,Innova Art,Media (fine_art),Heritage Mould-Made Rag,https://www.keplertechllc.com/product/innova-fabriano-printmaking-rag-310gsm-ifa-107/,https://www.keplertechllc.com/wp-content/uploads/2023/06/Innova-Fabriano-Printmaking-Rag-310gsm-IFA-107.webp,,320.0,"Weight: 310 GSM | Finish: Heritage Mould-Made Rag | Format: sheet (A4) | Roll Width: 8.3"" | Inks: aqueous_pigment, aqueous_dye","Compatible with: epson-sc-p700, epson-sc-p900, epson-sc-p5300",Innova Art Innova IFA 107 Fabriano Printmaking Rag 310gsm - A4 - 25 Sheets - Heritage Mould-Made Rag sheet media
Media & Paper,IFA-107-A3P-25,Innova IFA 107 Fabriano Printmaking Rag 310gsm - A3+ - 25 Sheets,Innova Art,Media (fine_art),Heritage Mould-Made Rag,https://www.keplertechllc.com/product/innova-fabriano-printmaking-rag-310gsm-ifa-107/,https://www.keplertechllc.com/wp-content/uploads/2023/06/Innova-Fabriano-Printmaking-Rag-310gsm-IFA-107.webp,,320.0,"Weight: 310 GSM | Finish: Heritage Mould-Made Rag | Format: sheet (A3+) | Roll Width: 13.0"" | Inks: aqueous_pigment, aqueous_dye","Compatible with: epson-sc-p700, epson-sc-p900, epson-sc-p5300",Innova Art Innova IFA 107 Fabriano Printmaking Rag 310gsm - A3+ - 25 Sheets - Heritage Mould-Made Rag sheet media
Media & Paper,IFA-107-610x15,"Innova IFA 107 Fabriano Printmaking Rag 310gsm - 24""X15 M",Innova Art,Media (fine_art),Heritage Mould-Made Rag,https://www.keplertechllc.com/product/innova-fabriano-printmaking-rag-310gsm-ifa-107/,https://www.keplertechllc.com/wp-content/uploads/2023/06/Innova-Fabriano-Printmaking-Rag-310gsm-IFA-107.webp,,320.0,"Weight: 310 GSM | Finish: Heritage Mould-Made Rag | Format: roll (24""×15m) | Roll Width: 24.0"" | Inks: aqueous_pigment, aqueous_dye","Compatible with: epson-sc-p7500, epson-sc-p7500-spectro, epson-sc-p6500e, epson-sc-p6500d, epson-sc-t3100, epson-sc-t3700e, epson-sc-t3700d, epson-sc-t5100, epson-sc-t5405, epson-sc-t5700d, epson-sc-t5100m, epson-sc-t5700dm, epson-sc-p9500, epson-sc-p9500-spectro, epson-sc-p8500d, epson-sc-p8500dm, epson-sc-t7700d, epson-sc-t7700dl, epson-sc-t7700dm, epson-sc-p20500","Innova Art Innova IFA 107 Fabriano Printmaking Rag 310gsm - 24""X15 M - Heritage Mould-Made Rag roll media"
Media & Paper,IFA-107-1118x15,"Innova IFA 107 Fabriano Printmaking Rag 310gsm - 44""X15 M",Innova Art,Media (fine_art),Heritage Mould-Made Rag,https://www.keplertechllc.com/product/innova-fabriano-printmaking-rag-310gsm-ifa-107/,https://www.keplertechllc.com/wp-content/uploads/2023/06/Innova-Fabriano-Printmaking-Rag-310gsm-IFA-107.webp,,320.0,"Weight: 310 GSM | Finish: Heritage Mould-Made Rag | Format: roll (44""×15m) | Roll Width: 44.0"" | Inks: aqueous_pigment, aqueous_dye","Compatible with: epson-sc-p9500, epson-sc-p9500-spectro, epson-sc-p8500d, epson-sc-p8500dm, epson-sc-t7700d, epson-sc-t7700dl, epson-sc-t7700dm, epson-sc-p20500","Innova Art Innova IFA 107 Fabriano Printmaking Rag 310gsm - 44""X15 M - Heritage Mould-Made Rag roll media"
Media & Paper,IFA-11-A4-25,Innova IFA 11 Photo Cotton Rag 315gsm - A4 - 25 Sheets,Innova Art,Media (fine_art),Smooth Cotton,https://www.keplertechllc.com/product/innova-photo-cotton-rag-315gsm-ifa-11/,https://www.keplertechllc.com/wp-content/uploads/2023/05/IFA11-25-PHOTO-COTTON-RAG-315GSM.webp,,320.0,"Weight: 315 GSM | Finish: Smooth Cotton | Format: sheet (A4) | Roll Width: 8.3"" | Inks: aqueous_pigment, aqueous_dye","Compatible with: epson-sc-p700, epson-sc-p900, epson-sc-p5300",Innova Art Innova IFA 11 Photo Cotton Rag 315gsm - A4 - 25 Sheets - Smooth Cotton sheet media
Media & Paper,IFA-11-A3P-25,Innova IFA 11 Photo Cotton Rag 315gsm - A3+ - 25 Sheets,Innova Art,Media (fine_art),Smooth Cotton,https://www.keplertechllc.com/product/innova-photo-cotton-rag-315gsm-ifa-11/,https://www.keplertechllc.com/wp-content/uploads/2023/05/IFA11-25-PHOTO-COTTON-RAG-315GSM.webp,,320.0,"Weight: 315 GSM | Finish: Smooth Cotton | Format: sheet (A3+) | Roll Width: 13.0"" | Inks: aqueous_pigment, aqueous_dye","Compatible with: epson-sc-p700, epson-sc-p900, epson-sc-p5300",Innova Art Innova IFA 11 Photo Cotton Rag 315gsm - A3+ - 25 Sheets - Smooth Cotton sheet media
Media & Paper,IFA 22,Innova IFA 22 Etching Cotton Rag 315gsm,Innova Art,Media (fine_art),Etching Textured Cotton,https://www.keplertechllc.com/product/innova-etching-cotton-rag-315-gsm-ifa-22/,https://www.keplertechllc.com/wp-content/uploads/2023/06/Innova-Etching-Cotton-Rag-315-GSM-IFA-22.webp,,320.0,"Weight: 315 GSM | Finish: Etching Textured Cotton | Format: roll () | Roll Width: None"" | Inks: aqueous_pigment, aqueous_dye",Compatible with: ,Innova Art Innova IFA 22 Etching Cotton Rag 315gsm - Etching Textured Cotton roll media
Media & Paper,IFA-22-A4-25,Innova IFA 22 Etching Cotton Rag 315gsm - A4 - 25 Sheets,Innova Art,Media (fine_art),Etching Textured Cotton,https://www.keplertechllc.com/product/innova-etching-cotton-rag-315-gsm-ifa-22/,https://www.keplertechllc.com/wp-content/uploads/2023/06/Innova-Etching-Cotton-Rag-315-GSM-IFA-22.webp,,320.0,"Weight: 315 GSM | Finish: Etching Textured Cotton | Format: sheet (A4) | Roll Width: 8.3"" | Inks: aqueous_pigment, aqueous_dye","Compatible with: epson-sc-p700, epson-sc-p900, epson-sc-p5300",Innova Art Innova IFA 22 Etching Cotton Rag 315gsm - A4 - 25 Sheets - Etching Textured Cotton sheet media
Media & Paper,IFA-22-A3P-25,Innova IFA 22 Etching Cotton Rag 315gsm - A3+ - 25 Sheets,Innova Art,Media (fine_art),Etching Textured Cotton,https://www.keplertechllc.com/product/innova-etching-cotton-rag-315-gsm-ifa-22/,https://www.keplertechllc.com/wp-content/uploads/2023/06/Innova-Etching-Cotton-Rag-315-GSM-IFA-22.webp,,320.0,"Weight: 315 GSM | Finish: Etching Textured Cotton | Format: sheet (A3+) | Roll Width: 13.0"" | Inks: aqueous_pigment, aqueous_dye","Compatible with: epson-sc-p700, epson-sc-p900, epson-sc-p5300",Innova Art Innova IFA 22 Etching Cotton Rag 315gsm - A3+ - 25 Sheets - Etching Textured Cotton sheet media
Media & Paper,IFA-22-610x15,"Innova IFA 22 Etching Cotton Rag 315gsm - 24""X15 M",Innova Art,Media (fine_art),Etching Textured Cotton,https://www.keplertechllc.com/product/innova-etching-cotton-rag-315-gsm-ifa-22/,https://www.keplertechllc.com/wp-content/uploads/2023/06/Innova-Etching-Cotton-Rag-315-GSM-IFA-22.webp,,320.0,"Weight: 315 GSM | Finish: Etching Textured Cotton | Format: roll (24""×15m) | Roll Width: 24.0"" | Inks: aqueous_pigment, aqueous_dye","Compatible with: epson-sc-p7500, epson-sc-p7500-spectro, epson-sc-p6500e, epson-sc-p6500d, epson-sc-t3100, epson-sc-t3700e, epson-sc-t3700d, epson-sc-t5100, epson-sc-t5405, epson-sc-t5700d, epson-sc-t5100m, epson-sc-t5700dm, epson-sc-p9500, epson-sc-p9500-spectro, epson-sc-p8500d, epson-sc-p8500dm, epson-sc-t7700d, epson-sc-t7700dl, epson-sc-t7700dm, epson-sc-p20500","Innova Art Innova IFA 22 Etching Cotton Rag 315gsm - 24""X15 M - Etching Textured Cotton roll media"
Media & Paper,IFA-22-1118x15,"Innova IFA 22 Etching Cotton Rag 315gsm - 44""X15 M",Innova Art,Media (fine_art),Etching Textured Cotton,https://www.keplertechllc.com/product/innova-etching-cotton-rag-315-gsm-ifa-22/,https://www.keplertechllc.com/wp-content/uploads/2023/06/Innova-Etching-Cotton-Rag-315-GSM-IFA-22.webp,,320.0,"Weight: 315 GSM | Finish: Etching Textured Cotton | Format: roll (44""×15m) | Roll Width: 44.0"" | Inks: aqueous_pigment, aqueous_dye","Compatible with: epson-sc-p9500, epson-sc-p9500-spectro, epson-sc-p8500d, epson-sc-p8500dm, epson-sc-t7700d, epson-sc-t7700dl, epson-sc-t7700dm, epson-sc-p20500","Innova Art Innova IFA 22 Etching Cotton Rag 315gsm - 44""X15 M - Etching Textured Cotton roll media"
Media & Paper,IFA 108,Innova IFA 108 Fabriano Artistico Watercolour Rag 310gsm,Innova Art,Media (fine_art),Heritage Mould-Made Rag,https://www.keplertechllc.com/product/innova-fabriano-artistico-watercolour-rag-310-gsm-ifa-108/,https://www.keplertechllc.com/wp-content/uploads/2023/06/Innova-Fabriano-Artistico-Watercolour-Rag-310-GSM-IFA-108.webp,,320.0,"Weight: 310 GSM | Finish: Heritage Mould-Made Rag | Format: roll () | Roll Width: None"" | Inks: aqueous_pigment, aqueous_dye",Compatible with: ,Innova Art Innova IFA 108 Fabriano Artistico Watercolour Rag 310gsm - Heritage Mould-Made Rag roll media
Media & Paper,IFA-108-A4-25,Innova IFA 108 Fabriano Artistico Watercolour Rag 310gsm - A4 - 25 Sheets,Innova Art,Media (fine_art),Heritage Mould-Made Rag,https://www.keplertechllc.com/product/innova-fabriano-artistico-watercolour-rag-310-gsm-ifa-108/,https://www.keplertechllc.com/wp-content/uploads/2023/06/Innova-Fabriano-Artistico-Watercolour-Rag-310-GSM-IFA-108.webp,,320.0,"Weight: 310 GSM | Finish: Heritage Mould-Made Rag | Format: sheet (A4) | Roll Width: 8.3"" | Inks: aqueous_pigment, aqueous_dye","Compatible with: epson-sc-p700, epson-sc-p900, epson-sc-p5300",Innova Art Innova IFA 108 Fabriano Artistico Watercolour Rag 310gsm - A4 - 25 Sheets - Heritage Mould-Made Rag sheet media
Media & Paper,IFA-108-A3P-25,Innova IFA 108 Fabriano Artistico Watercolour Rag 310gsm - A3+ - 25 Sheets,Innova Art,Media (fine_art),Heritage Mould-Made Rag,https://www.keplertechllc.com/product/innova-fabriano-artistico-watercolour-rag-310-gsm-ifa-108/,https://www.keplertechllc.com/wp-content/uploads/2023/06/Innova-Fabriano-Artistico-Watercolour-Rag-310-GSM-IFA-108.webp,,320.0,"Weight: 310 GSM | Finish: Heritage Mould-Made Rag | Format: sheet (A3+) | Roll Width: 13.0"" | Inks: aqueous_pigment, aqueous_dye","Compatible with: epson-sc-p700, epson-sc-p900, epson-sc-p5300",Innova Art Innova IFA 108 Fabriano Artistico Watercolour Rag 310gsm - A3+ - 25 Sheets - Heritage Mould-Made Rag sheet media
Media & Paper,IFA-108-610x15,"Innova IFA 108 Fabriano Artistico Watercolour Rag 310gsm - 24""X15 M",Innova Art,Media (fine_art),Heritage Mould-Made Rag,https://www.keplertechllc.com/product/innova-fabriano-artistico-watercolour-rag-310-gsm-ifa-108/,https://www.keplertechllc.com/wp-content/uploads/2023/06/Innova-Fabriano-Artistico-Watercolour-Rag-310-GSM-IFA-108.webp,,320.0,"Weight: 310 GSM | Finish: Heritage Mould-Made Rag | Format: roll (24""×15m) | Roll Width: 24.0"" | Inks: aqueous_pigment, aqueous_dye","Compatible with: epson-sc-p7500, epson-sc-p7500-spectro, epson-sc-p6500e, epson-sc-p6500d, epson-sc-t3100, epson-sc-t3700e, epson-sc-t3700d, epson-sc-t5100, epson-sc-t5405, epson-sc-t5700d, epson-sc-t5100m, epson-sc-t5700dm, epson-sc-p9500, epson-sc-p9500-spectro, epson-sc-p8500d, epson-sc-p8500dm, epson-sc-t7700d, epson-sc-t7700dl, epson-sc-t7700dm, epson-sc-p20500","Innova Art Innova IFA 108 Fabriano Artistico Watercolour Rag 310gsm - 24""X15 M - Heritage Mould-Made Rag roll media"
Media & Paper,IFA-108-1118x15,"Innova IFA 108 Fabriano Artistico Watercolour Rag 310gsm - 44""X15 M",Innova Art,Media (fine_art),Heritage Mould-Made Rag,https://www.keplertechllc.com/product/innova-fabriano-artistico-watercolour-rag-310-gsm-ifa-108/,https://www.keplertechllc.com/wp-content/uploads/2023/06/Innova-Fabriano-Artistico-Watercolour-Rag-310-GSM-IFA-108.webp,,320.0,"Weight: 310 GSM | Finish: Heritage Mould-Made Rag | Format: roll (44""×15m) | Roll Width: 44.0"" | Inks: aqueous_pigment, aqueous_dye","Compatible with: epson-sc-p9500, epson-sc-p9500-spectro, epson-sc-p8500d, epson-sc-p8500dm, epson-sc-t7700d, epson-sc-t7700dl, epson-sc-t7700dm, epson-sc-p20500","Innova Art Innova IFA 108 Fabriano Artistico Watercolour Rag 310gsm - 44""X15 M - Heritage Mould-Made Rag roll media"
Media & Paper,IFA 45,Innova IFA 45 Exhibition Cotton Gloss 335gsm,Innova Art,Media (fine_art),Glossy,https://www.keplertechllc.com/product/innova-exhibition-cotton-gloss-335-gsm-ifa-45/,https://www.keplertechllc.com/wp-content/uploads/2023/06/Innova-Exhibition-Cotton-Gloss-335-GSM-IFA-45.webp,,320.0,"Weight: 335 GSM | Finish: Glossy | Format: roll () | Roll Width: None"" | Inks: aqueous_pigment, aqueous_dye",Compatible with: ,Innova Art Innova IFA 45 Exhibition Cotton Gloss 335gsm - Glossy roll media
Media & Paper,IFA-45-A4-25,Innova IFA 45 Exhibition Cotton Gloss 335gsm - A4 - 25 Sheets,Innova Art,Media (fine_art),Glossy,https://www.keplertechllc.com/product/innova-exhibition-cotton-gloss-335-gsm-ifa-45/,https://www.keplertechllc.com/wp-content/uploads/2023/06/Innova-Exhibition-Cotton-Gloss-335-GSM-IFA-45.webp,,320.0,"Weight: 335 GSM | Finish: Glossy | Format: sheet (A4) | Roll Width: 8.3"" | Inks: aqueous_pigment, aqueous_dye","Compatible with: epson-sc-p700, epson-sc-p900, epson-sc-p5300",Innova Art Innova IFA 45 Exhibition Cotton Gloss 335gsm - A4 - 25 Sheets - Glossy sheet media
Media & Paper,IFA-45-A3P-25,Innova IFA 45 Exhibition Cotton Gloss 335gsm - A3+ - 25 Sheets,Innova Art,Media (fine_art),Glossy,https://www.keplertechllc.com/product/innova-exhibition-cotton-gloss-335-gsm-ifa-45/,https://www.keplertechllc.com/wp-content/uploads/2023/06/Innova-Exhibition-Cotton-Gloss-335-GSM-IFA-45.webp,,320.0,"Weight: 335 GSM | Finish: Glossy | Format: sheet (A3+) | Roll Width: 13.0"" | Inks: aqueous_pigment, aqueous_dye","Compatible with: epson-sc-p700, epson-sc-p900, epson-sc-p5300",Innova Art Innova IFA 45 Exhibition Cotton Gloss 335gsm - A3+ - 25 Sheets - Glossy sheet media
Media & Paper,IFA-45-610x15,"Innova IFA 45 Exhibition Cotton Gloss 335gsm - 24""X15 M",Innova Art,Media (fine_art),Glossy,https://www.keplertechllc.com/product/innova-exhibition-cotton-gloss-335-gsm-ifa-45/,https://www.keplertechllc.com/wp-content/uploads/2023/06/Innova-Exhibition-Cotton-Gloss-335-GSM-IFA-45.webp,,320.0,"Weight: 335 GSM | Finish: Glossy | Format: roll (24""×15m) | Roll Width: 24.0"" | Inks: aqueous_pigment, aqueous_dye","Compatible with: epson-sc-p7500, epson-sc-p7500-spectro, epson-sc-p6500e, epson-sc-p6500d, epson-sc-t3100, epson-sc-t3700e, epson-sc-t3700d, epson-sc-t5100, epson-sc-t5405, epson-sc-t5700d, epson-sc-t5100m, epson-sc-t5700dm, epson-sc-p9500, epson-sc-p9500-spectro, epson-sc-p8500d, epson-sc-p8500dm, epson-sc-t7700d, epson-sc-t7700dl, epson-sc-t7700dm, epson-sc-p20500","Innova Art Innova IFA 45 Exhibition Cotton Gloss 335gsm - 24""X15 M - Glossy roll media"
Media & Paper,IFA-45-1118x15,"Innova IFA 45 Exhibition Cotton Gloss 335gsm - 44""X15 M",Innova Art,Media (fine_art),Glossy,https://www.keplertechllc.com/product/innova-exhibition-cotton-gloss-335-gsm-ifa-45/,https://www.keplertechllc.com/wp-content/uploads/2023/06/Innova-Exhibition-Cotton-Gloss-335-GSM-IFA-45.webp,,320.0,"Weight: 335 GSM | Finish: Glossy | Format: roll (44""×15m) | Roll Width: 44.0"" | Inks: aqueous_pigment, aqueous_dye","Compatible with: epson-sc-p9500, epson-sc-p9500-spectro, epson-sc-p8500d, epson-sc-p8500dm, epson-sc-t7700d, epson-sc-t7700dl, epson-sc-t7700dm, epson-sc-p20500","Innova Art Innova IFA 45 Exhibition Cotton Gloss 335gsm - 44""X15 M - Glossy roll media"
Media & Paper,IFA 69,Innova IFA 69 Exhibition Photo Baryta 310gsm,Innova Art,Media (fine_art),Photo Baryta,https://www.keplertechllc.com/product/innova-exhibition-photo-baryta-310-gsm-ifa-69/,https://www.keplertechllc.com/wp-content/uploads/2023/06/Innova-Exhibition-Photo-Baryta-310-GSM-IFA-69.webp,,150.0,"Weight: 310 GSM | Finish: Photo Baryta | Format: roll () | Roll Width: None"" | Inks: aqueous_pigment, aqueous_dye",Compatible with: ,Innova Art Innova IFA 69 Exhibition Photo Baryta 310gsm - Photo Baryta roll media
Media & Paper,IFA-69-A4-25,Innova IFA 69 Exhibition Photo Baryta 310gsm - A4 - 25 Sheets,Innova Art,Media (fine_art),Photo Baryta,https://www.keplertechllc.com/product/innova-exhibition-photo-baryta-310-gsm-ifa-69/,https://www.keplertechllc.com/wp-content/uploads/2023/06/Innova-Exhibition-Photo-Baryta-310-GSM-IFA-69.webp,,150.0,"Weight: 310 GSM | Finish: Photo Baryta | Format: sheet (A4) | Roll Width: 8.3"" | Inks: aqueous_pigment, aqueous_dye","Compatible with: epson-sc-p700, epson-sc-p900, epson-sc-p5300",Innova Art Innova IFA 69 Exhibition Photo Baryta 310gsm - A4 - 25 Sheets - Photo Baryta sheet media
Media & Paper,IFA-69-A3P-25,Innova IFA 69 Exhibition Photo Baryta 310gsm - A3+ - 25 Sheets,Innova Art,Media (fine_art),Photo Baryta,https://www.keplertechllc.com/product/innova-exhibition-photo-baryta-310-gsm-ifa-69/,https://www.keplertechllc.com/wp-content/uploads/2023/06/Innova-Exhibition-Photo-Baryta-310-GSM-IFA-69.webp,,150.0,"Weight: 310 GSM | Finish: Photo Baryta | Format: sheet (A3+) | Roll Width: 13.0"" | Inks: aqueous_pigment, aqueous_dye","Compatible with: epson-sc-p700, epson-sc-p900, epson-sc-p5300",Innova Art Innova IFA 69 Exhibition Photo Baryta 310gsm - A3+ - 25 Sheets - Photo Baryta sheet media
Media & Paper,IFA-69-610x15,"Innova IFA 69 Exhibition Photo Baryta 310gsm - 24""X15 M",Innova Art,Media (fine_art),Photo Baryta,https://www.keplertechllc.com/product/innova-exhibition-photo-baryta-310-gsm-ifa-69/,https://www.keplertechllc.com/wp-content/uploads/2023/06/Innova-Exhibition-Photo-Baryta-310-GSM-IFA-69.webp,,150.0,"Weight: 310 GSM | Finish: Photo Baryta | Format: roll (24""×15m) | Roll Width: 24.0"" | Inks: aqueous_pigment, aqueous_dye","Compatible with: epson-sc-p7500, epson-sc-p7500-spectro, epson-sc-p6500e, epson-sc-p6500d, epson-sc-t3100, epson-sc-t3700e, epson-sc-t3700d, epson-sc-t5100, epson-sc-t5405, epson-sc-t5700d, epson-sc-t5100m, epson-sc-t5700dm, epson-sc-p9500, epson-sc-p9500-spectro, epson-sc-p8500d, epson-sc-p8500dm, epson-sc-t7700d, epson-sc-t7700dl, epson-sc-t7700dm, epson-sc-p20500","Innova Art Innova IFA 69 Exhibition Photo Baryta 310gsm - 24""X15 M - Photo Baryta roll media"
Media & Paper,IFA-69-1118x15,"Innova IFA 69 Exhibition Photo Baryta 310gsm - 44""X15 M",Innova Art,Media (fine_art),Photo Baryta,https://www.keplertechllc.com/product/innova-exhibition-photo-baryta-310-gsm-ifa-69/,https://www.keplertechllc.com/wp-content/uploads/2023/06/Innova-Exhibition-Photo-Baryta-310-GSM-IFA-69.webp,,150.0,"Weight: 310 GSM | Finish: Photo Baryta | Format: roll (44""×15m) | Roll Width: 44.0"" | Inks: aqueous_pigment, aqueous_dye","Compatible with: epson-sc-p9500, epson-sc-p9500-spectro, epson-sc-p8500d, epson-sc-p8500dm, epson-sc-t7700d, epson-sc-t7700dl, epson-sc-t7700dm, epson-sc-p20500","Innova Art Innova IFA 69 Exhibition Photo Baryta 310gsm - 44""X15 M - Photo Baryta roll media"
Media & Paper,IFA 04,Innova IFA 04 Smooth Cotton High White 215gsm,Innova Art,Media (fine_art),Smooth Cotton,https://www.keplertechllc.com/product/innova-smooth-cotton-high-white-215-gsm-ifa-04/,https://www.keplertechllc.com/wp-content/uploads/2023/06/Smooth-Cotton-High-White-IFA-04.webp,,320.0,"Weight: 215 GSM | Finish: Smooth Cotton | Format: roll () | Roll Width: None"" | Inks: aqueous_pigment, aqueous_dye",Compatible with: ,Innova Art Innova IFA 04 Smooth Cotton High White 215gsm - Smooth Cotton roll media
Media & Paper,IFA-04-A4-50,Innova IFA 04 Smooth Cotton High White 215gsm - A4 - 50 Sheets,Innova Art,Media (fine_art),Smooth Cotton,https://www.keplertechllc.com/product/innova-smooth-cotton-high-white-215-gsm-ifa-04/,https://www.keplertechllc.com/wp-content/uploads/2023/06/Smooth-Cotton-High-White-IFA-04.webp,,320.0,"Weight: 215 GSM | Finish: Smooth Cotton | Format: sheet (A4) | Roll Width: 8.3"" | Inks: aqueous_pigment, aqueous_dye","Compatible with: epson-sc-p700, epson-sc-p900, epson-sc-p5300",Innova Art Innova IFA 04 Smooth Cotton High White 215gsm - A4 - 50 Sheets - Smooth Cotton sheet media
Media & Paper,IFA-04-A3P-50,Innova IFA 04 Smooth Cotton High White 215gsm - A3+ - 50 Sheets,Innova Art,Media (fine_art),Smooth Cotton,https://www.keplertechllc.com/product/innova-smooth-cotton-high-white-215-gsm-ifa-04/,https://www.keplertechllc.com/wp-content/uploads/2023/06/Smooth-Cotton-High-White-IFA-04.webp,,320.0,"Weight: 215 GSM | Finish: Smooth Cotton | Format: sheet (A3+) | Roll Width: 13.0"" | Inks: aqueous_pigment, aqueous_dye","Compatible with: epson-sc-p700, epson-sc-p900, epson-sc-p5300",Innova Art Innova IFA 04 Smooth Cotton High White 215gsm - A3+ - 50 Sheets - Smooth Cotton sheet media
Media & Paper,IFA-04-1118x15,"Innova IFA 04 Smooth Cotton High White 215gsm - 44""X15 M",Innova Art,Media (fine_art),Smooth Cotton,https://www.keplertechllc.com/product/innova-smooth-cotton-high-white-215-gsm-ifa-04/,https://www.keplertechllc.com/wp-content/uploads/2023/06/Smooth-Cotton-High-White-IFA-04.webp,,320.0,"Weight: 215 GSM | Finish: Smooth Cotton | Format: roll (44""×15m) | Roll Width: 44.0"" | Inks: aqueous_pigment, aqueous_dye","Compatible with: epson-sc-p9500, epson-sc-p9500-spectro, epson-sc-p8500d, epson-sc-p8500dm, epson-sc-t7700d, epson-sc-t7700dl, epson-sc-t7700dm, epson-sc-p20500","Innova Art Innova IFA 04 Smooth Cotton High White 215gsm - 44""X15 M - Smooth Cotton roll media"
Media & Paper,IFA-04-610x15,"Innova IFA 04 Smooth Cotton High White 215gsm - 24""X15 M",Innova Art,Media (fine_art),Smooth Cotton,https://www.keplertechllc.com/product/innova-smooth-cotton-high-white-215-gsm-ifa-04/,https://www.keplertechllc.com/wp-content/uploads/2023/06/Smooth-Cotton-High-White-IFA-04.webp,,320.0,"Weight: 215 GSM | Finish: Smooth Cotton | Format: roll (24""×15m) | Roll Width: 24.0"" | Inks: aqueous_pigment, aqueous_dye","Compatible with: epson-sc-p7500, epson-sc-p7500-spectro, epson-sc-p6500e, epson-sc-p6500d, epson-sc-t3100, epson-sc-t3700e, epson-sc-t3700d, epson-sc-t5100, epson-sc-t5405, epson-sc-t5700d, epson-sc-t5100m, epson-sc-t5700dm, epson-sc-p9500, epson-sc-p9500-spectro, epson-sc-p8500d, epson-sc-p8500dm, epson-sc-t7700d, epson-sc-t7700dl, epson-sc-t7700dm, epson-sc-p20500","Innova Art Innova IFA 04 Smooth Cotton High White 215gsm - 24""X15 M - Smooth Cotton roll media"
Media & Paper,IFA 05,Innova IFA 05 Smooth Cotton High White DS 225gsm,Innova Art,Media (fine_art),Smooth Cotton,https://www.keplertechllc.com/product/innova-smooth-cotton-high-white-ds-225gsm-ifa-05/,https://www.keplertechllc.com/wp-content/uploads/2023/06/Innova-Smooth-Cotton-High-White-DS-IFA-05.webp,,320.0,"Weight: 225 GSM | Finish: Smooth Cotton | Format: roll () | Roll Width: None"" | Inks: aqueous_pigment, aqueous_dye",Compatible with: ,Innova Art Innova IFA 05 Smooth Cotton High White DS 225gsm - Smooth Cotton roll media
Media & Paper,IFA 12,Innova IFA 12 Soft Textured Natural White 315gsm,Innova Art,Media (fine_art),Soft Textured Cotton,https://www.keplertechllc.com/product/innova-soft-textured-natural-white-315gsm-ifa-12/,https://www.keplertechllc.com/wp-content/uploads/2023/06/Innova-Soft-Textured-Natural-White-315gsm-IFA-12.webp,,150.0,"Weight: 315 GSM | Finish: Soft Textured Cotton | Format: roll (12″ Roll) | Roll Width: 12.0"" | Inks: aqueous_pigment, aqueous_dye","Compatible with: epson-sc-p700, epson-sc-p900, epson-sc-p900-roll, epson-sc-p5300, epson-sc-p7500, epson-sc-p7500-spectro, epson-sc-p6500e, epson-sc-p6500d, epson-sc-t3100, epson-sc-t3700e, epson-sc-t3700d, epson-sc-t5100, epson-sc-t5405, epson-sc-t5700d, epson-sc-t5100m, epson-sc-t5700dm, epson-sc-p9500, epson-sc-p9500-spectro, epson-sc-p8500d, epson-sc-p8500dm, epson-sc-t7700d, epson-sc-t7700dl, epson-sc-t7700dm, epson-sc-p20500",Innova Art Innova IFA 12 Soft Textured Natural White 315gsm - Soft Textured Cotton roll media
Media & Paper,IFA-12-A4-50,Innova IFA 12 Soft Textured Natural White 315gsm - A4 - 50 Sheets,Innova Art,Media (fine_art),Soft Textured Cotton,https://www.keplertechllc.com/product/innova-soft-textured-natural-white-315gsm-ifa-12/,https://www.keplertechllc.com/wp-content/uploads/2023/06/Innova-Soft-Textured-Natural-White-315gsm-IFA-12.webp,,150.0,"Weight: 315 GSM | Finish: Soft Textured Cotton | Format: sheet (A4) | Roll Width: 8.3"" | Inks: aqueous_pigment, aqueous_dye","Compatible with: epson-sc-p700, epson-sc-p900, epson-sc-p5300",Innova Art Innova IFA 12 Soft Textured Natural White 315gsm - A4 - 50 Sheets - Soft Textured Cotton sheet media
Media & Paper,IFA-12-A3P-50,Innova IFA 12 Soft Textured Natural White 315gsm - A3+ - 50 Sheets,Innova Art,Media (fine_art),Soft Textured Cotton,https://www.keplertechllc.com/product/innova-soft-textured-natural-white-315gsm-ifa-12/,https://www.keplertechllc.com/wp-content/uploads/2023/06/Innova-Soft-Textured-Natural-White-315gsm-IFA-12.webp,,150.0,"Weight: 315 GSM | Finish: Soft Textured Cotton | Format: sheet (A3+) | Roll Width: 13.0"" | Inks: aqueous_pigment, aqueous_dye","Compatible with: epson-sc-p700, epson-sc-p900, epson-sc-p5300",Innova Art Innova IFA 12 Soft Textured Natural White 315gsm - A3+ - 50 Sheets - Soft Textured Cotton sheet media
Media & Paper,IFA-12-610x15,"Innova IFA 12 Soft Textured Natural White 315gsm - 24""X15 M",Innova Art,Media (fine_art),Soft Textured Cotton,https://www.keplertechllc.com/product/innova-soft-textured-natural-white-315gsm-ifa-12/,https://www.keplertechllc.com/wp-content/uploads/2023/06/Innova-Soft-Textured-Natural-White-315gsm-IFA-12.webp,,150.0,"Weight: 315 GSM | Finish: Soft Textured Cotton | Format: roll (24""×15m) | Roll Width: 24.0"" | Inks: aqueous_pigment, aqueous_dye","Compatible with: epson-sc-p7500, epson-sc-p7500-spectro, epson-sc-p6500e, epson-sc-p6500d, epson-sc-t3100, epson-sc-t3700e, epson-sc-t3700d, epson-sc-t5100, epson-sc-t5405, epson-sc-t5700d, epson-sc-t5100m, epson-sc-t5700dm, epson-sc-p9500, epson-sc-p9500-spectro, epson-sc-p8500d, epson-sc-p8500dm, epson-sc-t7700d, epson-sc-t7700dl, epson-sc-t7700dm, epson-sc-p20500","Innova Art Innova IFA 12 Soft Textured Natural White 315gsm - 24""X15 M - Soft Textured Cotton roll media"
Media & Paper,IFA-12-1118x15,"Innova IFA 12 Soft Textured Natural White 315gsm - 44""X15 M",Innova Art,Media (fine_art),Soft Textured Cotton,https://www.keplertechllc.com/product/innova-soft-textured-natural-white-315gsm-ifa-12/,https://www.keplertechllc.com/wp-content/uploads/2023/06/Innova-Soft-Textured-Natural-White-315gsm-IFA-12.webp,,150.0,"Weight: 315 GSM | Finish: Soft Textured Cotton | Format: roll (44""×15m) | Roll Width: 44.0"" | Inks: aqueous_pigment, aqueous_dye","Compatible with: epson-sc-p9500, epson-sc-p9500-spectro, epson-sc-p8500d, epson-sc-p8500dm, epson-sc-t7700d, epson-sc-t7700dl, epson-sc-t7700dm, epson-sc-p20500","Innova Art Innova IFA 12 Soft Textured Natural White 315gsm - 44""X15 M - Soft Textured Cotton roll media"
Media & Paper,IFA 13,Innova IFA 13 Cold Press Rough Textured Natural White 315gsm,Innova Art,Media (fine_art),Cold Press Rough Textured,https://www.keplertechllc.com/product/innova-cold-press-rough-textured-natural-white-315gsm-ifa-13/,https://www.keplertechllc.com/wp-content/uploads/2023/06/Innova-Cold-Press-Rough-Textured-Natural-White-315gsm-IFA-13.webp,,150.0,"Weight: 315 GSM | Finish: Cold Press Rough Textured | Format: roll (13″ Roll) | Roll Width: 13.0"" | Inks: aqueous_pigment, aqueous_dye","Compatible with: epson-sc-p700, epson-sc-p900, epson-sc-p900-roll, epson-sc-p5300, epson-sc-p7500, epson-sc-p7500-spectro, epson-sc-p6500e, epson-sc-p6500d, epson-sc-t3100, epson-sc-t3700e, epson-sc-t3700d, epson-sc-t5100, epson-sc-t5405, epson-sc-t5700d, epson-sc-t5100m, epson-sc-t5700dm, epson-sc-p9500, epson-sc-p9500-spectro, epson-sc-p8500d, epson-sc-p8500dm, epson-sc-t7700d, epson-sc-t7700dl, epson-sc-t7700dm, epson-sc-p20500",Innova Art Innova IFA 13 Cold Press Rough Textured Natural White 315gsm - Cold Press Rough Textured roll media
Media & Paper,IFA-13-A4-50,Innova IFA 13 Cold Press Rough Textured Natural White 315gsm - A4 - 50 Sheets,Innova Art,Media (fine_art),Cold Press Rough Textured,https://www.keplertechllc.com/product/innova-cold-press-rough-textured-natural-white-315gsm-ifa-13/,https://www.keplertechllc.com/wp-content/uploads/2023/06/Innova-Cold-Press-Rough-Textured-Natural-White-315gsm-IFA-13.webp,,150.0,"Weight: 315 GSM | Finish: Cold Press Rough Textured | Format: sheet (A4) | Roll Width: 8.3"" | Inks: aqueous_pigment, aqueous_dye","Compatible with: epson-sc-p700, epson-sc-p900, epson-sc-p5300",Innova Art Innova IFA 13 Cold Press Rough Textured Natural White 315gsm - A4 - 50 Sheets - Cold Press Rough Textured sheet media
Media & Paper,IFA-13-A3P-50,Innova IFA 13 Cold Press Rough Textured Natural White 315gsm - A3+ - 50 Sheets,Innova Art,Media (fine_art),Cold Press Rough Textured,https://www.keplertechllc.com/product/innova-cold-press-rough-textured-natural-white-315gsm-ifa-13/,https://www.keplertechllc.com/wp-content/uploads/2023/06/Innova-Cold-Press-Rough-Textured-Natural-White-315gsm-IFA-13.webp,,150.0,"Weight: 315 GSM | Finish: Cold Press Rough Textured | Format: sheet (A3+) | Roll Width: 13.0"" | Inks: aqueous_pigment, aqueous_dye","Compatible with: epson-sc-p700, epson-sc-p900, epson-sc-p5300",Innova Art Innova IFA 13 Cold Press Rough Textured Natural White 315gsm - A3+ - 50 Sheets - Cold Press Rough Textured sheet media
Media & Paper,IFA-13-1118x15,"Innova IFA 13 Cold Press Rough Textured Natural White 315gsm - 44""X15 M",Innova Art,Media (fine_art),Cold Press Rough Textured,https://www.keplertechllc.com/product/innova-cold-press-rough-textured-natural-white-315gsm-ifa-13/,https://www.keplertechllc.com/wp-content/uploads/2023/06/Innova-Cold-Press-Rough-Textured-Natural-White-315gsm-IFA-13.webp,,150.0,"Weight: 315 GSM | Finish: Cold Press Rough Textured | Format: roll (44""×15m) | Roll Width: 44.0"" | Inks: aqueous_pigment, aqueous_dye","Compatible with: epson-sc-p9500, epson-sc-p9500-spectro, epson-sc-p8500d, epson-sc-p8500dm, epson-sc-t7700d, epson-sc-t7700dl, epson-sc-t7700dm, epson-sc-p20500","Innova Art Innova IFA 13 Cold Press Rough Textured Natural White 315gsm - 44""X15 M - Cold Press Rough Textured roll media"
Media & Paper,IFA-13-610x15,"Innova IFA 13 Cold Press Rough Textured Natural White 315gsm - 24""X15 M",Innova Art,Media (fine_art),Cold Press Rough Textured,https://www.keplertechllc.com/product/innova-cold-press-rough-textured-natural-white-315gsm-ifa-13/,https://www.keplertechllc.com/wp-content/uploads/2023/06/Innova-Cold-Press-Rough-Textured-Natural-White-315gsm-IFA-13.webp,,150.0,"Weight: 315 GSM | Finish: Cold Press Rough Textured | Format: roll (24""×15m) | Roll Width: 24.0"" | Inks: aqueous_pigment, aqueous_dye","Compatible with: epson-sc-p7500, epson-sc-p7500-spectro, epson-sc-p6500e, epson-sc-p6500d, epson-sc-t3100, epson-sc-t3700e, epson-sc-t3700d, epson-sc-t5100, epson-sc-t5405, epson-sc-t5700d, epson-sc-t5100m, epson-sc-t5700dm, epson-sc-p9500, epson-sc-p9500-spectro, epson-sc-p8500d, epson-sc-p8500dm, epson-sc-t7700d, epson-sc-t7700dl, epson-sc-t7700dm, epson-sc-p20500","Innova Art Innova IFA 13 Cold Press Rough Textured Natural White 315gsm - 24""X15 M - Cold Press Rough Textured roll media"
Media & Paper,IFA 14,Innova IFA 14 Smooth Cotton High White 315gsm,Innova Art,Media (fine_art),Smooth Cotton,https://www.keplertechllc.com/product/innova-smooth-cotton-high-white-315gsm-ifa-14/,https://www.keplertechllc.com/wp-content/uploads/2023/06/Innova-Smooth-Cotton-High-White-315gsm-IFA-14.webp,,320.0,"Weight: 315 GSM | Finish: Smooth Cotton | Format: roll () | Roll Width: None"" | Inks: aqueous_pigment, aqueous_dye",Compatible with: ,Innova Art Innova IFA 14 Smooth Cotton High White 315gsm - Smooth Cotton roll media
Media & Paper,IFA-14-A4-50,Innova IFA 14 Smooth Cotton High White 315gsm - A4 - 50 Sheets,Innova Art,Media (fine_art),Smooth Cotton,https://www.keplertechllc.com/product/innova-smooth-cotton-high-white-315gsm-ifa-14/,https://www.keplertechllc.com/wp-content/uploads/2023/06/Innova-Smooth-Cotton-High-White-315gsm-IFA-14.webp,,320.0,"Weight: 315 GSM | Finish: Smooth Cotton | Format: sheet (A4) | Roll Width: 8.3"" | Inks: aqueous_pigment, aqueous_dye","Compatible with: epson-sc-p700, epson-sc-p900, epson-sc-p5300",Innova Art Innova IFA 14 Smooth Cotton High White 315gsm - A4 - 50 Sheets - Smooth Cotton sheet media
Media & Paper,IFA-14-A3P-50,Innova IFA 14 Smooth Cotton High White 315gsm - A3+ - 50 Sheets,Innova Art,Media (fine_art),Smooth Cotton,https://www.keplertechllc.com/product/innova-smooth-cotton-high-white-315gsm-ifa-14/,https://www.keplertechllc.com/wp-content/uploads/2023/06/Innova-Smooth-Cotton-High-White-315gsm-IFA-14.webp,,320.0,"Weight: 315 GSM | Finish: Smooth Cotton | Format: sheet (A3+) | Roll Width: 13.0"" | Inks: aqueous_pigment, aqueous_dye","Compatible with: epson-sc-p700, epson-sc-p900, epson-sc-p5300",Innova Art Innova IFA 14 Smooth Cotton High White 315gsm - A3+ - 50 Sheets - Smooth Cotton sheet media
Media & Paper,IFA-14-1118x15,"Innova IFA 14 Smooth Cotton High White 315gsm - 44""X15 M",Innova Art,Media (fine_art),Smooth Cotton,https://www.keplertechllc.com/product/innova-smooth-cotton-high-white-315gsm-ifa-14/,https://www.keplertechllc.com/wp-content/uploads/2023/06/Innova-Smooth-Cotton-High-White-315gsm-IFA-14.webp,,320.0,"Weight: 315 GSM | Finish: Smooth Cotton | Format: roll (44""×15m) | Roll Width: 44.0"" | Inks: aqueous_pigment, aqueous_dye","Compatible with: epson-sc-p9500, epson-sc-p9500-spectro, epson-sc-p8500d, epson-sc-p8500dm, epson-sc-t7700d, epson-sc-t7700dl, epson-sc-t7700dm, epson-sc-p20500","Innova Art Innova IFA 14 Smooth Cotton High White 315gsm - 44""X15 M - Smooth Cotton roll media"
Media & Paper,IFA-14-610x15,"Innova IFA 14 Smooth Cotton High White 315gsm - 24""X15 M",Innova Art,Media (fine_art),Smooth Cotton,https://www.keplertechllc.com/product/innova-smooth-cotton-high-white-315gsm-ifa-14/,https://www.keplertechllc.com/wp-content/uploads/2023/06/Innova-Smooth-Cotton-High-White-315gsm-IFA-14.webp,,320.0,"Weight: 315 GSM | Finish: Smooth Cotton | Format: roll (24""×15m) | Roll Width: 24.0"" | Inks: aqueous_pigment, aqueous_dye","Compatible with: epson-sc-p7500, epson-sc-p7500-spectro, epson-sc-p6500e, epson-sc-p6500d, epson-sc-t3100, epson-sc-t3700e, epson-sc-t3700d, epson-sc-t5100, epson-sc-t5405, epson-sc-t5700d, epson-sc-t5100m, epson-sc-t5700dm, epson-sc-p9500, epson-sc-p9500-spectro, epson-sc-p8500d, epson-sc-p8500dm, epson-sc-t7700d, epson-sc-t7700dl, epson-sc-t7700dm, epson-sc-p20500","Innova Art Innova IFA 14 Smooth Cotton High White 315gsm - 24""X15 M - Smooth Cotton roll media"
Media & Paper,IFA 15,Innova IFA 15 Soft White Cotton 280gsm,Innova Art,Media (fine_art),Matte,https://www.keplertechllc.com/product/innova-soft-white-cotton-280gsm-ifa-15/,https://www.keplertechllc.com/wp-content/uploads/2023/06/Innova-Soft-White-Cotton-280gsm-IFA-15.webp,,320.0,"Weight: 280 GSM | Finish: Matte | Format: roll () | Roll Width: None"" | Inks: aqueous_pigment, aqueous_dye",Compatible with: ,Innova Art Innova IFA 15 Soft White Cotton 280gsm - Matte roll media
Media & Paper,IFA 23,Innova IFA 23 Décor Watercolour Art 245gsm,Innova Art,Media (fine_art),Matte,https://www.keplertechllc.com/product/innova-decor-watercolour-art-245gsm-ifa-23/,https://www.keplertechllc.com/wp-content/uploads/2023/06/Innova-Decor-Watercolour-Art-245gsm-IFA-23.webp,,150.0,"Weight: 245 GSM | Finish: Matte | Format: roll () | Roll Width: None"" | Inks: aqueous_pigment, aqueous_dye",Compatible with: ,Innova Art Innova IFA 23 Décor Watercolour Art 245gsm - Matte roll media
Media & Paper,IFA-23-1118x30,"Innova IFA 23 Décor Watercolour Art 245gsm - 44""X30 M",Innova Art,Media (fine_art),Matte,https://www.keplertechllc.com/product/innova-decor-watercolour-art-245gsm-ifa-23/,https://www.keplertechllc.com/wp-content/uploads/2023/06/Innova-Decor-Watercolour-Art-245gsm-IFA-23.webp,,150.0,"Weight: 245 GSM | Finish: Matte | Format: roll (44""×30m) | Roll Width: 44.0"" | Inks: aqueous_pigment, aqueous_dye","Compatible with: epson-sc-p9500, epson-sc-p9500-spectro, epson-sc-p8500d, epson-sc-p8500dm, epson-sc-t7700d, epson-sc-t7700dl, epson-sc-t7700dm, epson-sc-p20500","Innova Art Innova IFA 23 Décor Watercolour Art 245gsm - 44""X30 M - Matte roll media"
Media & Paper,IFA-23-610x30,"Innova IFA 23 Décor Watercolour Art 245gsm - 24""X30 M",Innova Art,Media (fine_art),Matte,https://www.keplertechllc.com/product/innova-decor-watercolour-art-245gsm-ifa-23/,https://www.keplertechllc.com/wp-content/uploads/2023/06/Innova-Decor-Watercolour-Art-245gsm-IFA-23.webp,,150.0,"Weight: 245 GSM | Finish: Matte | Format: roll (24""×30m) | Roll Width: 24.0"" | Inks: aqueous_pigment, aqueous_dye","Compatible with: epson-sc-p7500, epson-sc-p7500-spectro, epson-sc-p6500e, epson-sc-p6500d, epson-sc-t3100, epson-sc-t3700e, epson-sc-t3700d, epson-sc-t5100, epson-sc-t5405, epson-sc-t5700d, epson-sc-t5100m, epson-sc-t5700dm, epson-sc-p9500, epson-sc-p9500-spectro, epson-sc-p8500d, epson-sc-p8500dm, epson-sc-t7700d, epson-sc-t7700dl, epson-sc-t7700dm, epson-sc-p20500","Innova Art Innova IFA 23 Décor Watercolour Art 245gsm - 24""X30 M - Matte roll media"
Media & Paper,IFA 26,Innova IFA 26 Soft Textured Bright White Cotton 315gsm,Innova Art,Media (fine_art),Soft Textured Cotton,https://www.keplertechllc.com/product/innova-soft-textured-bright-white-cotton-315gsm-ifa-26/,https://www.keplertechllc.com/wp-content/uploads/2023/06/Innova-Soft-Textured-Bright-White-Cotton-315gsm-IFA-26.webp,,320.0,"Weight: 315 GSM | Finish: Soft Textured Cotton | Format: roll () | Roll Width: None"" | Inks: aqueous_pigment, aqueous_dye",Compatible with: ,Innova Art Innova IFA 26 Soft Textured Bright White Cotton 315gsm - Soft Textured Cotton roll media
Media & Paper,IFA-26-A4-50,Innova IFA 26 Soft Textured Bright White Cotton 315gsm - A4 - 50 Sheets,Innova Art,Media (fine_art),Soft Textured Cotton,https://www.keplertechllc.com/product/innova-soft-textured-bright-white-cotton-315gsm-ifa-26/,https://www.keplertechllc.com/wp-content/uploads/2023/06/Innova-Soft-Textured-Bright-White-Cotton-315gsm-IFA-26.webp,,320.0,"Weight: 315 GSM | Finish: Soft Textured Cotton | Format: sheet (A4) | Roll Width: 8.3"" | Inks: aqueous_pigment, aqueous_dye","Compatible with: epson-sc-p700, epson-sc-p900, epson-sc-p5300",Innova Art Innova IFA 26 Soft Textured Bright White Cotton 315gsm - A4 - 50 Sheets - Soft Textured Cotton sheet media
Media & Paper,IFA-26-A3P-50,Innova IFA 26 Soft Textured Bright White Cotton 315gsm - A3+ - 50 Sheets,Innova Art,Media (fine_art),Soft Textured Cotton,https://www.keplertechllc.com/product/innova-soft-textured-bright-white-cotton-315gsm-ifa-26/,https://www.keplertechllc.com/wp-content/uploads/2023/06/Innova-Soft-Textured-Bright-White-Cotton-315gsm-IFA-26.webp,,320.0,"Weight: 315 GSM | Finish: Soft Textured Cotton | Format: sheet (A3+) | Roll Width: 13.0"" | Inks: aqueous_pigment, aqueous_dye","Compatible with: epson-sc-p700, epson-sc-p900, epson-sc-p5300",Innova Art Innova IFA 26 Soft Textured Bright White Cotton 315gsm - A3+ - 50 Sheets - Soft Textured Cotton sheet media
Media & Paper,IFA-26-610x15,"Innova IFA 26 Soft Textured Bright White Cotton 315gsm - 24""X15 M",Innova Art,Media (fine_art),Soft Textured Cotton,https://www.keplertechllc.com/product/innova-soft-textured-bright-white-cotton-315gsm-ifa-26/,https://www.keplertechllc.com/wp-content/uploads/2023/06/Innova-Soft-Textured-Bright-White-Cotton-315gsm-IFA-26.webp,,320.0,"Weight: 315 GSM | Finish: Soft Textured Cotton | Format: roll (24""×15m) | Roll Width: 24.0"" | Inks: aqueous_pigment, aqueous_dye","Compatible with: epson-sc-p7500, epson-sc-p7500-spectro, epson-sc-p6500e, epson-sc-p6500d, epson-sc-t3100, epson-sc-t3700e, epson-sc-t3700d, epson-sc-t5100, epson-sc-t5405, epson-sc-t5700d, epson-sc-t5100m, epson-sc-t5700dm, epson-sc-p9500, epson-sc-p9500-spectro, epson-sc-p8500d, epson-sc-p8500dm, epson-sc-t7700d, epson-sc-t7700dl, epson-sc-t7700dm, epson-sc-p20500","Innova Art Innova IFA 26 Soft Textured Bright White Cotton 315gsm - 24""X15 M - Soft Textured Cotton roll media"
Media & Paper,IFA-26-1118x15,"Innova IFA 26 Soft Textured Bright White Cotton 315gsm - 44""X15 M",Innova Art,Media (fine_art),Soft Textured Cotton,https://www.keplertechllc.com/product/innova-soft-textured-bright-white-cotton-315gsm-ifa-26/,https://www.keplertechllc.com/wp-content/uploads/2023/06/Innova-Soft-Textured-Bright-White-Cotton-315gsm-IFA-26.webp,,320.0,"Weight: 315 GSM | Finish: Soft Textured Cotton | Format: roll (44""×15m) | Roll Width: 44.0"" | Inks: aqueous_pigment, aqueous_dye","Compatible with: epson-sc-p9500, epson-sc-p9500-spectro, epson-sc-p8500d, epson-sc-p8500dm, epson-sc-t7700d, epson-sc-t7700dl, epson-sc-t7700dm, epson-sc-p20500","Innova Art Innova IFA 26 Soft Textured Bright White Cotton 315gsm - 44""X15 M - Soft Textured Cotton roll media"
Media & Paper,IFA 27,Innova IFA 27 Cold Press Rough Textured Bright White Cotton,Innova Art,Media (fine_art),Cold Press Rough Textured,https://www.keplertechllc.com/product/innova-cold-press-rough-textured-bright-white-cotton-ifa-27/,https://www.keplertechllc.com/wp-content/uploads/2023/06/Innova-Cold-Press-Rough-Textured-Bright-White-Cotton-IFA-27.webp,,320.0,"Weight: 315 GSM | Finish: Cold Press Rough Textured | Format: roll () | Roll Width: None"" | Inks: aqueous_pigment, aqueous_dye",Compatible with: ,Innova Art Innova IFA 27 Cold Press Rough Textured Bright White Cotton - Cold Press Rough Textured roll media
Media & Paper,IFA-27-A4-50,Innova IFA 27 Cold Press Rough Textured Bright White Cotton - A4 - 50 Sheets,Innova Art,Media (fine_art),Cold Press Rough Textured,https://www.keplertechllc.com/product/innova-cold-press-rough-textured-bright-white-cotton-ifa-27/,https://www.keplertechllc.com/wp-content/uploads/2023/06/Innova-Cold-Press-Rough-Textured-Bright-White-Cotton-IFA-27.webp,,320.0,"Weight: 315 GSM | Finish: Cold Press Rough Textured | Format: sheet (A4) | Roll Width: 8.3"" | Inks: aqueous_pigment, aqueous_dye","Compatible with: epson-sc-p700, epson-sc-p900, epson-sc-p5300",Innova Art Innova IFA 27 Cold Press Rough Textured Bright White Cotton - A4 - 50 Sheets - Cold Press Rough Textured sheet media
Media & Paper,IFA-27-A3P-50,Innova IFA 27 Cold Press Rough Textured Bright White Cotton - A3+ - 50 Sheets,Innova Art,Media (fine_art),Cold Press Rough Textured,https://www.keplertechllc.com/product/innova-cold-press-rough-textured-bright-white-cotton-ifa-27/,https://www.keplertechllc.com/wp-content/uploads/2023/06/Innova-Cold-Press-Rough-Textured-Bright-White-Cotton-IFA-27.webp,,320.0,"Weight: 315 GSM | Finish: Cold Press Rough Textured | Format: sheet (A3+) | Roll Width: 13.0"" | Inks: aqueous_pigment, aqueous_dye","Compatible with: epson-sc-p700, epson-sc-p900, epson-sc-p5300",Innova Art Innova IFA 27 Cold Press Rough Textured Bright White Cotton - A3+ - 50 Sheets - Cold Press Rough Textured sheet media
Media & Paper,IFA-27-610x15,"Innova IFA 27 Cold Press Rough Textured Bright White Cotton - 24""X15 M",Innova Art,Media (fine_art),Cold Press Rough Textured,https://www.keplertechllc.com/product/innova-cold-press-rough-textured-bright-white-cotton-ifa-27/,https://www.keplertechllc.com/wp-content/uploads/2023/06/Innova-Cold-Press-Rough-Textured-Bright-White-Cotton-IFA-27.webp,,320.0,"Weight: 315 GSM | Finish: Cold Press Rough Textured | Format: roll (24""×15m) | Roll Width: 24.0"" | Inks: aqueous_pigment, aqueous_dye","Compatible with: epson-sc-p7500, epson-sc-p7500-spectro, epson-sc-p6500e, epson-sc-p6500d, epson-sc-t3100, epson-sc-t3700e, epson-sc-t3700d, epson-sc-t5100, epson-sc-t5405, epson-sc-t5700d, epson-sc-t5100m, epson-sc-t5700dm, epson-sc-p9500, epson-sc-p9500-spectro, epson-sc-p8500d, epson-sc-p8500dm, epson-sc-t7700d, epson-sc-t7700dl, epson-sc-t7700dm, epson-sc-p20500","Innova Art Innova IFA 27 Cold Press Rough Textured Bright White Cotton - 24""X15 M - Cold Press Rough Textured roll media"
Media & Paper,IFA-27-1118x15,"Innova IFA 27 Cold Press Rough Textured Bright White Cotton - 44""X15 M",Innova Art,Media (fine_art),Cold Press Rough Textured,https://www.keplertechllc.com/product/innova-cold-press-rough-textured-bright-white-cotton-ifa-27/,https://www.keplertechllc.com/wp-content/uploads/2023/06/Innova-Cold-Press-Rough-Textured-Bright-White-Cotton-IFA-27.webp,,320.0,"Weight: 315 GSM | Finish: Cold Press Rough Textured | Format: roll (44""×15m) | Roll Width: 44.0"" | Inks: aqueous_pigment, aqueous_dye","Compatible with: epson-sc-p9500, epson-sc-p9500-spectro, epson-sc-p8500d, epson-sc-p8500dm, epson-sc-t7700d, epson-sc-t7700dl, epson-sc-t7700dm, epson-sc-p20500","Innova Art Innova IFA 27 Cold Press Rough Textured Bright White Cotton - 44""X15 M - Cold Press Rough Textured roll media"
Media & Paper,IFA 54,Innova IFA 54 Exhibition Matte Cotton Canvas,Innova Art,Media (canvas),Matte Canvas,https://www.keplertechllc.com/product/innova-exhibition-matte-cotton-canvas-ifa-54/,https://www.keplertechllc.com/wp-content/uploads/2023/06/Innova-Exhibition-Matte-Cotton-Canvas-IFA-54.webp,,320.0,"Weight: 380 GSM | Finish: Matte Canvas | Format: roll (54″ Roll) | Roll Width: 54.0"" | Inks: aqueous_pigment, aqueous_dye",Compatible with: epson-sc-p20500,Innova Art Innova IFA 54 Exhibition Matte Cotton Canvas - Matte Canvas roll media
Media & Paper,IFA-54-610x15,"Innova IFA 54 Exhibition Matte Cotton Canvas - 24""X15 M",Innova Art,Media (canvas),Matte Canvas,https://www.keplertechllc.com/product/innova-exhibition-matte-cotton-canvas-ifa-54/,https://www.keplertechllc.com/wp-content/uploads/2023/06/Innova-Exhibition-Matte-Cotton-Canvas-IFA-54.webp,,320.0,"Weight: 380 GSM | Finish: Matte Canvas | Format: roll (24""×15m) | Roll Width: 24.0"" | Inks: aqueous_pigment, aqueous_dye","Compatible with: epson-sc-p7500, epson-sc-p7500-spectro, epson-sc-p6500e, epson-sc-p6500d, epson-sc-t3100, epson-sc-t3700e, epson-sc-t3700d, epson-sc-t5100, epson-sc-t5405, epson-sc-t5700d, epson-sc-t5100m, epson-sc-t5700dm, epson-sc-p9500, epson-sc-p9500-spectro, epson-sc-p8500d, epson-sc-p8500dm, epson-sc-t7700d, epson-sc-t7700dl, epson-sc-t7700dm, epson-sc-p20500","Innova Art Innova IFA 54 Exhibition Matte Cotton Canvas - 24""X15 M - Matte Canvas roll media"
Media & Paper,IFA-54-1118x15,"Innova IFA 54 Exhibition Matte Cotton Canvas - 44""X15 M",Innova Art,Media (canvas),Matte Canvas,https://www.keplertechllc.com/product/innova-exhibition-matte-cotton-canvas-ifa-54/,https://www.keplertechllc.com/wp-content/uploads/2023/06/Innova-Exhibition-Matte-Cotton-Canvas-IFA-54.webp,,320.0,"Weight: 380 GSM | Finish: Matte Canvas | Format: roll (44""×15m) | Roll Width: 44.0"" | Inks: aqueous_pigment, aqueous_dye","Compatible with: epson-sc-p9500, epson-sc-p9500-spectro, epson-sc-p8500d, epson-sc-p8500dm, epson-sc-t7700d, epson-sc-t7700dl, epson-sc-t7700dm, epson-sc-p20500","Innova Art Innova IFA 54 Exhibition Matte Cotton Canvas - 44""X15 M - Matte Canvas roll media"
Media & Paper,IFA 55,Innova IFA 55 Exhibition Matte Polycotton Canvas,Innova Art,Media (canvas),Matte Canvas,https://www.keplertechllc.com/product/innova-exhibition-matte-polycotton-canvas-ifa-55/,https://www.keplertechllc.com/wp-content/uploads/2023/06/Innova-Exhibition-Matte-Polycotton-Canvas-IFA-55.webp,,320.0,"Weight: 380 GSM | Finish: Matte Canvas | Format: roll () | Roll Width: None"" | Inks: aqueous_pigment, aqueous_dye",Compatible with: ,Innova Art Innova IFA 55 Exhibition Matte Polycotton Canvas - Matte Canvas roll media
Media & Paper,IFA-55-610x15,"Innova IFA 55 Exhibition Matte Polycotton Canvas - 24""X15 M",Innova Art,Media (canvas),Matte Canvas,https://www.keplertechllc.com/product/innova-exhibition-matte-polycotton-canvas-ifa-55/,https://www.keplertechllc.com/wp-content/uploads/2023/06/Innova-Exhibition-Matte-Polycotton-Canvas-IFA-55.webp,,320.0,"Weight: 380 GSM | Finish: Matte Canvas | Format: roll (24""×15m) | Roll Width: 24.0"" | Inks: aqueous_pigment, aqueous_dye","Compatible with: epson-sc-p7500, epson-sc-p7500-spectro, epson-sc-p6500e, epson-sc-p6500d, epson-sc-t3100, epson-sc-t3700e, epson-sc-t3700d, epson-sc-t5100, epson-sc-t5405, epson-sc-t5700d, epson-sc-t5100m, epson-sc-t5700dm, epson-sc-p9500, epson-sc-p9500-spectro, epson-sc-p8500d, epson-sc-p8500dm, epson-sc-t7700d, epson-sc-t7700dl, epson-sc-t7700dm, epson-sc-p20500","Innova Art Innova IFA 55 Exhibition Matte Polycotton Canvas - 24""X15 M - Matte Canvas roll media"
Media & Paper,IFA-55-1118x15,"Innova IFA 55 Exhibition Matte Polycotton Canvas - 44""X15 M",Innova Art,Media (canvas),Matte Canvas,https://www.keplertechllc.com/product/innova-exhibition-matte-polycotton-canvas-ifa-55/,https://www.keplertechllc.com/wp-content/uploads/2023/06/Innova-Exhibition-Matte-Polycotton-Canvas-IFA-55.webp,,320.0,"Weight: 380 GSM | Finish: Matte Canvas | Format: roll (44""×15m) | Roll Width: 44.0"" | Inks: aqueous_pigment, aqueous_dye","Compatible with: epson-sc-p9500, epson-sc-p9500-spectro, epson-sc-p8500d, epson-sc-p8500dm, epson-sc-t7700d, epson-sc-t7700dl, epson-sc-t7700dm, epson-sc-p20500","Innova Art Innova IFA 55 Exhibition Matte Polycotton Canvas - 44""X15 M - Matte Canvas roll media"
Media & Paper,IFA 52,Innova IFA 52 Exhibition Matte Polyester Canvas,Innova Art,Media (canvas),Matte Canvas,https://www.keplertechllc.com/product/innova-exhibition-matte-polyester-canvas-ifa-52/,https://www.keplertechllc.com/wp-content/uploads/2023/06/Innova-Exhibition-Matte-Polyester-Canvas-IFA-52.webp,,320.0,"Weight: 260 GSM | Finish: Matte Canvas | Format: roll () | Roll Width: None"" | Inks: aqueous_pigment, aqueous_dye",Compatible with: ,Innova Art Innova IFA 52 Exhibition Matte Polyester Canvas - Matte Canvas roll media
Media & Paper,IFA-52-610x30,"Innova IFA 52 Exhibition Matte Polyester Canvas - 24""X30 M",Innova Art,Media (canvas),Matte Canvas,https://www.keplertechllc.com/product/innova-exhibition-matte-polyester-canvas-ifa-52/,https://www.keplertechllc.com/wp-content/uploads/2023/06/Innova-Exhibition-Matte-Polyester-Canvas-IFA-52.webp,,320.0,"Weight: 260 GSM | Finish: Matte Canvas | Format: roll (24""×30m) | Roll Width: 24.0"" | Inks: aqueous_pigment, aqueous_dye","Compatible with: epson-sc-p7500, epson-sc-p7500-spectro, epson-sc-p6500e, epson-sc-p6500d, epson-sc-t3100, epson-sc-t3700e, epson-sc-t3700d, epson-sc-t5100, epson-sc-t5405, epson-sc-t5700d, epson-sc-t5100m, epson-sc-t5700dm, epson-sc-p9500, epson-sc-p9500-spectro, epson-sc-p8500d, epson-sc-p8500dm, epson-sc-t7700d, epson-sc-t7700dl, epson-sc-t7700dm, epson-sc-p20500","Innova Art Innova IFA 52 Exhibition Matte Polyester Canvas - 24""X30 M - Matte Canvas roll media"
Media & Paper,IFA-52-1118x30,"Innova IFA 52 Exhibition Matte Polyester Canvas - 44""X30 M",Innova Art,Media (canvas),Matte Canvas,https://www.keplertechllc.com/product/innova-exhibition-matte-polyester-canvas-ifa-52/,https://www.keplertechllc.com/wp-content/uploads/2023/06/Innova-Exhibition-Matte-Polyester-Canvas-IFA-52.webp,,320.0,"Weight: 260 GSM | Finish: Matte Canvas | Format: roll (44""×30m) | Roll Width: 44.0"" | Inks: aqueous_pigment, aqueous_dye","Compatible with: epson-sc-p9500, epson-sc-p9500-spectro, epson-sc-p8500d, epson-sc-p8500dm, epson-sc-t7700d, epson-sc-t7700dl, epson-sc-t7700dm, epson-sc-p20500","Innova Art Innova IFA 52 Exhibition Matte Polyester Canvas - 44""X30 M - Matte Canvas roll media"
Media & Paper,IFA 56,Innova IFA 56 Exhibition Gloss Polycotton Canvas,Innova Art,Media (canvas),Glossy,https://www.keplertechllc.com/product/innova-exhibition-gloss-polycotton-canvas-ifa-56/,https://www.keplertechllc.com/wp-content/uploads/2023/06/Innova-Exhibition-Gloss-Polycotton-Canvas-IFA-56.webp,,320.0,"Weight: 390 GSM | Finish: Glossy | Format: roll () | Roll Width: None"" | Inks: aqueous_pigment, aqueous_dye",Compatible with: ,Innova Art Innova IFA 56 Exhibition Gloss Polycotton Canvas - Glossy roll media
Media & Paper,IFA-56-610x15,"Innova IFA 56 Exhibition Gloss Polycotton Canvas - 24""X15 M",Innova Art,Media (canvas),Glossy,https://www.keplertechllc.com/product/innova-exhibition-gloss-polycotton-canvas-ifa-56/,https://www.keplertechllc.com/wp-content/uploads/2023/06/Innova-Exhibition-Gloss-Polycotton-Canvas-IFA-56.webp,,320.0,"Weight: 390 GSM | Finish: Glossy | Format: roll (24""×15m) | Roll Width: 24.0"" | Inks: aqueous_pigment, aqueous_dye","Compatible with: epson-sc-p7500, epson-sc-p7500-spectro, epson-sc-p6500e, epson-sc-p6500d, epson-sc-t3100, epson-sc-t3700e, epson-sc-t3700d, epson-sc-t5100, epson-sc-t5405, epson-sc-t5700d, epson-sc-t5100m, epson-sc-t5700dm, epson-sc-p9500, epson-sc-p9500-spectro, epson-sc-p8500d, epson-sc-p8500dm, epson-sc-t7700d, epson-sc-t7700dl, epson-sc-t7700dm, epson-sc-p20500","Innova Art Innova IFA 56 Exhibition Gloss Polycotton Canvas - 24""X15 M - Glossy roll media"
Media & Paper,IFA-56-1118x15,"Innova IFA 56 Exhibition Gloss Polycotton Canvas - 44""X15 M",Innova Art,Media (canvas),Glossy,https://www.keplertechllc.com/product/innova-exhibition-gloss-polycotton-canvas-ifa-56/,https://www.keplertechllc.com/wp-content/uploads/2023/06/Innova-Exhibition-Gloss-Polycotton-Canvas-IFA-56.webp,,320.0,"Weight: 390 GSM | Finish: Glossy | Format: roll (44""×15m) | Roll Width: 44.0"" | Inks: aqueous_pigment, aqueous_dye","Compatible with: epson-sc-p9500, epson-sc-p9500-spectro, epson-sc-p8500d, epson-sc-p8500dm, epson-sc-t7700d, epson-sc-t7700dl, epson-sc-t7700dm, epson-sc-p20500","Innova Art Innova IFA 56 Exhibition Gloss Polycotton Canvas - 44""X15 M - Glossy roll media"
Media & Paper,IFA 96,Innova IFA 96 Eco Solvent Poly Cotton Canvas,Innova Art,Media (signage),Matte Canvas,https://www.keplertechllc.com/product/innova-eco-solvent-poly-cotton-canvas-ifa-96/,https://www.keplertechllc.com/wp-content/uploads/2023/06/Innova-Eco-Solvent-Poly-Cotton-Canvas-IFA-96.webp,,320.0,"Weight: 380 GSM | Finish: Matte Canvas | Format: roll () | Roll Width: None"" | Inks: eco_solvent, latex, uv",Compatible with: ,Innova Art Innova IFA 96 Eco Solvent Poly Cotton Canvas - Matte Canvas roll media
Media & Paper,IFA-96-762x25,Innova IFA 96 Eco Solvent Poly Cotton Canvas - 30''X25 M,Innova Art,Media (signage),Matte Canvas,https://www.keplertechllc.com/product/innova-eco-solvent-poly-cotton-canvas-ifa-96/,https://www.keplertechllc.com/wp-content/uploads/2023/06/Innova-Eco-Solvent-Poly-Cotton-Canvas-IFA-96.webp,,320.0,"Weight: 380 GSM | Finish: Matte Canvas | Format: roll (30""×25m) | Roll Width: 30.0"" | Inks: eco_solvent, latex, uv",Compatible with: ,Innova Art Innova IFA 96 Eco Solvent Poly Cotton Canvas - 30''X25 M - Matte Canvas roll media
Media & Paper,IFA-96-1372x25,Innova IFA 96 Eco Solvent Poly Cotton Canvas - 54''X25 M,Innova Art,Media (signage),Matte Canvas,https://www.keplertechllc.com/product/innova-eco-solvent-poly-cotton-canvas-ifa-96/,https://www.keplertechllc.com/wp-content/uploads/2023/06/Innova-Eco-Solvent-Poly-Cotton-Canvas-IFA-96.webp,,320.0,"Weight: 380 GSM | Finish: Matte Canvas | Format: roll (54""×25m) | Roll Width: 54.0"" | Inks: eco_solvent, latex, uv",Compatible with: ,Innova Art Innova IFA 96 Eco Solvent Poly Cotton Canvas - 54''X25 M - Matte Canvas roll media
Media & Paper,IFA-96-1524x25,Innova IFA 96 Eco Solvent Poly Cotton Canvas - 60''X25 M,Innova Art,Media (signage),Matte Canvas,https://www.keplertechllc.com/product/innova-eco-solvent-poly-cotton-canvas-ifa-96/,https://www.keplertechllc.com/wp-content/uploads/2023/06/Innova-Eco-Solvent-Poly-Cotton-Canvas-IFA-96.webp,,320.0,"Weight: 380 GSM | Finish: Matte Canvas | Format: roll (60""×25m) | Roll Width: 60.0"" | Inks: eco_solvent, latex, uv",Compatible with: ,Innova Art Innova IFA 96 Eco Solvent Poly Cotton Canvas - 60''X25 M - Matte Canvas roll media
Media & Paper,IFA 95,Innova IFA 95 Eco Solvent Polyester Canvas,Innova Art,Media (signage),Matte Canvas,https://www.keplertechllc.com/product/innova-eco-solvent-polyester-canvas-ifa-95/,https://www.keplertechllc.com/wp-content/uploads/2023/06/Innova-Eco-Solvent-Polyester-Canvas-IFA-95.webp,,320.0,"Weight: 260 GSM | Finish: Matte Canvas | Format: roll () | Roll Width: None"" | Inks: eco_solvent, latex, uv",Compatible with: ,Innova Art Innova IFA 95 Eco Solvent Polyester Canvas - Matte Canvas roll media
Media & Paper,IFA-95-762x25,Innova IFA 95 Eco Solvent Polyester Canvas - 30''X25 M,Innova Art,Media (signage),Matte Canvas,https://www.keplertechllc.com/product/innova-eco-solvent-polyester-canvas-ifa-95/,https://www.keplertechllc.com/wp-content/uploads/2023/06/Innova-Eco-Solvent-Polyester-Canvas-IFA-95.webp,,320.0,"Weight: 260 GSM | Finish: Matte Canvas | Format: roll (30""×25m) | Roll Width: 30.0"" | Inks: eco_solvent, latex, uv",Compatible with: ,Innova Art Innova IFA 95 Eco Solvent Polyester Canvas - 30''X25 M - Matte Canvas roll media
Media & Paper,IFA-95-1372x25,Innova IFA 95 Eco Solvent Polyester Canvas - 54''X25 M,Innova Art,Media (signage),Matte Canvas,https://www.keplertechllc.com/product/innova-eco-solvent-polyester-canvas-ifa-95/,https://www.keplertechllc.com/wp-content/uploads/2023/06/Innova-Eco-Solvent-Polyester-Canvas-IFA-95.webp,,320.0,"Weight: 260 GSM | Finish: Matte Canvas | Format: roll (54""×25m) | Roll Width: 54.0"" | Inks: eco_solvent, latex, uv",Compatible with: ,Innova Art Innova IFA 95 Eco Solvent Polyester Canvas - 54''X25 M - Matte Canvas roll media
Media & Paper,IFA-95-1524x25,Innova IFA 95 Eco Solvent Polyester Canvas - 60''X25 M,Innova Art,Media (signage),Matte Canvas,https://www.keplertechllc.com/product/innova-eco-solvent-polyester-canvas-ifa-95/,https://www.keplertechllc.com/wp-content/uploads/2023/06/Innova-Eco-Solvent-Polyester-Canvas-IFA-95.webp,,320.0,"Weight: 260 GSM | Finish: Matte Canvas | Format: roll (60""×25m) | Roll Width: 60.0"" | Inks: eco_solvent, latex, uv",Compatible with: ,Innova Art Innova IFA 95 Eco Solvent Polyester Canvas - 60''X25 M - Matte Canvas roll media
Media & Paper,IFA 93,Innova IFA 93 Eco Solvent Watercolour Paper,Innova Art,Media (signage),Matte,https://www.keplertechllc.com/product/innova-eco-solvent-watercolour-paper-ifa-93/,https://www.keplertechllc.com/wp-content/uploads/2023/06/Innova-Eco-Solvent-Watercolour-Paper-IFA-93.webp,,320.0,"Weight: 240 GSM | Finish: Matte | Format: roll () | Roll Width: None"" | Inks: eco_solvent, latex, uv",Compatible with: ,Innova Art Innova IFA 93 Eco Solvent Watercolour Paper - Matte roll media
Media & Paper,IFA-93-762x25,Innova IFA 93 Eco Solvent Watercolour Paper - 30''X25 M,Innova Art,Media (signage),Matte,https://www.keplertechllc.com/product/innova-eco-solvent-watercolour-paper-ifa-93/,https://www.keplertechllc.com/wp-content/uploads/2023/06/Innova-Eco-Solvent-Watercolour-Paper-IFA-93.webp,,320.0,"Weight: 240 GSM | Finish: Matte | Format: roll (30""×25m) | Roll Width: 30.0"" | Inks: eco_solvent, latex, uv",Compatible with: ,Innova Art Innova IFA 93 Eco Solvent Watercolour Paper - 30''X25 M - Matte roll media
Media & Paper,IFA-93-1372x25,Innova IFA 93 Eco Solvent Watercolour Paper - 54''X25 M,Innova Art,Media (signage),Matte,https://www.keplertechllc.com/product/innova-eco-solvent-watercolour-paper-ifa-93/,https://www.keplertechllc.com/wp-content/uploads/2023/06/Innova-Eco-Solvent-Watercolour-Paper-IFA-93.webp,,320.0,"Weight: 240 GSM | Finish: Matte | Format: roll (54""×25m) | Roll Width: 54.0"" | Inks: eco_solvent, latex, uv",Compatible with: ,Innova Art Innova IFA 93 Eco Solvent Watercolour Paper - 54''X25 M - Matte roll media
Media & Paper,IFA-93-1524x25,Innova IFA 93 Eco Solvent Watercolour Paper - 60''X25 M,Innova Art,Media (signage),Matte,https://www.keplertechllc.com/product/innova-eco-solvent-watercolour-paper-ifa-93/,https://www.keplertechllc.com/wp-content/uploads/2023/06/Innova-Eco-Solvent-Watercolour-Paper-IFA-93.webp,,320.0,"Weight: 240 GSM | Finish: Matte | Format: roll (60""×25m) | Roll Width: 60.0"" | Inks: eco_solvent, latex, uv",Compatible with: ,Innova Art Innova IFA 93 Eco Solvent Watercolour Paper - 60''X25 M - Matte roll media
Media & Paper,IFA 94,Innova IFA 94 Eco Solvent Velvet Art Paper,Innova Art,Media (signage),Matte,https://www.keplertechllc.com/product/innova-eco-solvent-velvet-art-paper-ifa-94/,https://www.keplertechllc.com/wp-content/uploads/2023/06/Innova-Eco-Solvent-Velvet-Art-Paper-IFA-94.webp,,320.0,"Weight: 240 GSM | Finish: Matte | Format: roll () | Roll Width: None"" | Inks: eco_solvent, latex, uv",Compatible with: ,Innova Art Innova IFA 94 Eco Solvent Velvet Art Paper - Matte roll media
Media & Paper,IFA-94-762x25,Innova IFA 94 Eco Solvent Velvet Art Paper - 30''X25 M,Innova Art,Media (signage),Matte,https://www.keplertechllc.com/product/innova-eco-solvent-velvet-art-paper-ifa-94/,https://www.keplertechllc.com/wp-content/uploads/2023/06/Innova-Eco-Solvent-Velvet-Art-Paper-IFA-94.webp,,320.0,"Weight: 240 GSM | Finish: Matte | Format: roll (30""×25m) | Roll Width: 30.0"" | Inks: eco_solvent, latex, uv",Compatible with: ,Innova Art Innova IFA 94 Eco Solvent Velvet Art Paper - 30''X25 M - Matte roll media
Media & Paper,IFA-94-1372x25,Innova IFA 94 Eco Solvent Velvet Art Paper - 54''X25 M,Innova Art,Media (signage),Matte,https://www.keplertechllc.com/product/innova-eco-solvent-velvet-art-paper-ifa-94/,https://www.keplertechllc.com/wp-content/uploads/2023/06/Innova-Eco-Solvent-Velvet-Art-Paper-IFA-94.webp,,320.0,"Weight: 240 GSM | Finish: Matte | Format: roll (54""×25m) | Roll Width: 54.0"" | Inks: eco_solvent, latex, uv",Compatible with: ,Innova Art Innova IFA 94 Eco Solvent Velvet Art Paper - 54''X25 M - Matte roll media
Media & Paper,IFA-94-1524x25,Innova IFA 94 Eco Solvent Velvet Art Paper - 60''X25 M,Innova Art,Media (signage),Matte,https://www.keplertechllc.com/product/innova-eco-solvent-velvet-art-paper-ifa-94/,https://www.keplertechllc.com/wp-content/uploads/2023/06/Innova-Eco-Solvent-Velvet-Art-Paper-IFA-94.webp,,320.0,"Weight: 240 GSM | Finish: Matte | Format: roll (60""×25m) | Roll Width: 60.0"" | Inks: eco_solvent, latex, uv",Compatible with: ,Innova Art Innova IFA 94 Eco Solvent Velvet Art Paper - 60''X25 M - Matte roll media
Media & Paper,IFA 145,Innova IFA 145 Eco Solvent Poster Art Paper,Innova Art,Media (signage),Matte,https://www.keplertechllc.com/product/innova-eco-solvent-poster-art-paper-ifa-145/,https://www.keplertechllc.com/wp-content/uploads/2023/06/Innova-Eco-Solvent-Poster-Art-Paper-IFA-145.webp,,320.0,"Weight: 210 GSM | Finish: Matte | Format: roll () | Roll Width: None"" | Inks: eco_solvent, latex, uv",Compatible with: ,Innova Art Innova IFA 145 Eco Solvent Poster Art Paper - Matte roll media
Media & Paper,IFA-145-762-030,Innova IFA 145 Eco Solvent Poster Art Paper - 30''X30 M,Innova Art,Media (signage),Matte,https://www.keplertechllc.com/product/innova-eco-solvent-poster-art-paper-ifa-145/,https://www.keplertechllc.com/wp-content/uploads/2023/06/Innova-Eco-Solvent-Poster-Art-Paper-IFA-145.webp,,320.0,"Weight: 210 GSM | Finish: Matte | Format: roll (30""×30m) | Roll Width: 30.0"" | Inks: eco_solvent, latex, uv",Compatible with: ,Innova Art Innova IFA 145 Eco Solvent Poster Art Paper - 30''X30 M - Matte roll media
Media & Paper,IFA-145-1372-030,Innova IFA 145 Eco Solvent Poster Art Paper - 54''X30 M,Innova Art,Media (signage),Matte,https://www.keplertechllc.com/product/innova-eco-solvent-poster-art-paper-ifa-145/,https://www.keplertechllc.com/wp-content/uploads/2023/06/Innova-Eco-Solvent-Poster-Art-Paper-IFA-145.webp,,320.0,"Weight: 210 GSM | Finish: Matte | Format: roll (54""×30m) | Roll Width: 54.0"" | Inks: eco_solvent, latex, uv",Compatible with: ,Innova Art Innova IFA 145 Eco Solvent Poster Art Paper - 54''X30 M - Matte roll media
Media & Paper,IFA-145-1524-030,"Innova IFA 145 Eco Solvent Poster Art Paper - 60""X30 M",Innova Art,Media (signage),Matte,https://www.keplertechllc.com/product/innova-eco-solvent-poster-art-paper-ifa-145/,https://www.keplertechllc.com/wp-content/uploads/2023/06/Innova-Eco-Solvent-Poster-Art-Paper-IFA-145.webp,,320.0,"Weight: 210 GSM | Finish: Matte | Format: roll (60""×30m) | Roll Width: 60.0"" | Inks: eco_solvent, latex, uv",Compatible with: ,"Innova Art Innova IFA 145 Eco Solvent Poster Art Paper - 60""X30 M - Matte roll media"
Media & Paper,IFA 98,Innova IFA 98 Eco Solvent Paste Up Wallpaper,Innova Art,Media (signage),Pre-Pasted Wallpaper,https://www.keplertechllc.com/product/innova-eco-solvent-paste-up-wallpaper-ifa-98/,https://www.keplertechllc.com/wp-content/uploads/2023/06/Innova-Eco-Solvent-Paste-Up-Wallpaper-IFA-98.webp,,320.0,"Weight: None GSM | Finish: Pre-Pasted Wallpaper | Format: roll () | Roll Width: None"" | Inks: eco_solvent, latex, uv",Compatible with: ,Innova Art Innova IFA 98 Eco Solvent Paste Up Wallpaper - Pre-Pasted Wallpaper roll media
Media & Paper,IFA 24,Innova IFA 24 Décor Smooth Art 210gsm,Innova Art,Media (fine_art),Matte,https://www.keplertechllc.com/product/innova-decor-smooth-art-ifa-24/,https://www.keplertechllc.com/wp-content/uploads/2023/06/Innova-Decor-Smooth-Art-IFA-24.webp,,150.0,"Weight: 210 GSM | Finish: Matte | Format: roll (24″ Roll) | Roll Width: 24.0"" | Inks: aqueous_pigment, aqueous_dye","Compatible with: epson-sc-p7500, epson-sc-p7500-spectro, epson-sc-p6500e, epson-sc-p6500d, epson-sc-t3100, epson-sc-t3700e, epson-sc-t3700d, epson-sc-t5100, epson-sc-t5405, epson-sc-t5700d, epson-sc-t5100m, epson-sc-t5700dm, epson-sc-p9500, epson-sc-p9500-spectro, epson-sc-p8500d, epson-sc-p8500dm, epson-sc-t7700d, epson-sc-t7700dl, epson-sc-t7700dm, epson-sc-p20500",Innova Art Innova IFA 24 Décor Smooth Art 210gsm - Matte roll media
Media & Paper,IFA 25,Innova IFA 25 Décor Smooth Art DS 220gsm,Innova Art,Media (fine_art),Matte,https://www.keplertechllc.com/product/innova-decor-smooth-art-ds-ifa-25/,https://www.keplertechllc.com/wp-content/uploads/2023/06/Innova-Decor-Smooth-Art-DS-IFA-25.webp,,150.0,"Weight: 220 GSM | Finish: Matte | Format: roll () | Roll Width: None"" | Inks: aqueous_pigment, aqueous_dye",Compatible with: ,Innova Art Innova IFA 25 Décor Smooth Art DS 220gsm - Matte roll media
Media & Paper,IFA-05-A4-50,Innova IFA 05 Smooth Cotton High White DS 225gsm - A4 - 50 Sheets,Innova Art,Media (fine_art),Smooth Cotton,https://www.keplertechllc.com/product/innova-smooth-cotton-high-white-ds-225gsm-ifa-05/,https://www.keplertechllc.com/wp-content/uploads/2023/06/Innova-Smooth-Cotton-High-White-DS-IFA-05.webp,,320.0,"Weight: 225 GSM | Finish: Smooth Cotton | Format: sheet (A4) | Roll Width: 8.3"" | Inks: aqueous_pigment, aqueous_dye","Compatible with: epson-sc-p700, epson-sc-p900, epson-sc-p5300",Innova Art Innova IFA 05 Smooth Cotton High White DS 225gsm - A4 - 50 Sheets - Smooth Cotton sheet media
Media & Paper,IFA-05-A3P-50,Innova IFA 05 Smooth Cotton High White DS 225gsm - A3+ - 50 Sheets,Innova Art,Media (fine_art),Smooth Cotton,https://www.keplertechllc.com/product/innova-smooth-cotton-high-white-ds-225gsm-ifa-05/,https://www.keplertechllc.com/wp-content/uploads/2023/06/Innova-Smooth-Cotton-High-White-DS-IFA-05.webp,,320.0,"Weight: 225 GSM | Finish: Smooth Cotton | Format: sheet (A3+) | Roll Width: 13.0"" | Inks: aqueous_pigment, aqueous_dye","Compatible with: epson-sc-p700, epson-sc-p900, epson-sc-p5300",Innova Art Innova IFA 05 Smooth Cotton High White DS 225gsm - A3+ - 50 Sheets - Smooth Cotton sheet media
Media & Paper,IFA-05-610x15,"Innova IFA 05 Smooth Cotton High White DS 225gsm - 24""X15 M",Innova Art,Media (fine_art),Smooth Cotton,https://www.keplertechllc.com/product/innova-smooth-cotton-high-white-ds-225gsm-ifa-05/,https://www.keplertechllc.com/wp-content/uploads/2023/06/Innova-Smooth-Cotton-High-White-DS-IFA-05.webp,,320.0,"Weight: 225 GSM | Finish: Smooth Cotton | Format: roll (24""×15m) | Roll Width: 24.0"" | Inks: aqueous_pigment, aqueous_dye","Compatible with: epson-sc-p7500, epson-sc-p7500-spectro, epson-sc-p6500e, epson-sc-p6500d, epson-sc-t3100, epson-sc-t3700e, epson-sc-t3700d, epson-sc-t5100, epson-sc-t5405, epson-sc-t5700d, epson-sc-t5100m, epson-sc-t5700dm, epson-sc-p9500, epson-sc-p9500-spectro, epson-sc-p8500d, epson-sc-p8500dm, epson-sc-t7700d, epson-sc-t7700dl, epson-sc-t7700dm, epson-sc-p20500","Innova Art Innova IFA 05 Smooth Cotton High White DS 225gsm - 24""X15 M - Smooth Cotton roll media"
Media & Paper,IFA-05-1118x15,"Innova IFA 05 Smooth Cotton High White DS 225gsm - 44""X15 M",Innova Art,Media (fine_art),Smooth Cotton,https://www.keplertechllc.com/product/innova-smooth-cotton-high-white-ds-225gsm-ifa-05/,https://www.keplertechllc.com/wp-content/uploads/2023/06/Innova-Smooth-Cotton-High-White-DS-IFA-05.webp,,320.0,"Weight: 225 GSM | Finish: Smooth Cotton | Format: roll (44""×15m) | Roll Width: 44.0"" | Inks: aqueous_pigment, aqueous_dye","Compatible with: epson-sc-p9500, epson-sc-p9500-spectro, epson-sc-p8500d, epson-sc-p8500dm, epson-sc-t7700d, epson-sc-t7700dl, epson-sc-t7700dm, epson-sc-p20500","Innova Art Innova IFA 05 Smooth Cotton High White DS 225gsm - 44""X15 M - Smooth Cotton roll media"
Media & Paper,IFA-15-A4-25,Innova IFA 15 Soft White Cotton 280gsm - A4 - 25 Sheets,Innova Art,Media (fine_art),Matte,https://www.keplertechllc.com/product/innova-soft-white-cotton-280gsm-ifa-15/,https://www.keplertechllc.com/wp-content/uploads/2023/06/Innova-Soft-White-Cotton-280gsm-IFA-15.webp,,320.0,"Weight: 280 GSM | Finish: Matte | Format: sheet (A4) | Roll Width: 8.3"" | Inks: aqueous_pigment, aqueous_dye","Compatible with: epson-sc-p700, epson-sc-p900, epson-sc-p5300",Innova Art Innova IFA 15 Soft White Cotton 280gsm - A4 - 25 Sheets - Matte sheet media
Media & Paper,IFA-15-A3P-25,Innova IFA 15 Soft White Cotton 280gsm - A3+ - 25 Sheets,Innova Art,Media (fine_art),Matte,https://www.keplertechllc.com/product/innova-soft-white-cotton-280gsm-ifa-15/,https://www.keplertechllc.com/wp-content/uploads/2023/06/Innova-Soft-White-Cotton-280gsm-IFA-15.webp,,320.0,"Weight: 280 GSM | Finish: Matte | Format: sheet (A3+) | Roll Width: 13.0"" | Inks: aqueous_pigment, aqueous_dye","Compatible with: epson-sc-p700, epson-sc-p900, epson-sc-p5300",Innova Art Innova IFA 15 Soft White Cotton 280gsm - A3+ - 25 Sheets - Matte sheet media
Media & Paper,IFA-15-610x15,"Innova IFA 15 Soft White Cotton 280gsm - 24""X15 M",Innova Art,Media (fine_art),Matte,https://www.keplertechllc.com/product/innova-soft-white-cotton-280gsm-ifa-15/,https://www.keplertechllc.com/wp-content/uploads/2023/06/Innova-Soft-White-Cotton-280gsm-IFA-15.webp,,320.0,"Weight: 280 GSM | Finish: Matte | Format: roll (24""×15m) | Roll Width: 24.0"" | Inks: aqueous_pigment, aqueous_dye","Compatible with: epson-sc-p7500, epson-sc-p7500-spectro, epson-sc-p6500e, epson-sc-p6500d, epson-sc-t3100, epson-sc-t3700e, epson-sc-t3700d, epson-sc-t5100, epson-sc-t5405, epson-sc-t5700d, epson-sc-t5100m, epson-sc-t5700dm, epson-sc-p9500, epson-sc-p9500-spectro, epson-sc-p8500d, epson-sc-p8500dm, epson-sc-t7700d, epson-sc-t7700dl, epson-sc-t7700dm, epson-sc-p20500","Innova Art Innova IFA 15 Soft White Cotton 280gsm - 24""X15 M - Matte roll media"
Media & Paper,IFA-15-1118x15,"Innova IFA 15 Soft White Cotton 280gsm - 44""X15 M",Innova Art,Media (fine_art),Matte,https://www.keplertechllc.com/product/innova-soft-white-cotton-280gsm-ifa-15/,https://www.keplertechllc.com/wp-content/uploads/2023/06/Innova-Soft-White-Cotton-280gsm-IFA-15.webp,,320.0,"Weight: 280 GSM | Finish: Matte | Format: roll (44""×15m) | Roll Width: 44.0"" | Inks: aqueous_pigment, aqueous_dye","Compatible with: epson-sc-p9500, epson-sc-p9500-spectro, epson-sc-p8500d, epson-sc-p8500dm, epson-sc-t7700d, epson-sc-t7700dl, epson-sc-t7700dm, epson-sc-p20500","Innova Art Innova IFA 15 Soft White Cotton 280gsm - 44""X15 M - Matte roll media"
Media & Paper,IFA-24-A4-50,Innova IFA 24 Décor Smooth Art 210gsm - A4 - 50 Sheets,Innova Art,Media (fine_art),Matte,https://www.keplertechllc.com/product/innova-decor-smooth-art-ds-ifa-25/,https://www.keplertechllc.com/wp-content/uploads/2023/06/Innova-Decor-Smooth-Art-DS-IFA-25.webp,,150.0,"Weight: 210 GSM | Finish: Matte | Format: sheet (A4) | Roll Width: 8.3"" | Inks: aqueous_pigment, aqueous_dye","Compatible with: epson-sc-p700, epson-sc-p900, epson-sc-p5300",Innova Art Innova IFA 24 Décor Smooth Art 210gsm - A4 - 50 Sheets - Matte sheet media
Media & Paper,IFA-24-A3P-50,Innova IFA 24 Décor Smooth Art 210gsm - A3+ - 50 Sheets,Innova Art,Media (fine_art),Matte,https://www.keplertechllc.com/product/innova-decor-smooth-art-ds-ifa-25/,https://www.keplertechllc.com/wp-content/uploads/2023/06/Innova-Decor-Smooth-Art-DS-IFA-25.webp,,150.0,"Weight: 210 GSM | Finish: Matte | Format: sheet (A3+) | Roll Width: 13.0"" | Inks: aqueous_pigment, aqueous_dye","Compatible with: epson-sc-p700, epson-sc-p900, epson-sc-p5300",Innova Art Innova IFA 24 Décor Smooth Art 210gsm - A3+ - 50 Sheets - Matte sheet media
Media & Paper,IFA-24-610x30,"Innova IFA 24 Décor Smooth Art 210gsm - 24""X30 M",Innova Art,Media (fine_art),Matte,https://www.keplertechllc.com/product/innova-decor-smooth-art-ifa-24/,https://www.keplertechllc.com/wp-content/uploads/2023/06/Innova-Decor-Smooth-Art-IFA-24.webp,,150.0,"Weight: 210 GSM | Finish: Matte | Format: roll (24""×30m) | Roll Width: 24.0"" | Inks: aqueous_pigment, aqueous_dye","Compatible with: epson-sc-p7500, epson-sc-p7500-spectro, epson-sc-p6500e, epson-sc-p6500d, epson-sc-t3100, epson-sc-t3700e, epson-sc-t3700d, epson-sc-t5100, epson-sc-t5405, epson-sc-t5700d, epson-sc-t5100m, epson-sc-t5700dm, epson-sc-p9500, epson-sc-p9500-spectro, epson-sc-p8500d, epson-sc-p8500dm, epson-sc-t7700d, epson-sc-t7700dl, epson-sc-t7700dm, epson-sc-p20500","Innova Art Innova IFA 24 Décor Smooth Art 210gsm - 24""X30 M - Matte roll media"
Media & Paper,IFA-24-1118x30,"Innova IFA 24 Décor Smooth Art 210gsm - 44""X30 M",Innova Art,Media (fine_art),Matte,https://www.keplertechllc.com/product/innova-decor-smooth-art-ds-ifa-25/,https://www.keplertechllc.com/wp-content/uploads/2023/06/Innova-Decor-Smooth-Art-DS-IFA-25.webp,,150.0,"Weight: 210 GSM | Finish: Matte | Format: roll (44""×30m) | Roll Width: 44.0"" | Inks: aqueous_pigment, aqueous_dye","Compatible with: epson-sc-p9500, epson-sc-p9500-spectro, epson-sc-p8500d, epson-sc-p8500dm, epson-sc-t7700d, epson-sc-t7700dl, epson-sc-t7700dm, epson-sc-p20500","Innova Art Innova IFA 24 Décor Smooth Art 210gsm - 44""X30 M - Matte roll media"
Media & Paper,OLM 62,OLM 62 Olmec Photo Gloss Lightweight 190gsm,Olmec,Media (photo),Glossy,https://www.keplertechllc.com/product/olm-62-olmec-photo-gloss-lightweight-190gsm/,https://www.keplertechllc.com/wp-content/uploads/2023/06/OLM-62-Olmec-Photo-Gloss-Lightweight-190gsm.webp,,150.0,"Weight: 190 GSM | Finish: Glossy | Format: roll () | Roll Width: None"" | Inks: aqueous_pigment, aqueous_dye",Compatible with: ,Olmec OLM 62 Olmec Photo Gloss Lightweight 190gsm - Glossy roll media
Media & Paper,OLM62R24,"OLM 62 Olmec Photo Gloss Lightweight 190gsm - 24""X30 M",Olmec,Media (photo),Glossy,https://www.keplertechllc.com/product/olm-62-olmec-photo-gloss-lightweight-190gsm/,https://www.keplertechllc.com/wp-content/uploads/2023/06/OLM-62-Olmec-Photo-Gloss-Lightweight-190gsm.webp,,150.0,"Weight: 190 GSM | Finish: Glossy | Format: roll (24""×30m) | Roll Width: 24.0"" | Inks: aqueous_pigment, aqueous_dye","Compatible with: epson-sc-p7500, epson-sc-p7500-spectro, epson-sc-p6500e, epson-sc-p6500d, epson-sc-t3100, epson-sc-t3700e, epson-sc-t3700d, epson-sc-t5100, epson-sc-t5405, epson-sc-t5700d, epson-sc-t5100m, epson-sc-t5700dm, epson-sc-p9500, epson-sc-p9500-spectro, epson-sc-p8500d, epson-sc-p8500dm, epson-sc-t7700d, epson-sc-t7700dl, epson-sc-t7700dm, epson-sc-p20500","Olmec OLM 62 Olmec Photo Gloss Lightweight 190gsm - 24""X30 M - Glossy roll media"
Media & Paper,OLM62R44,"OLM 62 Olmec Photo Gloss Lightweight 190gsm - 44""X30 M",Olmec,Media (photo),Glossy,https://www.keplertechllc.com/product/olm-62-olmec-photo-gloss-lightweight-190gsm/,https://www.keplertechllc.com/wp-content/uploads/2023/06/OLM-62-Olmec-Photo-Gloss-Lightweight-190gsm.webp,,150.0,"Weight: 190 GSM | Finish: Glossy | Format: roll (44""×30m) | Roll Width: 44.0"" | Inks: aqueous_pigment, aqueous_dye","Compatible with: epson-sc-p9500, epson-sc-p9500-spectro, epson-sc-p8500d, epson-sc-p8500dm, epson-sc-t7700d, epson-sc-t7700dl, epson-sc-t7700dm, epson-sc-p20500","Olmec OLM 62 Olmec Photo Gloss Lightweight 190gsm - 44""X30 M - Glossy roll media"
Media & Paper,OLM 68,OLM 68 Olmec Photo Lustre Lightweight 190gsm,Olmec,Media (photo),Lustre,https://www.keplertechllc.com/product/olm-68-olmec-photo-lustre-lightweight-190gsm/,https://www.keplertechllc.com/wp-content/uploads/2023/06/OLM-68-Olmec-Photo-Lustre-Lightweight-190gsm.webp,,150.0,"Weight: 190 GSM | Finish: Lustre | Format: roll () | Roll Width: None"" | Inks: aqueous_pigment, aqueous_dye",Compatible with: ,Olmec OLM 68 Olmec Photo Lustre Lightweight 190gsm - Lustre roll media
Media & Paper,OLM68R24,"OLM 68 Olmec Photo Lustre Lightweight 190gsm - 24""X30 M",Olmec,Media (photo),Lustre,https://www.keplertechllc.com/product/olm-68-olmec-photo-lustre-lightweight-190gsm/,https://www.keplertechllc.com/wp-content/uploads/2023/06/OLM-68-Olmec-Photo-Lustre-Lightweight-190gsm.webp,,150.0,"Weight: 190 GSM | Finish: Lustre | Format: roll (24""×30m) | Roll Width: 24.0"" | Inks: aqueous_pigment, aqueous_dye","Compatible with: epson-sc-p7500, epson-sc-p7500-spectro, epson-sc-p6500e, epson-sc-p6500d, epson-sc-t3100, epson-sc-t3700e, epson-sc-t3700d, epson-sc-t5100, epson-sc-t5405, epson-sc-t5700d, epson-sc-t5100m, epson-sc-t5700dm, epson-sc-p9500, epson-sc-p9500-spectro, epson-sc-p8500d, epson-sc-p8500dm, epson-sc-t7700d, epson-sc-t7700dl, epson-sc-t7700dm, epson-sc-p20500","Olmec OLM 68 Olmec Photo Lustre Lightweight 190gsm - 24""X30 M - Lustre roll media"
Media & Paper,OLM68R44,"OLM 68 Olmec Photo Lustre Lightweight 190gsm - 44""X30 M",Olmec,Media (photo),Lustre,https://www.keplertechllc.com/product/olm-68-olmec-photo-lustre-lightweight-190gsm/,https://www.keplertechllc.com/wp-content/uploads/2023/06/OLM-68-Olmec-Photo-Lustre-Lightweight-190gsm.webp,,150.0,"Weight: 190 GSM | Finish: Lustre | Format: roll (44""×30m) | Roll Width: 44.0"" | Inks: aqueous_pigment, aqueous_dye","Compatible with: epson-sc-p9500, epson-sc-p9500-spectro, epson-sc-p8500d, epson-sc-p8500dm, epson-sc-t7700d, epson-sc-t7700dl, epson-sc-t7700dm, epson-sc-p20500","Olmec OLM 68 Olmec Photo Lustre Lightweight 190gsm - 44""X30 M - Lustre roll media"
Media & Paper,OLM 59,OLM 59 Olmec Photo Lustre Heavyweight 260gsm,Olmec,Media (photo),Lustre,https://www.keplertechllc.com/product/olm-59-olmec-photo-lustre-heavyweight-260gsm/,https://www.keplertechllc.com/wp-content/uploads/2023/06/OLM-59-Olmec-Photo-Lustre-Heavyweight-260gsm.webp,,150.0,"Weight: 260 GSM | Finish: Lustre | Format: roll () | Roll Width: None"" | Inks: aqueous_pigment, aqueous_dye",Compatible with: ,Olmec OLM 59 Olmec Photo Lustre Heavyweight 260gsm - Lustre roll media
Media & Paper,OLM59R24,"OLM 59 Olmec Photo Lustre Heavyweight 260gsm - 24""X30 M",Olmec,Media (photo),Lustre,https://www.keplertechllc.com/product/olm-59-olmec-photo-lustre-heavyweight-260gsm/,https://www.keplertechllc.com/wp-content/uploads/2023/06/OLM-59-Olmec-Photo-Lustre-Heavyweight-260gsm.webp,,150.0,"Weight: 260 GSM | Finish: Lustre | Format: roll (24""×30m) | Roll Width: 24.0"" | Inks: aqueous_pigment, aqueous_dye","Compatible with: epson-sc-p7500, epson-sc-p7500-spectro, epson-sc-p6500e, epson-sc-p6500d, epson-sc-t3100, epson-sc-t3700e, epson-sc-t3700d, epson-sc-t5100, epson-sc-t5405, epson-sc-t5700d, epson-sc-t5100m, epson-sc-t5700dm, epson-sc-p9500, epson-sc-p9500-spectro, epson-sc-p8500d, epson-sc-p8500dm, epson-sc-t7700d, epson-sc-t7700dl, epson-sc-t7700dm, epson-sc-p20500","Olmec OLM 59 Olmec Photo Lustre Heavyweight 260gsm - 24""X30 M - Lustre roll media"
Media & Paper,OLM59R44,"OLM 59 Olmec Photo Lustre Heavyweight 260gsm - 44""X30 M",Olmec,Media (photo),Lustre,https://www.keplertechllc.com/product/olm-59-olmec-photo-lustre-heavyweight-260gsm/,https://www.keplertechllc.com/wp-content/uploads/2023/06/OLM-59-Olmec-Photo-Lustre-Heavyweight-260gsm.webp,,150.0,"Weight: 260 GSM | Finish: Lustre | Format: roll (44""×30m) | Roll Width: 44.0"" | Inks: aqueous_pigment, aqueous_dye","Compatible with: epson-sc-p9500, epson-sc-p9500-spectro, epson-sc-p8500d, epson-sc-p8500dm, epson-sc-t7700d, epson-sc-t7700dl, epson-sc-t7700dm, epson-sc-p20500","Olmec OLM 59 Olmec Photo Lustre Heavyweight 260gsm - 44""X30 M - Lustre roll media"
Media & Paper,OLM 60,OLM 60 Olmec Photo Gloss Heavyweight 260gsm,Olmec,Media (photo),Glossy,https://www.keplertechllc.com/product/olm-60-olmec-photo-gloss-heavyweight-260gsm/,https://www.keplertechllc.com/wp-content/uploads/2023/06/OLM-60-Olmec-Photo-Gloss-Heavyweight-260gsm.webp,,150.0,"Weight: 260 GSM | Finish: Glossy | Format: roll (60″ Roll) | Roll Width: 60.0"" | Inks: aqueous_pigment, aqueous_dye",Compatible with: epson-sc-p20500,Olmec OLM 60 Olmec Photo Gloss Heavyweight 260gsm - Glossy roll media
Media & Paper,OLM60R24,"OLM 60 Olmec Photo Gloss Heavyweight 260gsm - 24""X30 M",Olmec,Media (photo),Glossy,https://www.keplertechllc.com/product/olm-60-olmec-photo-gloss-heavyweight-260gsm/,https://www.keplertechllc.com/wp-content/uploads/2023/06/OLM-60-Olmec-Photo-Gloss-Heavyweight-260gsm.webp,,150.0,"Weight: 260 GSM | Finish: Glossy | Format: roll (24""×30m) | Roll Width: 24.0"" | Inks: aqueous_pigment, aqueous_dye","Compatible with: epson-sc-p7500, epson-sc-p7500-spectro, epson-sc-p6500e, epson-sc-p6500d, epson-sc-t3100, epson-sc-t3700e, epson-sc-t3700d, epson-sc-t5100, epson-sc-t5405, epson-sc-t5700d, epson-sc-t5100m, epson-sc-t5700dm, epson-sc-p9500, epson-sc-p9500-spectro, epson-sc-p8500d, epson-sc-p8500dm, epson-sc-t7700d, epson-sc-t7700dl, epson-sc-t7700dm, epson-sc-p20500","Olmec OLM 60 Olmec Photo Gloss Heavyweight 260gsm - 24""X30 M - Glossy roll media"
Media & Paper,OLM60R44,"OLM 60 Olmec Photo Gloss Heavyweight 260gsm - 44""X30 M",Olmec,Media (photo),Glossy,https://www.keplertechllc.com/product/olm-60-olmec-photo-gloss-heavyweight-260gsm/,https://www.keplertechllc.com/wp-content/uploads/2023/06/OLM-60-Olmec-Photo-Gloss-Heavyweight-260gsm.webp,,150.0,"Weight: 260 GSM | Finish: Glossy | Format: roll (44""×30m) | Roll Width: 44.0"" | Inks: aqueous_pigment, aqueous_dye","Compatible with: epson-sc-p9500, epson-sc-p9500-spectro, epson-sc-p8500d, epson-sc-p8500dm, epson-sc-t7700d, epson-sc-t7700dl, epson-sc-t7700dm, epson-sc-p20500","Olmec OLM 60 Olmec Photo Gloss Heavyweight 260gsm - 44""X30 M - Glossy roll media"
Media & Paper,OLM 61,OLM 61 Olmec Photo Satin Heavyweight 260gsm,Olmec,Media (photo),Satin,https://www.keplertechllc.com/product/olm-61-olmec-photo-satin-heavyweight-260gsm/,https://www.keplertechllc.com/wp-content/uploads/2023/06/OLM-61-Olmec-Photo-Satin-Heavyweight-260gsm.webp,,150.0,"Weight: 260 GSM | Finish: Satin | Format: roll () | Roll Width: None"" | Inks: aqueous_pigment, aqueous_dye",Compatible with: ,Olmec OLM 61 Olmec Photo Satin Heavyweight 260gsm - Satin roll media
Media & Paper,OLM61R24,"OLM 61 Olmec Photo Satin Heavyweight 260gsm - 24""X30 M",Olmec,Media (photo),Satin,https://www.keplertechllc.com/product/olm-61-olmec-photo-satin-heavyweight-260gsm/,https://www.keplertechllc.com/wp-content/uploads/2023/06/OLM-61-Olmec-Photo-Satin-Heavyweight-260gsm.webp,,150.0,"Weight: 260 GSM | Finish: Satin | Format: roll (24""×30m) | Roll Width: 24.0"" | Inks: aqueous_pigment, aqueous_dye","Compatible with: epson-sc-p7500, epson-sc-p7500-spectro, epson-sc-p6500e, epson-sc-p6500d, epson-sc-t3100, epson-sc-t3700e, epson-sc-t3700d, epson-sc-t5100, epson-sc-t5405, epson-sc-t5700d, epson-sc-t5100m, epson-sc-t5700dm, epson-sc-p9500, epson-sc-p9500-spectro, epson-sc-p8500d, epson-sc-p8500dm, epson-sc-t7700d, epson-sc-t7700dl, epson-sc-t7700dm, epson-sc-p20500","Olmec OLM 61 Olmec Photo Satin Heavyweight 260gsm - 24""X30 M - Satin roll media"
Media & Paper,OLM61R44,"OLM 61 Olmec Photo Satin Heavyweight 260gsm - 44""X30 M",Olmec,Media (photo),Satin,https://www.keplertechllc.com/product/olm-61-olmec-photo-satin-heavyweight-260gsm/,https://www.keplertechllc.com/wp-content/uploads/2023/06/OLM-61-Olmec-Photo-Satin-Heavyweight-260gsm.webp,,150.0,"Weight: 260 GSM | Finish: Satin | Format: roll (44""×30m) | Roll Width: 44.0"" | Inks: aqueous_pigment, aqueous_dye","Compatible with: epson-sc-p9500, epson-sc-p9500-spectro, epson-sc-p8500d, epson-sc-p8500dm, epson-sc-t7700d, epson-sc-t7700dl, epson-sc-t7700dm, epson-sc-p20500","Olmec OLM 61 Olmec Photo Satin Heavyweight 260gsm - 44""X30 M - Satin roll media"
Media & Paper,OLM 65,OLM 65 Olmec Photo Gloss Double Sided 250gsm,Olmec,Media (photo),Glossy,https://www.keplertechllc.com/product/olm-65-olmec-photo-gloss-double-sided-250gsm/,https://www.keplertechllc.com/wp-content/uploads/2023/06/OLM-65-Olmec-Photo-Gloss-Double-Sided-250gsm.webp,,150.0,"Weight: 250 GSM | Finish: Glossy | Format: roll () | Roll Width: None"" | Inks: aqueous_pigment, aqueous_dye",Compatible with: ,Olmec OLM 65 Olmec Photo Gloss Double Sided 250gsm - Glossy roll media
Media & Paper,OLM65A4,OLM 65 Olmec Photo Gloss Double Sided 250gsm - A4 - 50 Sheets,Olmec,Media (photo),Glossy,https://www.keplertechllc.com/product/olm-65-olmec-photo-gloss-double-sided-250gsm/,https://www.keplertechllc.com/wp-content/uploads/2023/06/OLM-65-Olmec-Photo-Gloss-Double-Sided-250gsm.webp,,150.0,"Weight: 250 GSM | Finish: Glossy | Format: sheet (A4) | Roll Width: 8.3"" | Inks: aqueous_pigment, aqueous_dye","Compatible with: epson-sc-p700, epson-sc-p900, epson-sc-p5300",Olmec OLM 65 Olmec Photo Gloss Double Sided 250gsm - A4 - 50 Sheets - Glossy sheet media
Media & Paper,OLM65A3,OLM 65 Olmec Photo Gloss Double Sided 250gsm - A3 - 50 Sheets,Olmec,Media (photo),Glossy,https://www.keplertechllc.com/product/olm-65-olmec-photo-gloss-double-sided-250gsm/,https://www.keplertechllc.com/wp-content/uploads/2023/06/OLM-65-Olmec-Photo-Gloss-Double-Sided-250gsm.webp,,150.0,"Weight: 250 GSM | Finish: Glossy | Format: sheet (A3) | Roll Width: 11.7"" | Inks: aqueous_pigment, aqueous_dye","Compatible with: epson-sc-p700, epson-sc-p900, epson-sc-p5300",Olmec OLM 65 Olmec Photo Gloss Double Sided 250gsm - A3 - 50 Sheets - Glossy sheet media
Media & Paper,OLM 67,OLM 67 Olmec Photo Matte Archival 230gsm,Olmec,Media (photo),Matte,https://www.keplertechllc.com/product/olm-67-olmec-photo-matte-archival-230gsm/,https://www.keplertechllc.com/wp-content/uploads/2023/06/OLM-67-Olmec-Photo-Matte-Archival-230gsm.webp,,150.0,"Weight: 230 GSM | Finish: Matte | Format: roll () | Roll Width: None"" | Inks: aqueous_pigment, aqueous_dye",Compatible with: ,Olmec OLM 67 Olmec Photo Matte Archival 230gsm - Matte roll media
Media & Paper,OLM67R24,"OLM 67 Olmec Photo Matte Archival 230gsm - 24""X30 M",Olmec,Media (photo),Matte,https://www.keplertechllc.com/product/olm-67-olmec-photo-matte-archival-230gsm/,https://www.keplertechllc.com/wp-content/uploads/2023/06/OLM-67-Olmec-Photo-Matte-Archival-230gsm.webp,,150.0,"Weight: 230 GSM | Finish: Matte | Format: roll (24""×30m) | Roll Width: 24.0"" | Inks: aqueous_pigment, aqueous_dye","Compatible with: epson-sc-p7500, epson-sc-p7500-spectro, epson-sc-p6500e, epson-sc-p6500d, epson-sc-t3100, epson-sc-t3700e, epson-sc-t3700d, epson-sc-t5100, epson-sc-t5405, epson-sc-t5700d, epson-sc-t5100m, epson-sc-t5700dm, epson-sc-p9500, epson-sc-p9500-spectro, epson-sc-p8500d, epson-sc-p8500dm, epson-sc-t7700d, epson-sc-t7700dl, epson-sc-t7700dm, epson-sc-p20500","Olmec OLM 67 Olmec Photo Matte Archival 230gsm - 24""X30 M - Matte roll media"
Media & Paper,OLM67R44,"OLM 67 Olmec Photo Matte Archival 230gsm - 44""X30 M",Olmec,Media (photo),Matte,https://www.keplertechllc.com/product/olm-67-olmec-photo-matte-archival-230gsm/,https://www.keplertechllc.com/wp-content/uploads/2023/06/OLM-67-Olmec-Photo-Matte-Archival-230gsm.webp,,150.0,"Weight: 230 GSM | Finish: Matte | Format: roll (44""×30m) | Roll Width: 44.0"" | Inks: aqueous_pigment, aqueous_dye","Compatible with: epson-sc-p9500, epson-sc-p9500-spectro, epson-sc-p8500d, epson-sc-p8500dm, epson-sc-t7700d, epson-sc-t7700dl, epson-sc-t7700dm, epson-sc-p20500","Olmec OLM 67 Olmec Photo Matte Archival 230gsm - 44""X30 M - Matte roll media"
Media & Paper,OLM 70,OLM 70 Olmec Photo Pearl Premium 310gsm,Olmec,Media (photo),Pearl,https://www.keplertechllc.com/product/olm-70-olmec-photo-pearl-premium-310gsm/,https://www.keplertechllc.com/wp-content/uploads/2023/06/OLM-70-Olmec-Photo-Pearl-Premium-310gsm.webp,,150.0,"Weight: 310 GSM | Finish: Pearl | Format: roll () | Roll Width: None"" | Inks: aqueous_pigment, aqueous_dye",Compatible with: ,Olmec OLM 70 Olmec Photo Pearl Premium 310gsm - Pearl roll media
Media & Paper,OLM70R24,OLM 70 Olmec Photo Pearl Premium 310gsm - 24''X25 M,Olmec,Media (photo),Pearl,https://www.keplertechllc.com/product/olm-70-olmec-photo-pearl-premium-310gsm/,https://www.keplertechllc.com/wp-content/uploads/2023/06/OLM-70-Olmec-Photo-Pearl-Premium-310gsm.webp,,150.0,"Weight: 310 GSM | Finish: Pearl | Format: roll (24""×25m) | Roll Width: 24.0"" | Inks: aqueous_pigment, aqueous_dye","Compatible with: epson-sc-p7500, epson-sc-p7500-spectro, epson-sc-p6500e, epson-sc-p6500d, epson-sc-t3100, epson-sc-t3700e, epson-sc-t3700d, epson-sc-t5100, epson-sc-t5405, epson-sc-t5700d, epson-sc-t5100m, epson-sc-t5700dm, epson-sc-p9500, epson-sc-p9500-spectro, epson-sc-p8500d, epson-sc-p8500dm, epson-sc-t7700d, epson-sc-t7700dl, epson-sc-t7700dm, epson-sc-p20500",Olmec OLM 70 Olmec Photo Pearl Premium 310gsm - 24''X25 M - Pearl roll media
Media & Paper,OLM70R44,OLM 70 Olmec Photo Pearl Premium 310gsm - 44''X25 M,Olmec,Media (photo),Pearl,https://www.keplertechllc.com/product/olm-70-olmec-photo-pearl-premium-310gsm/,https://www.keplertechllc.com/wp-content/uploads/2023/06/OLM-70-Olmec-Photo-Pearl-Premium-310gsm.webp,,150.0,"Weight: 310 GSM | Finish: Pearl | Format: roll (44""×25m) | Roll Width: 44.0"" | Inks: aqueous_pigment, aqueous_dye","Compatible with: epson-sc-p9500, epson-sc-p9500-spectro, epson-sc-p8500d, epson-sc-p8500dm, epson-sc-t7700d, epson-sc-t7700dl, epson-sc-t7700dm, epson-sc-p20500",Olmec OLM 70 Olmec Photo Pearl Premium 310gsm - 44''X25 M - Pearl roll media
Media & Paper,OLM 71,OLM 71 Olmec Photo Metallic Gloss 260gsm,Olmec,Media (photo),Metallic Gloss,https://www.keplertechllc.com/product/olm-71-olmec-photo-metallic-gloss-260gsm/,https://www.keplertechllc.com/wp-content/uploads/2023/06/OLM-71-Olmec-Photo-Metallic-Gloss-260gsm.webp,,150.0,"Weight: 260 GSM | Finish: Metallic Gloss | Format: roll () | Roll Width: None"" | Inks: aqueous_pigment, aqueous_dye",Compatible with: ,Olmec OLM 71 Olmec Photo Metallic Gloss 260gsm - Metallic Gloss roll media
Media & Paper,OLM71R24,"OLM 71 Olmec Photo Metallic Gloss 260gsm - 24""X15 M",Olmec,Media (photo),Metallic Gloss,https://www.keplertechllc.com/product/olm-71-olmec-photo-metallic-gloss-260gsm/,https://www.keplertechllc.com/wp-content/uploads/2023/06/OLM-71-Olmec-Photo-Metallic-Gloss-260gsm.webp,,150.0,"Weight: 260 GSM | Finish: Metallic Gloss | Format: roll (24""×15m) | Roll Width: 24.0"" | Inks: aqueous_pigment, aqueous_dye","Compatible with: epson-sc-p7500, epson-sc-p7500-spectro, epson-sc-p6500e, epson-sc-p6500d, epson-sc-t3100, epson-sc-t3700e, epson-sc-t3700d, epson-sc-t5100, epson-sc-t5405, epson-sc-t5700d, epson-sc-t5100m, epson-sc-t5700dm, epson-sc-p9500, epson-sc-p9500-spectro, epson-sc-p8500d, epson-sc-p8500dm, epson-sc-t7700d, epson-sc-t7700dl, epson-sc-t7700dm, epson-sc-p20500","Olmec OLM 71 Olmec Photo Metallic Gloss 260gsm - 24""X15 M - Metallic Gloss roll media"
Media & Paper,OLM71R44,"OLM 71 Olmec Photo Metallic Gloss 260gsm - 44""X15 M",Olmec,Media (photo),Metallic Gloss,https://www.keplertechllc.com/product/olm-71-olmec-photo-metallic-gloss-260gsm/,https://www.keplertechllc.com/wp-content/uploads/2023/06/OLM-71-Olmec-Photo-Metallic-Gloss-260gsm.webp,,150.0,"Weight: 260 GSM | Finish: Metallic Gloss | Format: roll (44""×15m) | Roll Width: 44.0"" | Inks: aqueous_pigment, aqueous_dye","Compatible with: epson-sc-p9500, epson-sc-p9500-spectro, epson-sc-p8500d, epson-sc-p8500dm, epson-sc-t7700d, epson-sc-t7700dl, epson-sc-t7700dm, epson-sc-p20500","Olmec OLM 71 Olmec Photo Metallic Gloss 260gsm - 44""X15 M - Metallic Gloss roll media"
Media & Paper,OLM 72,OLM 72 Olmec Photo Metallic Luster 260gsm,Olmec,Media (photo),Lustre,https://www.keplertechllc.com/product/olm-72-olmec-photo-metallic-lustre-260gsm/,https://www.keplertechllc.com/wp-content/uploads/2023/06/OLM-72-Olmec-Photo-Metallic-Lustre-260gsm.webp,,150.0,"Weight: 260 GSM | Finish: Lustre | Format: roll () | Roll Width: None"" | Inks: aqueous_pigment, aqueous_dye",Compatible with: ,Olmec OLM 72 Olmec Photo Metallic Luster 260gsm - Lustre roll media
Media & Paper,OLM72R24,"OLM 72 Olmec Photo Metallic Luster 260gsm - 24""X30 M",Olmec,Media (photo),Lustre,https://www.keplertechllc.com/product/olm-72-olmec-photo-metallic-lustre-260gsm/,https://www.keplertechllc.com/wp-content/uploads/2023/06/OLM-72-Olmec-Photo-Metallic-Lustre-260gsm.webp,,150.0,"Weight: 260 GSM | Finish: Lustre | Format: roll (24""×30m) | Roll Width: 24.0"" | Inks: aqueous_pigment, aqueous_dye","Compatible with: epson-sc-p7500, epson-sc-p7500-spectro, epson-sc-p6500e, epson-sc-p6500d, epson-sc-t3100, epson-sc-t3700e, epson-sc-t3700d, epson-sc-t5100, epson-sc-t5405, epson-sc-t5700d, epson-sc-t5100m, epson-sc-t5700dm, epson-sc-p9500, epson-sc-p9500-spectro, epson-sc-p8500d, epson-sc-p8500dm, epson-sc-t7700d, epson-sc-t7700dl, epson-sc-t7700dm, epson-sc-p20500","Olmec OLM 72 Olmec Photo Metallic Luster 260gsm - 24""X30 M - Lustre roll media"
Media & Paper,OLM72R44,"OLM 72 Olmec Photo Metallic Luster 260gsm - 44""X30 M",Olmec,Media (photo),Lustre,https://www.keplertechllc.com/product/olm-72-olmec-photo-metallic-lustre-260gsm/,https://www.keplertechllc.com/wp-content/uploads/2023/06/OLM-72-Olmec-Photo-Metallic-Lustre-260gsm.webp,,150.0,"Weight: 260 GSM | Finish: Lustre | Format: roll (44""×30m) | Roll Width: 44.0"" | Inks: aqueous_pigment, aqueous_dye","Compatible with: epson-sc-p9500, epson-sc-p9500-spectro, epson-sc-p8500d, epson-sc-p8500dm, epson-sc-t7700d, epson-sc-t7700dl, epson-sc-t7700dm, epson-sc-p20500","Olmec OLM 72 Olmec Photo Metallic Luster 260gsm - 44""X30 M - Lustre roll media"
Media & Paper,OLM 15,OLM 15 Olmec Fine Art Soft White Cotton 275gsm,Olmec,Media (fine_art),Matte,https://www.keplertechllc.com/product/olm-15-olmec-fine-art-soft-white-cotton-275gsm/,https://www.keplertechllc.com/wp-content/uploads/2023/06/OLM-15-Olmec-Fine-Art-Soft-White-Cotton-275gsm.webp,,320.0,"Weight: 275 GSM | Finish: Matte | Format: roll () | Roll Width: None"" | Inks: aqueous_pigment, aqueous_dye",Compatible with: ,Olmec OLM 15 Olmec Fine Art Soft White Cotton 275gsm - Matte roll media
Media & Paper,OLM15R24,"OLM 15 Olmec Fine Art Soft White Cotton 275gsm - 24""X15 M",Olmec,Media (fine_art),Matte,https://www.keplertechllc.com/product/olm-15-olmec-fine-art-soft-white-cotton-275gsm/,https://www.keplertechllc.com/wp-content/uploads/2023/06/OLM-15-Olmec-Fine-Art-Soft-White-Cotton-275gsm.webp,,320.0,"Weight: 275 GSM | Finish: Matte | Format: roll (24""×15m) | Roll Width: 24.0"" | Inks: aqueous_pigment, aqueous_dye","Compatible with: epson-sc-p7500, epson-sc-p7500-spectro, epson-sc-p6500e, epson-sc-p6500d, epson-sc-t3100, epson-sc-t3700e, epson-sc-t3700d, epson-sc-t5100, epson-sc-t5405, epson-sc-t5700d, epson-sc-t5100m, epson-sc-t5700dm, epson-sc-p9500, epson-sc-p9500-spectro, epson-sc-p8500d, epson-sc-p8500dm, epson-sc-t7700d, epson-sc-t7700dl, epson-sc-t7700dm, epson-sc-p20500","Olmec OLM 15 Olmec Fine Art Soft White Cotton 275gsm - 24""X15 M - Matte roll media"
Media & Paper,OLM15R44,"OLM 15 Olmec Fine Art Soft White Cotton 275gsm - 44""X15 M",Olmec,Media (fine_art),Matte,https://www.keplertechllc.com/product/olm-15-olmec-fine-art-soft-white-cotton-275gsm/,https://www.keplertechllc.com/wp-content/uploads/2023/06/OLM-15-Olmec-Fine-Art-Soft-White-Cotton-275gsm.webp,,320.0,"Weight: 275 GSM | Finish: Matte | Format: roll (44""×15m) | Roll Width: 44.0"" | Inks: aqueous_pigment, aqueous_dye","Compatible with: epson-sc-p9500, epson-sc-p9500-spectro, epson-sc-p8500d, epson-sc-p8500dm, epson-sc-t7700d, epson-sc-t7700dl, epson-sc-t7700dm, epson-sc-p20500","Olmec OLM 15 Olmec Fine Art Soft White Cotton 275gsm - 44""X15 M - Matte roll media"
Media & Paper,KJ-P260PL,Korejet Premium Luster Photo Paper 260GSM,Korejet,Media (photo),Lustre,https://www.keplertechllc.com/product/korejet-premium-luster-photo-paper-260gsm/,https://www.keplertechllc.com/wp-content/uploads/2023/10/Korejet-Papers.webp,,320.0,"Weight: 260 GSM | Finish: Lustre | Format: roll () | Roll Width: None"" | Inks: aqueous_pigment, aqueous_dye",Compatible with: ,Korejet Korejet Premium Luster Photo Paper 260GSM - Lustre roll media
Media & Paper,KJP260PL17,"Korejet Premium Luster Photo Paper 260GSM - 17""X30 M",Korejet,Media (photo),Lustre,https://www.keplertechllc.com/product/korejet-premium-luster-photo-paper-260gsm/,https://www.keplertechllc.com/wp-content/uploads/2023/10/Korejet-Papers.webp,,320.0,"Weight: 260 GSM | Finish: Lustre | Format: roll (17""×30m) | Roll Width: 17.0"" | Inks: aqueous_pigment, aqueous_dye","Compatible with: epson-sc-p900, epson-sc-p900-roll, epson-sc-p5300, epson-sc-p7500, epson-sc-p7500-spectro, epson-sc-p6500e, epson-sc-p6500d, epson-sc-t3100, epson-sc-t3700e, epson-sc-t3700d, epson-sc-t5100, epson-sc-t5405, epson-sc-t5700d, epson-sc-t5100m, epson-sc-t5700dm, epson-sc-p9500, epson-sc-p9500-spectro, epson-sc-p8500d, epson-sc-p8500dm, epson-sc-t7700d, epson-sc-t7700dl, epson-sc-t7700dm, epson-sc-p20500","Korejet Korejet Premium Luster Photo Paper 260GSM - 17""X30 M - Lustre roll media"
Media & Paper,KJP260PL24,"Korejet Premium Luster Photo Paper 260GSM - 24""X30 M",Korejet,Media (photo),Lustre,https://www.keplertechllc.com/product/korejet-premium-luster-photo-paper-260gsm/,https://www.keplertechllc.com/wp-content/uploads/2023/10/Korejet-Papers.webp,,320.0,"Weight: 260 GSM | Finish: Lustre | Format: roll (24""×30m) | Roll Width: 24.0"" | Inks: aqueous_pigment, aqueous_dye","Compatible with: epson-sc-p7500, epson-sc-p7500-spectro, epson-sc-p6500e, epson-sc-p6500d, epson-sc-t3100, epson-sc-t3700e, epson-sc-t3700d, epson-sc-t5100, epson-sc-t5405, epson-sc-t5700d, epson-sc-t5100m, epson-sc-t5700dm, epson-sc-p9500, epson-sc-p9500-spectro, epson-sc-p8500d, epson-sc-p8500dm, epson-sc-t7700d, epson-sc-t7700dl, epson-sc-t7700dm, epson-sc-p20500","Korejet Korejet Premium Luster Photo Paper 260GSM - 24""X30 M - Lustre roll media"
Media & Paper,KJP260PL36,"Korejet Premium Luster Photo Paper 260GSM - 36""X30 M",Korejet,Media (photo),Lustre,https://www.keplertechllc.com/product/korejet-premium-luster-photo-paper-260gsm/,https://www.keplertechllc.com/wp-content/uploads/2023/10/Korejet-Papers.webp,,320.0,"Weight: 260 GSM | Finish: Lustre | Format: roll (36""×30m) | Roll Width: 36.0"" | Inks: aqueous_pigment, aqueous_dye","Compatible with: epson-sc-t5100, epson-sc-t5405, epson-sc-t5700d, epson-sc-t5100m, epson-sc-t5700dm, epson-sc-p9500, epson-sc-p9500-spectro, epson-sc-p8500d, epson-sc-p8500dm, epson-sc-t7700d, epson-sc-t7700dl, epson-sc-t7700dm, epson-sc-p20500","Korejet Korejet Premium Luster Photo Paper 260GSM - 36""X30 M - Lustre roll media"
Media & Paper,KJP260PL44,"Korejet Premium Luster Photo Paper 260GSM - 44""X30 M",Korejet,Media (photo),Lustre,https://www.keplertechllc.com/product/korejet-premium-luster-photo-paper-260gsm/,https://www.keplertechllc.com/wp-content/uploads/2023/10/Korejet-Papers.webp,,320.0,"Weight: 260 GSM | Finish: Lustre | Format: roll (44""×30m) | Roll Width: 44.0"" | Inks: aqueous_pigment, aqueous_dye","Compatible with: epson-sc-p9500, epson-sc-p9500-spectro, epson-sc-p8500d, epson-sc-p8500dm, epson-sc-t7700d, epson-sc-t7700dl, epson-sc-t7700dm, epson-sc-p20500","Korejet Korejet Premium Luster Photo Paper 260GSM - 44""X30 M - Lustre roll media"
Media & Paper,KJP260PL60,"Korejet Premium Luster Photo Paper 260GSM - 60""X30 M",Korejet,Media (photo),Lustre,https://www.keplertechllc.com/product/korejet-premium-luster-photo-paper-260gsm/,https://www.keplertechllc.com/wp-content/uploads/2023/10/Korejet-Papers.webp,,320.0,"Weight: 260 GSM | Finish: Lustre | Format: roll (60""×30m) | Roll Width: 60.0"" | Inks: aqueous_pigment, aqueous_dye",Compatible with: epson-sc-p20500,"Korejet Korejet Premium Luster Photo Paper 260GSM - 60""X30 M - Lustre roll media"
Media & Paper,KJ-P260PG,Korejet Premium Glossy Photo Paper 260 gsm,Korejet,Media (photo),Glossy,https://www.keplertechllc.com/product/korejet-premium-glossy-photo-paper-260-gsm/,https://www.keplertechllc.com/wp-content/uploads/2023/10/Korejet-Papers.webp,,320.0,"Weight: 260 GSM | Finish: Glossy | Format: roll () | Roll Width: None"" | Inks: aqueous_pigment, aqueous_dye",Compatible with: ,Korejet Korejet Premium Glossy Photo Paper 260 gsm - Glossy roll media
Media & Paper,KJ-P260PG17,"Korejet Premium Glossy Photo Paper 260 gsm - 17""X30 M",Korejet,Media (photo),Glossy,https://www.keplertechllc.com/product/korejet-premium-glossy-photo-paper-260-gsm/,https://www.keplertechllc.com/wp-content/uploads/2023/10/Korejet-Papers.webp,,320.0,"Weight: 260 GSM | Finish: Glossy | Format: roll (17""×30m) | Roll Width: 17.0"" | Inks: aqueous_pigment, aqueous_dye","Compatible with: epson-sc-p900, epson-sc-p900-roll, epson-sc-p5300, epson-sc-p7500, epson-sc-p7500-spectro, epson-sc-p6500e, epson-sc-p6500d, epson-sc-t3100, epson-sc-t3700e, epson-sc-t3700d, epson-sc-t5100, epson-sc-t5405, epson-sc-t5700d, epson-sc-t5100m, epson-sc-t5700dm, epson-sc-p9500, epson-sc-p9500-spectro, epson-sc-p8500d, epson-sc-p8500dm, epson-sc-t7700d, epson-sc-t7700dl, epson-sc-t7700dm, epson-sc-p20500","Korejet Korejet Premium Glossy Photo Paper 260 gsm - 17""X30 M - Glossy roll media"
Media & Paper,KJ-P260PG24,Korejet Premium Glossy Photo Paper 260 gsm - 24''X50M,Korejet,Media (photo),Glossy,https://www.keplertechllc.com/product/korejet-premium-glossy-photo-paper-260-gsm/,https://www.keplertechllc.com/wp-content/uploads/2023/10/Korejet-Papers.webp,,320.0,"Weight: 260 GSM | Finish: Glossy | Format: roll (24""×50m) | Roll Width: 24.0"" | Inks: aqueous_pigment, aqueous_dye","Compatible with: epson-sc-p7500, epson-sc-p7500-spectro, epson-sc-p6500e, epson-sc-p6500d, epson-sc-t3100, epson-sc-t3700e, epson-sc-t3700d, epson-sc-t5100, epson-sc-t5405, epson-sc-t5700d, epson-sc-t5100m, epson-sc-t5700dm, epson-sc-p9500, epson-sc-p9500-spectro, epson-sc-p8500d, epson-sc-p8500dm, epson-sc-t7700d, epson-sc-t7700dl, epson-sc-t7700dm, epson-sc-p20500",Korejet Korejet Premium Glossy Photo Paper 260 gsm - 24''X50M - Glossy roll media
Media & Paper,KJ-P260PG36,"Korejet Premium Glossy Photo Paper 260 gsm - 36""X30 M",Korejet,Media (photo),Glossy,https://www.keplertechllc.com/product/korejet-premium-glossy-photo-paper-260-gsm/,https://www.keplertechllc.com/wp-content/uploads/2023/10/Korejet-Papers.webp,,320.0,"Weight: 260 GSM | Finish: Glossy | Format: roll (36""×30m) | Roll Width: 36.0"" | Inks: aqueous_pigment, aqueous_dye","Compatible with: epson-sc-t5100, epson-sc-t5405, epson-sc-t5700d, epson-sc-t5100m, epson-sc-t5700dm, epson-sc-p9500, epson-sc-p9500-spectro, epson-sc-p8500d, epson-sc-p8500dm, epson-sc-t7700d, epson-sc-t7700dl, epson-sc-t7700dm, epson-sc-p20500","Korejet Korejet Premium Glossy Photo Paper 260 gsm - 36""X30 M - Glossy roll media"
Media & Paper,KJ-P260PG44,"Korejet Premium Glossy Photo Paper 260 gsm - 44""X30 M",Korejet,Media (photo),Glossy,https://www.keplertechllc.com/product/korejet-premium-glossy-photo-paper-260-gsm/,https://www.keplertechllc.com/wp-content/uploads/2023/10/Korejet-Papers.webp,,320.0,"Weight: 260 GSM | Finish: Glossy | Format: roll (44""×30m) | Roll Width: 44.0"" | Inks: aqueous_pigment, aqueous_dye","Compatible with: epson-sc-p9500, epson-sc-p9500-spectro, epson-sc-p8500d, epson-sc-p8500dm, epson-sc-t7700d, epson-sc-t7700dl, epson-sc-t7700dm, epson-sc-p20500","Korejet Korejet Premium Glossy Photo Paper 260 gsm - 44""X30 M - Glossy roll media"
Media & Paper,KJ-P260PG60,"Korejet Premium Glossy Photo Paper 260 gsm - 60""X30 M",Korejet,Media (photo),Glossy,https://www.keplertechllc.com/product/korejet-premium-glossy-photo-paper-260-gsm/,https://www.keplertechllc.com/wp-content/uploads/2023/10/Korejet-Papers.webp,,320.0,"Weight: 260 GSM | Finish: Glossy | Format: roll (60""×30m) | Roll Width: 60.0"" | Inks: aqueous_pigment, aqueous_dye",Compatible with: epson-sc-p20500,"Korejet Korejet Premium Glossy Photo Paper 260 gsm - 60""X30 M - Glossy roll media"
Media & Paper,KJP250PLXDL,Korejet Pro Luster Dry Lab Photo Paper 250 gsm,Korejet,Media (photo),Lustre,https://www.keplertechllc.com/product/korejet-pro-luster-large-format-photo-paper-250-gsm/,https://www.keplertechllc.com/wp-content/uploads/2023/10/Korejet-Papers.webp,,320.0,"Weight: 250 GSM | Finish: Lustre | Format: roll () | Roll Width: None"" | Inks: aqueous_pigment, aqueous_dye",Compatible with: ,Korejet Korejet Pro Luster Dry Lab Photo Paper 250 gsm - Lustre roll media
Media & Paper,KJP250PL12DL,"Korejet Pro Luster Dry Lab Photo Paper 250 gsm - 12""X65 M",Korejet,Media (photo),Lustre,https://www.keplertechllc.com/product/korejet-pro-luster-large-format-photo-paper-250-gsm/,https://www.keplertechllc.com/wp-content/uploads/2023/10/Korejet-Papers.webp,,320.0,"Weight: 250 GSM | Finish: Lustre | Format: roll (12""×65m) | Roll Width: 12.0"" | Inks: aqueous_pigment, aqueous_dye","Compatible with: epson-sc-p700, epson-sc-p900, epson-sc-p900-roll, epson-sc-p5300, epson-sc-p7500, epson-sc-p7500-spectro, epson-sc-p6500e, epson-sc-p6500d, epson-sc-t3100, epson-sc-t3700e, epson-sc-t3700d, epson-sc-t5100, epson-sc-t5405, epson-sc-t5700d, epson-sc-t5100m, epson-sc-t5700dm, epson-sc-p9500, epson-sc-p9500-spectro, epson-sc-p8500d, epson-sc-p8500dm, epson-sc-t7700d, epson-sc-t7700dl, epson-sc-t7700dm, epson-sc-p20500","Korejet Korejet Pro Luster Dry Lab Photo Paper 250 gsm - 12""X65 M - Lustre roll media"
Media & Paper,KJP250PL5DL,"Korejet Pro Luster Dry Lab Photo Paper 250 gsm - 5""X65 M",Korejet,Media (photo),Lustre,https://www.keplertechllc.com/product/korejet-pro-luster-large-format-photo-paper-250-gsm/,https://www.keplertechllc.com/wp-content/uploads/2023/10/Korejet-Papers.webp,,320.0,"Weight: 250 GSM | Finish: Lustre | Format: roll (5""×65m) | Roll Width: 5.0"" | Inks: aqueous_pigment, aqueous_dye","Compatible with: epson-sc-p700, epson-sc-p900, epson-sc-p900-roll, epson-sc-p5300, epson-sc-p7500, epson-sc-p7500-spectro, epson-sc-p6500e, epson-sc-p6500d, epson-sc-t3100, epson-sc-t3700e, epson-sc-t3700d, epson-sc-t5100, epson-sc-t5405, epson-sc-t5700d, epson-sc-t5100m, epson-sc-t5700dm, epson-sc-p9500, epson-sc-p9500-spectro, epson-sc-p8500d, epson-sc-p8500dm, epson-sc-t7700d, epson-sc-t7700dl, epson-sc-t7700dm, epson-sc-p20500","Korejet Korejet Pro Luster Dry Lab Photo Paper 250 gsm - 5""X65 M - Lustre roll media"
Media & Paper,KJP250PL6DL,"Korejet Pro Luster Dry Lab Photo Paper 250 gsm - 6""X65 M",Korejet,Media (photo),Lustre,https://www.keplertechllc.com/product/korejet-pro-luster-large-format-photo-paper-250-gsm/,https://www.keplertechllc.com/wp-content/uploads/2023/10/Korejet-Papers.webp,,320.0,"Weight: 250 GSM | Finish: Lustre | Format: roll (6""×65m) | Roll Width: 6.0"" | Inks: aqueous_pigment, aqueous_dye","Compatible with: epson-sc-p700, epson-sc-p900, epson-sc-p900-roll, epson-sc-p5300, epson-sc-p7500, epson-sc-p7500-spectro, epson-sc-p6500e, epson-sc-p6500d, epson-sc-t3100, epson-sc-t3700e, epson-sc-t3700d, epson-sc-t5100, epson-sc-t5405, epson-sc-t5700d, epson-sc-t5100m, epson-sc-t5700dm, epson-sc-p9500, epson-sc-p9500-spectro, epson-sc-p8500d, epson-sc-p8500dm, epson-sc-t7700d, epson-sc-t7700dl, epson-sc-t7700dm, epson-sc-p20500","Korejet Korejet Pro Luster Dry Lab Photo Paper 250 gsm - 6""X65 M - Lustre roll media"
Media & Paper,KJP250PL8DL,"Korejet Pro Luster Dry Lab Photo Paper 250 gsm - 8""X65 M",Korejet,Media (photo),Lustre,https://www.keplertechllc.com/product/korejet-pro-luster-large-format-photo-paper-250-gsm/,https://www.keplertechllc.com/wp-content/uploads/2023/10/Korejet-Papers.webp,,320.0,"Weight: 250 GSM | Finish: Lustre | Format: roll (8""×65m) | Roll Width: 8.0"" | Inks: aqueous_pigment, aqueous_dye","Compatible with: epson-sc-p700, epson-sc-p900, epson-sc-p900-roll, epson-sc-p5300, epson-sc-p7500, epson-sc-p7500-spectro, epson-sc-p6500e, epson-sc-p6500d, epson-sc-t3100, epson-sc-t3700e, epson-sc-t3700d, epson-sc-t5100, epson-sc-t5405, epson-sc-t5700d, epson-sc-t5100m, epson-sc-t5700dm, epson-sc-p9500, epson-sc-p9500-spectro, epson-sc-p8500d, epson-sc-p8500dm, epson-sc-t7700d, epson-sc-t7700dl, epson-sc-t7700dm, epson-sc-p20500","Korejet Korejet Pro Luster Dry Lab Photo Paper 250 gsm - 8""X65 M - Lustre roll media"
Media & Paper,KJP260MG,Korejet Metallic Gloss Photo Paper 260 GSM,Korejet,Media (photo),Metallic Gloss,https://www.keplertechllc.com/product/korejet-metallic-gloss-photo-paper-260-gsm/,https://www.keplertechllc.com/wp-content/uploads/2023/10/Korejet-Papers.webp,,320.0,"Weight: 260 GSM | Finish: Metallic Gloss | Format: roll () | Roll Width: None"" | Inks: aqueous_pigment, aqueous_dye",Compatible with: ,Korejet Korejet Metallic Gloss Photo Paper 260 GSM - Metallic Gloss roll media
Media & Paper,KJP260MG24,"Korejet Metallic Gloss Photo Paper 260 GSM - 24""X30 M",Korejet,Media (photo),Metallic Gloss,https://www.keplertechllc.com/product/korejet-metallic-gloss-photo-paper-260-gsm/,https://www.keplertechllc.com/wp-content/uploads/2023/10/Korejet-Papers.webp,,320.0,"Weight: 260 GSM | Finish: Metallic Gloss | Format: roll (24""×30m) | Roll Width: 24.0"" | Inks: aqueous_pigment, aqueous_dye","Compatible with: epson-sc-p7500, epson-sc-p7500-spectro, epson-sc-p6500e, epson-sc-p6500d, epson-sc-t3100, epson-sc-t3700e, epson-sc-t3700d, epson-sc-t5100, epson-sc-t5405, epson-sc-t5700d, epson-sc-t5100m, epson-sc-t5700dm, epson-sc-p9500, epson-sc-p9500-spectro, epson-sc-p8500d, epson-sc-p8500dm, epson-sc-t7700d, epson-sc-t7700dl, epson-sc-t7700dm, epson-sc-p20500","Korejet Korejet Metallic Gloss Photo Paper 260 GSM - 24""X30 M - Metallic Gloss roll media"
Media & Paper,KJP260MG44,"Korejet Metallic Gloss Photo Paper 260 GSM - 44""X30 M",Korejet,Media (photo),Metallic Gloss,https://www.keplertechllc.com/product/korejet-metallic-gloss-photo-paper-260-gsm/,https://www.keplertechllc.com/wp-content/uploads/2023/10/Korejet-Papers.webp,,320.0,"Weight: 260 GSM | Finish: Metallic Gloss | Format: roll (44""×30m) | Roll Width: 44.0"" | Inks: aqueous_pigment, aqueous_dye","Compatible with: epson-sc-p9500, epson-sc-p9500-spectro, epson-sc-p8500d, epson-sc-p8500dm, epson-sc-t7700d, epson-sc-t7700dl, epson-sc-t7700dm, epson-sc-p20500","Korejet Korejet Metallic Gloss Photo Paper 260 GSM - 44""X30 M - Metallic Gloss roll media"
Media & Paper,KJC210AM,Korejet Archival Matte Fine Art Paper 210 GSM,Korejet,Media (fine_art),Matte,https://www.keplertechllc.com/product/korejet-archival-matte-fine-art-paper-210-gsm/,https://www.keplertechllc.com/wp-content/uploads/2023/10/Korejet-Papers.webp,,320.0,"Weight: 210 GSM | Finish: Matte | Format: roll () | Roll Width: None"" | Inks: aqueous_pigment, aqueous_dye",Compatible with: ,Korejet Korejet Archival Matte Fine Art Paper 210 GSM - Matte roll media
Media & Paper,KJC-210AM24,"Korejet Archival Matte Fine Art Paper 210 GSM - 24""X30 M",Korejet,Media (fine_art),Matte,https://www.keplertechllc.com/product/korejet-archival-matte-fine-art-paper-210-gsm/,https://www.keplertechllc.com/wp-content/uploads/2023/10/Korejet-Papers.webp,,320.0,"Weight: 210 GSM | Finish: Matte | Format: roll (24""×30m) | Roll Width: 24.0"" | Inks: aqueous_pigment, aqueous_dye","Compatible with: epson-sc-p7500, epson-sc-p7500-spectro, epson-sc-p6500e, epson-sc-p6500d, epson-sc-t3100, epson-sc-t3700e, epson-sc-t3700d, epson-sc-t5100, epson-sc-t5405, epson-sc-t5700d, epson-sc-t5100m, epson-sc-t5700dm, epson-sc-p9500, epson-sc-p9500-spectro, epson-sc-p8500d, epson-sc-p8500dm, epson-sc-t7700d, epson-sc-t7700dl, epson-sc-t7700dm, epson-sc-p20500","Korejet Korejet Archival Matte Fine Art Paper 210 GSM - 24""X30 M - Matte roll media"
Media & Paper,KJC-210AM44,"Korejet Archival Matte Fine Art Paper 210 GSM - 44""X30 M",Korejet,Media (fine_art),Matte,https://www.keplertechllc.com/product/korejet-archival-matte-fine-art-paper-210-gsm/,https://www.keplertechllc.com/wp-content/uploads/2023/10/Korejet-Papers.webp,,320.0,"Weight: 210 GSM | Finish: Matte | Format: roll (44""×30m) | Roll Width: 44.0"" | Inks: aqueous_pigment, aqueous_dye","Compatible with: epson-sc-p9500, epson-sc-p9500-spectro, epson-sc-p8500d, epson-sc-p8500dm, epson-sc-t7700d, epson-sc-t7700dl, epson-sc-t7700dm, epson-sc-p20500","Korejet Korejet Archival Matte Fine Art Paper 210 GSM - 44""X30 M - Matte roll media"
Media & Paper,KJC390ES,Korejet Eco-Solvent Polycotton Inkjet Matte Canvas 390 GSM,Korejet,Media (signage),Matte Canvas,https://www.keplertechllc.com/product/korejet-polycotton-inkjet-matte-canvas-390-gsm/,https://www.keplertechllc.com/wp-content/uploads/2023/10/Korejet-Papers.webp,,220.0,"Weight: 390 GSM | Finish: Matte Canvas | Format: roll () | Roll Width: None"" | Inks: eco_solvent, latex, uv",Compatible with: ,Korejet Korejet Eco-Solvent Polycotton Inkjet Matte Canvas 390 GSM - Matte Canvas roll media
Media & Paper,KJC390ES60,"Korejet Eco-Solvent Polycotton Inkjet Matte Canvas 390 GSM - 60""X25 M",Korejet,Media (signage),Matte Canvas,https://www.keplertechllc.com/product/korejet-polycotton-inkjet-matte-canvas-390-gsm/,https://www.keplertechllc.com/wp-content/uploads/2023/10/Korejet-Papers.webp,,220.0,"Weight: 390 GSM | Finish: Matte Canvas | Format: roll (60""×25m) | Roll Width: 60.0"" | Inks: eco_solvent, latex, uv",Compatible with: ,"Korejet Korejet Eco-Solvent Polycotton Inkjet Matte Canvas 390 GSM - 60""X25 M - Matte Canvas roll media"
Media & Paper,KJC390AXXS,Korejet Artistic Polycotton Canvas Satin 390 GSM,Korejet,Media (canvas),Satin,https://www.keplertechllc.com/product/korejet-artistic-polycotton-canvas-matte-390-gsm/,https://www.keplertechllc.com/wp-content/uploads/2023/10/Korejet-Papers.webp,,320.0,"Weight: 390 GSM | Finish: Satin | Format: roll () | Roll Width: None"" | Inks: aqueous_pigment, aqueous_dye",Compatible with: ,Korejet Korejet Artistic Polycotton Canvas Satin 390 GSM - Satin roll media
Media & Paper,KJ-C370CXXM,Korejet Classic Pure Cotton Canvas Matte 370 GSM,Korejet,Media (canvas),Matte Canvas,https://www.keplertechllc.com/product/korejet-classic-pure-cotton-canvas-matte-370-gsm/,https://www.keplertechllc.com/wp-content/uploads/2023/10/Korejet-Papers.webp,,320.0,"Weight: 370 GSM | Finish: Matte Canvas | Format: roll () | Roll Width: None"" | Inks: aqueous_pigment, aqueous_dye",Compatible with: ,Korejet Korejet Classic Pure Cotton Canvas Matte 370 GSM - Matte Canvas roll media
Media & Paper,KJ-C390AXXM,Korejet Artistic Polycotton Canvas Matte 390 GSM,Korejet,Media (canvas),Matte Canvas,https://www.keplertechllc.com/product/korejet-artistic-polycotton-canvas-matte-390-gsm/,https://www.keplertechllc.com/wp-content/uploads/2023/10/Korejet-Papers.webp,,320.0,"Weight: 390 GSM | Finish: Matte Canvas | Format: roll () | Roll Width: None"" | Inks: aqueous_pigment, aqueous_dye",Compatible with: ,Korejet Korejet Artistic Polycotton Canvas Matte 390 GSM - Matte Canvas roll media
Media & Paper,KJ-C390A17M,"Korejet Artistic Polycotton Canvas Matte 390 GSM - 17""X15 M",Korejet,Media (canvas),Matte Canvas,https://www.keplertechllc.com/product/korejet-artistic-polycotton-canvas-matte-390-gsm/,https://www.keplertechllc.com/wp-content/uploads/2023/10/Korejet-Papers.webp,,320.0,"Weight: 390 GSM | Finish: Matte Canvas | Format: roll (17""×15m) | Roll Width: 17.0"" | Inks: aqueous_pigment, aqueous_dye","Compatible with: epson-sc-p900, epson-sc-p900-roll, epson-sc-p5300, epson-sc-p7500, epson-sc-p7500-spectro, epson-sc-p6500e, epson-sc-p6500d, epson-sc-t3100, epson-sc-t3700e, epson-sc-t3700d, epson-sc-t5100, epson-sc-t5405, epson-sc-t5700d, epson-sc-t5100m, epson-sc-t5700dm, epson-sc-p9500, epson-sc-p9500-spectro, epson-sc-p8500d, epson-sc-p8500dm, epson-sc-t7700d, epson-sc-t7700dl, epson-sc-t7700dm, epson-sc-p20500","Korejet Korejet Artistic Polycotton Canvas Matte 390 GSM - 17""X15 M - Matte Canvas roll media"
Media & Paper,KJ-C390A24M,"Korejet Artistic Polycotton Canvas Matte 390 GSM - 24""X15 M",Korejet,Media (canvas),Matte Canvas,https://www.keplertechllc.com/product/korejet-artistic-polycotton-canvas-matte-390-gsm/,https://www.keplertechllc.com/wp-content/uploads/2023/10/Korejet-Papers.webp,,320.0,"Weight: 390 GSM | Finish: Matte Canvas | Format: roll (24""×15m) | Roll Width: 24.0"" | Inks: aqueous_pigment, aqueous_dye","Compatible with: epson-sc-p7500, epson-sc-p7500-spectro, epson-sc-p6500e, epson-sc-p6500d, epson-sc-t3100, epson-sc-t3700e, epson-sc-t3700d, epson-sc-t5100, epson-sc-t5405, epson-sc-t5700d, epson-sc-t5100m, epson-sc-t5700dm, epson-sc-p9500, epson-sc-p9500-spectro, epson-sc-p8500d, epson-sc-p8500dm, epson-sc-t7700d, epson-sc-t7700dl, epson-sc-t7700dm, epson-sc-p20500","Korejet Korejet Artistic Polycotton Canvas Matte 390 GSM - 24""X15 M - Matte Canvas roll media"
Media & Paper,KJ-C390A36M,"Korejet Artistic Polycotton Canvas Matte 390 GSM - 36""X15 M",Korejet,Media (canvas),Matte Canvas,https://www.keplertechllc.com/product/korejet-artistic-polycotton-canvas-matte-390-gsm/,https://www.keplertechllc.com/wp-content/uploads/2023/10/Korejet-Papers.webp,,320.0,"Weight: 390 GSM | Finish: Matte Canvas | Format: roll (36""×15m) | Roll Width: 36.0"" | Inks: aqueous_pigment, aqueous_dye","Compatible with: epson-sc-t5100, epson-sc-t5405, epson-sc-t5700d, epson-sc-t5100m, epson-sc-t5700dm, epson-sc-p9500, epson-sc-p9500-spectro, epson-sc-p8500d, epson-sc-p8500dm, epson-sc-t7700d, epson-sc-t7700dl, epson-sc-t7700dm, epson-sc-p20500","Korejet Korejet Artistic Polycotton Canvas Matte 390 GSM - 36""X15 M - Matte Canvas roll media"
Media & Paper,KJ-C390A44M,"Korejet Artistic Polycotton Canvas Matte 390 GSM - 44""X15 M",Korejet,Media (canvas),Matte Canvas,https://www.keplertechllc.com/product/korejet-artistic-polycotton-canvas-matte-390-gsm/,https://www.keplertechllc.com/wp-content/uploads/2023/10/Korejet-Papers.webp,,320.0,"Weight: 390 GSM | Finish: Matte Canvas | Format: roll (44""×15m) | Roll Width: 44.0"" | Inks: aqueous_pigment, aqueous_dye","Compatible with: epson-sc-p9500, epson-sc-p9500-spectro, epson-sc-p8500d, epson-sc-p8500dm, epson-sc-t7700d, epson-sc-t7700dl, epson-sc-t7700dm, epson-sc-p20500","Korejet Korejet Artistic Polycotton Canvas Matte 390 GSM - 44""X15 M - Matte Canvas roll media"
Media & Paper,KJ-C390A60M,"Korejet Artistic Polycotton Canvas Matte 390 GSM - 60""X15 M",Korejet,Media (canvas),Matte Canvas,https://www.keplertechllc.com/product/korejet-artistic-polycotton-canvas-matte-390-gsm/,https://www.keplertechllc.com/wp-content/uploads/2023/10/Korejet-Papers.webp,,320.0,"Weight: 390 GSM | Finish: Matte Canvas | Format: roll (60""×15m) | Roll Width: 60.0"" | Inks: aqueous_pigment, aqueous_dye",Compatible with: epson-sc-p20500,"Korejet Korejet Artistic Polycotton Canvas Matte 390 GSM - 60""X15 M - Matte Canvas roll media"
Media & Paper,KJP250PLXX,Korejet Pro Luster Large Format Photo Paper 250 GSM,Korejet,Media (photo),Lustre,https://www.keplertechllc.com/product/korejet-pro-luster-large-format-photo-paper-250-gsm/,https://www.keplertechllc.com/wp-content/uploads/2023/10/Korejet-Papers.webp,,320.0,"Weight: 250 GSM | Finish: Lustre | Format: roll () | Roll Width: None"" | Inks: aqueous_pigment, aqueous_dye",Compatible with: ,Korejet Korejet Pro Luster Large Format Photo Paper 250 GSM - Lustre roll media
Media & Paper,KJP250PL12,"Korejet Pro Luster Large Format Photo Paper 250 GSM - 12""X30 M",Korejet,Media (photo),Lustre,https://www.keplertechllc.com/product/korejet-pro-luster-large-format-photo-paper-250-gsm/,https://www.keplertechllc.com/wp-content/uploads/2023/10/Korejet-Papers.webp,,320.0,"Weight: 250 GSM | Finish: Lustre | Format: roll (12""×30m) | Roll Width: 12.0"" | Inks: aqueous_pigment, aqueous_dye","Compatible with: epson-sc-p700, epson-sc-p900, epson-sc-p900-roll, epson-sc-p5300, epson-sc-p7500, epson-sc-p7500-spectro, epson-sc-p6500e, epson-sc-p6500d, epson-sc-t3100, epson-sc-t3700e, epson-sc-t3700d, epson-sc-t5100, epson-sc-t5405, epson-sc-t5700d, epson-sc-t5100m, epson-sc-t5700dm, epson-sc-p9500, epson-sc-p9500-spectro, epson-sc-p8500d, epson-sc-p8500dm, epson-sc-t7700d, epson-sc-t7700dl, epson-sc-t7700dm, epson-sc-p20500","Korejet Korejet Pro Luster Large Format Photo Paper 250 GSM - 12""X30 M - Lustre roll media"
Media & Paper,KJP250PL17,"Korejet Pro Luster Large Format Photo Paper 250 GSM - 17""X30 M",Korejet,Media (photo),Lustre,https://www.keplertechllc.com/product/korejet-pro-luster-large-format-photo-paper-250-gsm/,https://www.keplertechllc.com/wp-content/uploads/2023/10/Korejet-Papers.webp,,320.0,"Weight: 250 GSM | Finish: Lustre | Format: roll (17""×30m) | Roll Width: 17.0"" | Inks: aqueous_pigment, aqueous_dye","Compatible with: epson-sc-p900, epson-sc-p900-roll, epson-sc-p5300, epson-sc-p7500, epson-sc-p7500-spectro, epson-sc-p6500e, epson-sc-p6500d, epson-sc-t3100, epson-sc-t3700e, epson-sc-t3700d, epson-sc-t5100, epson-sc-t5405, epson-sc-t5700d, epson-sc-t5100m, epson-sc-t5700dm, epson-sc-p9500, epson-sc-p9500-spectro, epson-sc-p8500d, epson-sc-p8500dm, epson-sc-t7700d, epson-sc-t7700dl, epson-sc-t7700dm, epson-sc-p20500","Korejet Korejet Pro Luster Large Format Photo Paper 250 GSM - 17""X30 M - Lustre roll media"
Media & Paper,KJP250PL24,"Korejet Pro Luster Large Format Photo Paper 250 GSM - 24""X30 M",Korejet,Media (photo),Lustre,https://www.keplertechllc.com/product/korejet-pro-luster-large-format-photo-paper-250-gsm/,https://www.keplertechllc.com/wp-content/uploads/2023/10/Korejet-Papers.webp,,320.0,"Weight: 250 GSM | Finish: Lustre | Format: roll (24""×30m) | Roll Width: 24.0"" | Inks: aqueous_pigment, aqueous_dye","Compatible with: epson-sc-p7500, epson-sc-p7500-spectro, epson-sc-p6500e, epson-sc-p6500d, epson-sc-t3100, epson-sc-t3700e, epson-sc-t3700d, epson-sc-t5100, epson-sc-t5405, epson-sc-t5700d, epson-sc-t5100m, epson-sc-t5700dm, epson-sc-p9500, epson-sc-p9500-spectro, epson-sc-p8500d, epson-sc-p8500dm, epson-sc-t7700d, epson-sc-t7700dl, epson-sc-t7700dm, epson-sc-p20500","Korejet Korejet Pro Luster Large Format Photo Paper 250 GSM - 24""X30 M - Lustre roll media"
Media & Paper,KJP250PL36,"Korejet Pro Luster Large Format Photo Paper 250 GSM - 36""X30 M",Korejet,Media (photo),Lustre,https://www.keplertechllc.com/product/korejet-pro-luster-large-format-photo-paper-250-gsm/,https://www.keplertechllc.com/wp-content/uploads/2023/10/Korejet-Papers.webp,,320.0,"Weight: 250 GSM | Finish: Lustre | Format: roll (36""×30m) | Roll Width: 36.0"" | Inks: aqueous_pigment, aqueous_dye","Compatible with: epson-sc-t5100, epson-sc-t5405, epson-sc-t5700d, epson-sc-t5100m, epson-sc-t5700dm, epson-sc-p9500, epson-sc-p9500-spectro, epson-sc-p8500d, epson-sc-p8500dm, epson-sc-t7700d, epson-sc-t7700dl, epson-sc-t7700dm, epson-sc-p20500","Korejet Korejet Pro Luster Large Format Photo Paper 250 GSM - 36""X30 M - Lustre roll media"
Media & Paper,KJP250PL44,"Korejet Pro Luster Large Format Photo Paper 250 GSM - 44""X30 M",Korejet,Media (photo),Lustre,https://www.keplertechllc.com/product/korejet-pro-luster-large-format-photo-paper-250-gsm/,https://www.keplertechllc.com/wp-content/uploads/2023/10/Korejet-Papers.webp,,320.0,"Weight: 250 GSM | Finish: Lustre | Format: roll (44""×30m) | Roll Width: 44.0"" | Inks: aqueous_pigment, aqueous_dye","Compatible with: epson-sc-p9500, epson-sc-p9500-spectro, epson-sc-p8500d, epson-sc-p8500dm, epson-sc-t7700d, epson-sc-t7700dl, epson-sc-t7700dm, epson-sc-p20500","Korejet Korejet Pro Luster Large Format Photo Paper 250 GSM - 44""X30 M - Lustre roll media"
Media & Paper,KJP250PL60,"Korejet Pro Luster Large Format Photo Paper 250 GSM - 60""X30 M",Korejet,Media (photo),Lustre,https://www.keplertechllc.com/product/korejet-pro-luster-large-format-photo-paper-250-gsm/,https://www.keplertechllc.com/wp-content/uploads/2023/10/Korejet-Papers.webp,,320.0,"Weight: 250 GSM | Finish: Lustre | Format: roll (60""×30m) | Roll Width: 60.0"" | Inks: aqueous_pigment, aqueous_dye",Compatible with: epson-sc-p20500,"Korejet Korejet Pro Luster Large Format Photo Paper 250 GSM - 60""X30 M - Lustre roll media"
Media & Paper,KJP260PL12,"Korejet Premium Luster Photo Paper 260GSM - 12""X30 M",Korejet,Media (photo),Lustre,https://www.keplertechllc.com/product/korejet-premium-luster-photo-paper-260gsm/,https://www.keplertechllc.com/wp-content/uploads/2023/10/Korejet-Papers.webp,,320.0,"Weight: 260 GSM | Finish: Lustre | Format: roll (12""×30m) | Roll Width: 12.0"" | Inks: aqueous_pigment, aqueous_dye","Compatible with: epson-sc-p700, epson-sc-p900, epson-sc-p900-roll, epson-sc-p5300, epson-sc-p7500, epson-sc-p7500-spectro, epson-sc-p6500e, epson-sc-p6500d, epson-sc-t3100, epson-sc-t3700e, epson-sc-t3700d, epson-sc-t5100, epson-sc-t5405, epson-sc-t5700d, epson-sc-t5100m, epson-sc-t5700dm, epson-sc-p9500, epson-sc-p9500-spectro, epson-sc-p8500d, epson-sc-p8500dm, epson-sc-t7700d, epson-sc-t7700dl, epson-sc-t7700dm, epson-sc-p20500","Korejet Korejet Premium Luster Photo Paper 260GSM - 12""X30 M - Lustre roll media"
Media & Paper,KJC390A17S,"Korejet Artistic Polycotton Canvas Satin 390 GSM - 17""X15 M",Korejet,Media (canvas),Satin,https://www.keplertechllc.com/product/korejet-artistic-polycotton-canvas-matte-390-gsm/,https://www.keplertechllc.com/wp-content/uploads/2023/10/Korejet-Papers.webp,,320.0,"Weight: 390 GSM | Finish: Satin | Format: roll (17""×15m) | Roll Width: 17.0"" | Inks: aqueous_pigment, aqueous_dye","Compatible with: epson-sc-p900, epson-sc-p900-roll, epson-sc-p5300, epson-sc-p7500, epson-sc-p7500-spectro, epson-sc-p6500e, epson-sc-p6500d, epson-sc-t3100, epson-sc-t3700e, epson-sc-t3700d, epson-sc-t5100, epson-sc-t5405, epson-sc-t5700d, epson-sc-t5100m, epson-sc-t5700dm, epson-sc-p9500, epson-sc-p9500-spectro, epson-sc-p8500d, epson-sc-p8500dm, epson-sc-t7700d, epson-sc-t7700dl, epson-sc-t7700dm, epson-sc-p20500","Korejet Korejet Artistic Polycotton Canvas Satin 390 GSM - 17""X15 M - Satin roll media"
Media & Paper,KJC390A24S,"Korejet Artistic Polycotton Canvas Satin 390 GSM - 24""X15 M",Korejet,Media (canvas),Satin,https://www.keplertechllc.com/product/korejet-artistic-polycotton-canvas-matte-390-gsm/,https://www.keplertechllc.com/wp-content/uploads/2023/10/Korejet-Papers.webp,,320.0,"Weight: 390 GSM | Finish: Satin | Format: roll (24""×15m) | Roll Width: 24.0"" | Inks: aqueous_pigment, aqueous_dye","Compatible with: epson-sc-p7500, epson-sc-p7500-spectro, epson-sc-p6500e, epson-sc-p6500d, epson-sc-t3100, epson-sc-t3700e, epson-sc-t3700d, epson-sc-t5100, epson-sc-t5405, epson-sc-t5700d, epson-sc-t5100m, epson-sc-t5700dm, epson-sc-p9500, epson-sc-p9500-spectro, epson-sc-p8500d, epson-sc-p8500dm, epson-sc-t7700d, epson-sc-t7700dl, epson-sc-t7700dm, epson-sc-p20500","Korejet Korejet Artistic Polycotton Canvas Satin 390 GSM - 24""X15 M - Satin roll media"
Media & Paper,KJC390A44S,"Korejet Artistic Polycotton Canvas Satin 390 GSM - 44""X15 M",Korejet,Media (canvas),Satin,https://www.keplertechllc.com/product/korejet-artistic-polycotton-canvas-matte-390-gsm/,https://www.keplertechllc.com/wp-content/uploads/2023/10/Korejet-Papers.webp,,320.0,"Weight: 390 GSM | Finish: Satin | Format: roll (44""×15m) | Roll Width: 44.0"" | Inks: aqueous_pigment, aqueous_dye","Compatible with: epson-sc-p9500, epson-sc-p9500-spectro, epson-sc-p8500d, epson-sc-p8500dm, epson-sc-t7700d, epson-sc-t7700dl, epson-sc-t7700dm, epson-sc-p20500","Korejet Korejet Artistic Polycotton Canvas Satin 390 GSM - 44""X15 M - Satin roll media"
Media & Paper,KJ-C370C17M,"Korejet Classic Pure Cotton Canvas Matte 370 GSM - 17""X15 M",Korejet,Media (canvas),Matte Canvas,https://www.keplertechllc.com/product/korejet-classic-pure-cotton-canvas-matte-370-gsm/,https://www.keplertechllc.com/wp-content/uploads/2023/10/Korejet-Papers.webp,,320.0,"Weight: 370 GSM | Finish: Matte Canvas | Format: roll (17""×15m) | Roll Width: 17.0"" | Inks: aqueous_pigment, aqueous_dye","Compatible with: epson-sc-p900, epson-sc-p900-roll, epson-sc-p5300, epson-sc-p7500, epson-sc-p7500-spectro, epson-sc-p6500e, epson-sc-p6500d, epson-sc-t3100, epson-sc-t3700e, epson-sc-t3700d, epson-sc-t5100, epson-sc-t5405, epson-sc-t5700d, epson-sc-t5100m, epson-sc-t5700dm, epson-sc-p9500, epson-sc-p9500-spectro, epson-sc-p8500d, epson-sc-p8500dm, epson-sc-t7700d, epson-sc-t7700dl, epson-sc-t7700dm, epson-sc-p20500","Korejet Korejet Classic Pure Cotton Canvas Matte 370 GSM - 17""X15 M - Matte Canvas roll media"
Media & Paper,KJ-C370C24M,"Korejet Classic Pure Cotton Canvas Matte 370 GSM - 24""X15 M",Korejet,Media (canvas),Matte Canvas,https://www.keplertechllc.com/product/korejet-classic-pure-cotton-canvas-matte-370-gsm/,https://www.keplertechllc.com/wp-content/uploads/2023/10/Korejet-Papers.webp,,320.0,"Weight: 370 GSM | Finish: Matte Canvas | Format: roll (24""×15m) | Roll Width: 24.0"" | Inks: aqueous_pigment, aqueous_dye","Compatible with: epson-sc-p7500, epson-sc-p7500-spectro, epson-sc-p6500e, epson-sc-p6500d, epson-sc-t3100, epson-sc-t3700e, epson-sc-t3700d, epson-sc-t5100, epson-sc-t5405, epson-sc-t5700d, epson-sc-t5100m, epson-sc-t5700dm, epson-sc-p9500, epson-sc-p9500-spectro, epson-sc-p8500d, epson-sc-p8500dm, epson-sc-t7700d, epson-sc-t7700dl, epson-sc-t7700dm, epson-sc-p20500","Korejet Korejet Classic Pure Cotton Canvas Matte 370 GSM - 24""X15 M - Matte Canvas roll media"
Media & Paper,KJ-C370C44M,"Korejet Classic Pure Cotton Canvas Matte 370 GSM - 44""X15 M",Korejet,Media (canvas),Matte Canvas,https://www.keplertechllc.com/product/korejet-classic-pure-cotton-canvas-matte-370-gsm/,https://www.keplertechllc.com/wp-content/uploads/2023/10/Korejet-Papers.webp,,320.0,"Weight: 370 GSM | Finish: Matte Canvas | Format: roll (44""×15m) | Roll Width: 44.0"" | Inks: aqueous_pigment, aqueous_dye","Compatible with: epson-sc-p9500, epson-sc-p9500-spectro, epson-sc-p8500d, epson-sc-p8500dm, epson-sc-t7700d, epson-sc-t7700dl, epson-sc-t7700dm, epson-sc-p20500","Korejet Korejet Classic Pure Cotton Canvas Matte 370 GSM - 44""X15 M - Matte Canvas roll media"
Media & Paper,C13T53A800,C13T53A800 Epson Ink MK 1.6L RIPS 6 Col,Epson,Media (photo),Matte,https://www.keplertechllc.com/product/c13t53a800-epson-sc-t7700dl-matte-black-ink/,https://www.keplertechllc.com/wp-content/uploads/2024/02/C13T53A800-Epson-Ink-MK-1.6L-RIPS-6-Col.webp,,220.0,"Weight: None GSM | Finish: Matte | Format: roll (6″ Roll) | Roll Width: 6.0"" | Inks: aqueous_pigment, aqueous_dye","Compatible with: epson-sc-p700, epson-sc-p900, epson-sc-p900-roll, epson-sc-p5300, epson-sc-p7500, epson-sc-p7500-spectro, epson-sc-p6500e, epson-sc-p6500d, epson-sc-t3100, epson-sc-t3700e, epson-sc-t3700d, epson-sc-t5100, epson-sc-t5405, epson-sc-t5700d, epson-sc-t5100m, epson-sc-t5700dm, epson-sc-p9500, epson-sc-p9500-spectro, epson-sc-p8500d, epson-sc-p8500dm, epson-sc-t7700d, epson-sc-t7700dl, epson-sc-t7700dm, epson-sc-p20500",Epson C13T53A800 Epson Ink MK 1.6L RIPS 6 Col - Matte roll media
Media & Paper,S045153,S045153 Epson CrystalClear Film  Roll - 44” X 100’,Epson,Media (technical),Matte,https://www.keplertechllc.com/product/s045153-epson-crystal-clear-film-44-inch-roll/,https://www.keplertechllc.com/wp-content/uploads/2024/05/S045153-Epson-CrystalClear-Film-Roll-44-X-100.webp,,320.0,"Weight: None GSM | Finish: Matte | Format: roll () | Roll Width: None"" | Inks: aqueous_pigment, aqueous_dye",Compatible with: ,Epson S045153 Epson CrystalClear Film  Roll - 44” X 100’ - Matte roll media
Media & Paper,C13T56F800,"C13T56F800 Epson P-Series 64"" Matte Black IIPS Ink 1600ml",Epson,Media (photo),Matte,https://www.keplertechllc.com/product/c13t56f800-epson-matte-black-iips-ink/,https://www.keplertechllc.com/wp-content/uploads/2024/08/MK.jpg.jpeg,,450.0,"Weight: None GSM | Finish: Matte | Format: roll () | Roll Width: None"" | Inks: aqueous_pigment, aqueous_dye",Compatible with: ,"Epson C13T56F800 Epson P-Series 64"" Matte Black IIPS Ink 1600ml - Matte roll media"
Media & Paper,KJP230PMXX,KOREJET PREMIUM MATTE 230GSM PHOTO PAPER,Korejet,Media (photo),Matte,https://www.keplertechllc.com/product/korejet-premium-matte-230gsm-photo-paper/,https://www.keplertechllc.com/wp-content/uploads/2023/10/Korejet-Papers.webp,,320.0,"Weight: 230 GSM | Finish: Matte | Format: roll () | Roll Width: None"" | Inks: aqueous_pigment, aqueous_dye",Compatible with: ,Korejet KOREJET PREMIUM MATTE 230GSM PHOTO PAPER - Matte roll media
Media & Paper,KJP230PM17,"KOREJET PREMIUM MATTE 230GSM PHOTO PAPER - 17""X30 M",Korejet,Media (photo),Matte,https://www.keplertechllc.com/product/korejet-premium-matte-230gsm-photo-paper/,https://www.keplertechllc.com/wp-content/uploads/2023/10/Korejet-Papers.webp,,320.0,"Weight: 230 GSM | Finish: Matte | Format: roll (17""×30m) | Roll Width: 17.0"" | Inks: aqueous_pigment, aqueous_dye","Compatible with: epson-sc-p900, epson-sc-p900-roll, epson-sc-p5300, epson-sc-p7500, epson-sc-p7500-spectro, epson-sc-p6500e, epson-sc-p6500d, epson-sc-t3100, epson-sc-t3700e, epson-sc-t3700d, epson-sc-t5100, epson-sc-t5405, epson-sc-t5700d, epson-sc-t5100m, epson-sc-t5700dm, epson-sc-p9500, epson-sc-p9500-spectro, epson-sc-p8500d, epson-sc-p8500dm, epson-sc-t7700d, epson-sc-t7700dl, epson-sc-t7700dm, epson-sc-p20500","Korejet KOREJET PREMIUM MATTE 230GSM PHOTO PAPER - 17""X30 M - Matte roll media"
Media & Paper,KJP230PM24,"KOREJET PREMIUM MATTE 230GSM PHOTO PAPER - 24""X30 M",Korejet,Media (photo),Matte,https://www.keplertechllc.com/product/korejet-premium-matte-230gsm-photo-paper/,https://www.keplertechllc.com/wp-content/uploads/2023/10/Korejet-Papers.webp,,320.0,"Weight: 230 GSM | Finish: Matte | Format: roll (24""×30m) | Roll Width: 24.0"" | Inks: aqueous_pigment, aqueous_dye","Compatible with: epson-sc-p7500, epson-sc-p7500-spectro, epson-sc-p6500e, epson-sc-p6500d, epson-sc-t3100, epson-sc-t3700e, epson-sc-t3700d, epson-sc-t5100, epson-sc-t5405, epson-sc-t5700d, epson-sc-t5100m, epson-sc-t5700dm, epson-sc-p9500, epson-sc-p9500-spectro, epson-sc-p8500d, epson-sc-p8500dm, epson-sc-t7700d, epson-sc-t7700dl, epson-sc-t7700dm, epson-sc-p20500","Korejet KOREJET PREMIUM MATTE 230GSM PHOTO PAPER - 24""X30 M - Matte roll media"
Media & Paper,KJP230PM36,"KOREJET PREMIUM MATTE 230GSM PHOTO PAPER - 36""X30 M",Korejet,Media (photo),Matte,https://www.keplertechllc.com/product/korejet-premium-matte-230gsm-photo-paper/,https://www.keplertechllc.com/wp-content/uploads/2023/10/Korejet-Papers.webp,,320.0,"Weight: 230 GSM | Finish: Matte | Format: roll (36""×30m) | Roll Width: 36.0"" | Inks: aqueous_pigment, aqueous_dye","Compatible with: epson-sc-t5100, epson-sc-t5405, epson-sc-t5700d, epson-sc-t5100m, epson-sc-t5700dm, epson-sc-p9500, epson-sc-p9500-spectro, epson-sc-p8500d, epson-sc-p8500dm, epson-sc-t7700d, epson-sc-t7700dl, epson-sc-t7700dm, epson-sc-p20500","Korejet KOREJET PREMIUM MATTE 230GSM PHOTO PAPER - 36""X30 M - Matte roll media"
Media & Paper,KJP230PM44,"KOREJET PREMIUM MATTE 230GSM PHOTO PAPER - 44""X30 M",Korejet,Media (photo),Matte,https://www.keplertechllc.com/product/korejet-premium-matte-230gsm-photo-paper/,https://www.keplertechllc.com/wp-content/uploads/2023/10/Korejet-Papers.webp,,320.0,"Weight: 230 GSM | Finish: Matte | Format: roll (44""×30m) | Roll Width: 44.0"" | Inks: aqueous_pigment, aqueous_dye","Compatible with: epson-sc-p9500, epson-sc-p9500-spectro, epson-sc-p8500d, epson-sc-p8500dm, epson-sc-t7700d, epson-sc-t7700dl, epson-sc-t7700dm, epson-sc-p20500","Korejet KOREJET PREMIUM MATTE 230GSM PHOTO PAPER - 44""X30 M - Matte roll media"
Media & Paper,KJP230PM60,"KOREJET PREMIUM MATTE 230GSM PHOTO PAPER - 60""X30 M",Korejet,Media (photo),Matte,https://www.keplertechllc.com/product/korejet-premium-matte-230gsm-photo-paper/,https://www.keplertechllc.com/wp-content/uploads/2023/10/Korejet-Papers.webp,,320.0,"Weight: 230 GSM | Finish: Matte | Format: roll (60""×30m) | Roll Width: 60.0"" | Inks: aqueous_pigment, aqueous_dye",Compatible with: epson-sc-p20500,"Korejet KOREJET PREMIUM MATTE 230GSM PHOTO PAPER - 60""X30 M - Matte roll media"
Consumable,C13T800100,C13T800100 Epson Singlepack Photo Black UltraChrome PRO 700ml Ink,Epson,Ink Cartridge,Black,https://www.keplertechllc.com/product/epson-singlepack-photo-black-t800100-ultrachrome-pro-700ml/,https://www.keplertechllc.com/wp-content/uploads/2023/03/Singlepack-Photo-Black-T800100-UltraChrome-PRO-700ml.webp,,450.0,Colour: Black | Yield/Cap:  | Stock: 10,Fits 0 printers: ,"Genuine OEM C13T800100 Epson Singlepack Photo Black UltraChrome PRO 700ml Ink delivering vibrant, archival-grade prints with wide color gamut."
Consumable,C13T800300,C13T800300 Epson Singlepack Vivid Magenta 700ml Ink,Epson,Ink Cartridge,Magenta,https://www.keplertechllc.com/product/epson-singlepack-vivid-magenta-t800300-ultrachrome-pro-700ml/,https://www.keplertechllc.com/wp-content/uploads/2023/03/Singlepack-Vivid-Magenta-T800300-UltraChrome-PRO-700ml.webp,,450.0,Colour: Magenta | Yield/Cap:  | Stock: 10,Fits 0 printers: ,"Genuine OEM C13T800300 Epson Singlepack Vivid Magenta 700ml Ink delivering vibrant, archival-grade prints with wide color gamut."
Consumable,C13T800200,C13T800200 Epson Singlepack Cyan 700ml Ink,Epson,Ink Cartridge,Cyan,https://www.keplertechllc.com/product/singlepack-cyan-t800200-ultrachrome-pro-700ml-ink/,https://www.keplertechllc.com/wp-content/uploads/2023/03/Singlepack-Cyan-T800200-UltraChrome-PRO-700ml.webp,,450.0,Colour: Cyan | Yield/Cap:  | Stock: 10,Fits 0 printers: ,"Genuine OEM C13T800200 Epson Singlepack Cyan 700ml Ink delivering vibrant, archival-grade prints with wide color gamut."
Consumable,C13T800500,C13T800500 Epson Singlepack Light Cyan 700ml Ink,Epson,Ink Cartridge,Cyan,https://www.keplertechllc.com/product/epson-light-cyan-t800500-ultrachrome-700ml-ink/,https://www.keplertechllc.com/wp-content/uploads/2023/03/Singlepack-Light-Cyan-T800500-UltraChrome-PRO-700ml.webp,,450.0,Colour: Cyan | Yield/Cap:  | Stock: 10,Fits 0 printers: ,"Genuine OEM C13T800500 Epson Singlepack Light Cyan 700ml Ink delivering vibrant, archival-grade prints with wide color gamut."
Consumable,C13T800400,C13T800400 Epson Singlepack Yellow UltraChrome PRO 700ml Ink,Epson,Ink Cartridge,Yellow,https://www.keplertechllc.com/product/singlepack-yellow-t800400-ultrachrome-pro-700ml/,https://www.keplertechllc.com/wp-content/uploads/2023/03/Singlepack-Yellow-T800400-UltraChrome-PRO-700ml.webp,,450.0,Colour: Yellow | Yield/Cap:  | Stock: 10,Fits 0 printers: ,"Genuine OEM C13T800400 Epson Singlepack Yellow UltraChrome PRO 700ml Ink delivering vibrant, archival-grade prints with wide color gamut."
Consumable,C13T800600,C13T800600 Epson Singlepack Vivid Light Magenta UltraChrome PRO 700ml,Epson,Ink Cartridge,Magenta,https://www.keplertechllc.com/product/singlepack-vivid-light-magenta-t800600-ultrachrome-pro-700ml/,https://www.keplertechllc.com/wp-content/uploads/2023/03/Singlepack-Vivid-Light-Magenta-T800600-UltraChrome-PRO-700ml.webp,,450.0,Colour: Magenta | Yield/Cap:  | Stock: 10,Fits 0 printers: ,"Genuine OEM C13T800600 Epson Singlepack Vivid Light Magenta UltraChrome PRO 700ml delivering vibrant, archival-grade prints with wide color gamut."
Consumable,C13T800800,C13T800800 Epson Singlepack Matte Black UltraChrome PRO 700ml Ink,Epson,Ink Cartridge,Black,https://www.keplertechllc.com/product/epson-singlepack-matte-black-t800800-ultrachrome-pro-700ml/,https://www.keplertechllc.com/wp-content/uploads/2023/03/Singlepack-Matte-Black-T800800-UltraChrome-PRO-700ml.webp,,450.0,Colour: Black | Yield/Cap:  | Stock: 10,Fits 0 printers: ,"Genuine OEM C13T800800 Epson Singlepack Matte Black UltraChrome PRO 700ml Ink delivering vibrant, archival-grade prints with wide color gamut."
Consumable,C13T800900,C13T800900 Epson Singlepack Gray UltraChrome PRO 700ml Ink,Epson,Ink Cartridge,Gray,https://www.keplertechllc.com/product/singlepack-gray-t800900-ultrachrome-pro-700ml-ink/,https://www.keplertechllc.com/wp-content/uploads/2023/03/Singlepack-Gray-T800900-UltraChrome-PRO-700ml.webp,,450.0,Colour: Gray | Yield/Cap:  | Stock: 10,Fits 0 printers: ,"Genuine OEM C13T800900 Epson Singlepack Gray UltraChrome PRO 700ml Ink delivering vibrant, archival-grade prints with wide color gamut."
Consumable,C13T800000,C13T800000 Epson Singlepack Light Gray UltraChrome PRO 700ml Ink,Epson,Ink Cartridge,Gray,https://www.keplertechllc.com/product/singlepack-light-gray-t800000-ultrachrome-pro-700ml-ink/,https://www.keplertechllc.com/wp-content/uploads/2023/03/Singlepack-Light-Gray-T800000-UltraChrome-PRO-700ml.webp,,450.0,Colour: Gray | Yield/Cap:  | Stock: 10,Fits 0 printers: ,"Genuine OEM C13T800000 Epson Singlepack Light Gray UltraChrome PRO 700ml Ink delivering vibrant, archival-grade prints with wide color gamut."
Consumable,C13T800700,C13T800700 Epson Singlepack Dark Gray UltraChrome PRO 700ml,Epson,Ink Cartridge,Gray,https://www.keplertechllc.com/product/epson-singlepack-dark-gray-t800700-ultrachrome-pro-700ml/,https://www.keplertechllc.com/wp-content/uploads/2023/03/Singlepack-Dark-Gray-T800700-UltraChrome-PRO-700ml.webp,,450.0,Colour: Gray | Yield/Cap:  | Stock: 10,Fits 0 printers: ,"Genuine OEM C13T800700 Epson Singlepack Dark Gray UltraChrome PRO 700ml delivering vibrant, archival-grade prints with wide color gamut."
Consumable,C13T619300,Epson Maintenance Box - C13T619300,Epson,Maintenance Box,Maintenance/Supply,https://www.keplertechllc.com/product/p20000-printer-maintenance-box-c13t619300/,https://www.keplertechllc.com/wp-content/uploads/2023/03/Epson-P20000-Maintenance-Box-T619300-1.webp,,180.0,Colour:  | Yield/Cap:  | Stock: 10,Fits 4 printers: Epson SureColor SC-P7500 (epson-sc-p7500); Epson SureColor SC-P7500 Spectro (epson-sc-p7500-spectro); Epson SureColor SC-P9500 (epson-sc-p9500); Epson SureColor SC-P9500 Spectro (epson-sc-p9500-spectro),Genuine OEM Epson Maintenance Box - C13T619300 designed for reliable printer maintenance and waste ink collection.
Consumable,C13T02Q100,C13T02Q100 Epson WorkForce Enterprise WF-C20600 Black Ink,Epson,Ink Cartridge,Black,https://www.keplertechllc.com/product/workforce-enterprise-wf-c20600-black-ink-c13t02q100/,https://www.keplertechllc.com/wp-content/uploads/2023/03/Workforce-Enterprise-WF-C20600-Black-Ink-C13T02Q100.webp,,220.0,Colour: Black | Yield/Cap:  | Stock: 10,Fits 0 printers: ,"Genuine OEM C13T02Q100 Epson WorkForce Enterprise WF-C20600 Black Ink delivering vibrant, archival-grade prints with wide color gamut."
Consumable,C13T02Q200,C13T02Q200 - Epson WorkForce Enterprise WF-C20600 Cyan Ink,Epson,Ink Cartridge,Cyan,https://www.keplertechllc.com/product/epson-workforce-enterprise-wf-c20600-cyan-ink-c13t02q200/,https://www.keplertechllc.com/wp-content/uploads/2023/03/WorkForce-Enterprise-WF-C20600-Cyan-Ink-C13T02Q200.webp,,220.0,Colour: Cyan | Yield/Cap:  | Stock: 10,Fits 0 printers: ,"Genuine OEM C13T02Q200 - Epson WorkForce Enterprise WF-C20600 Cyan Ink delivering vibrant, archival-grade prints with wide color gamut."
Consumable,C13T02Q300,C13T02Q300 - Epson WorkForce Enterprise WF-C20600 Magenta Ink,Epson,Ink Cartridge,Magenta,https://www.keplertechllc.com/product/epson-workforce-enterprise-wf-c20600-magenta-ink-c13t02q300/,https://www.keplertechllc.com/wp-content/uploads/2023/03/Workforce-Enterprise-WF-C20600-Magenta-Ink-C13T02Q300.webp,,220.0,Colour: Magenta | Yield/Cap:  | Stock: 10,Fits 0 printers: ,"Genuine OEM C13T02Q300 - Epson WorkForce Enterprise WF-C20600 Magenta Ink delivering vibrant, archival-grade prints with wide color gamut."
Consumable,C13T02Q400,C13T02Q400 - Epson WorkForce Enterprise WF-C20600 Yellow Ink,Epson,Ink Cartridge,Yellow,https://www.keplertechllc.com/product/epson-workforce-enterprise-wf-c20600-yellow-ink-c13t02q400/,https://www.keplertechllc.com/wp-content/uploads/2023/03/WorkForce-Enterprise-WF-C20600-Yellow-Ink-C13T02Q400.webp,,220.0,Colour: Yellow | Yield/Cap:  | Stock: 10,Fits 0 printers: ,"Genuine OEM C13T02Q400 - Epson WorkForce Enterprise WF-C20600 Yellow Ink delivering vibrant, archival-grade prints with wide color gamut."
Consumable,C13T671300,Epson Maintenance Box - C13T671300,Epson,Maintenance Box,Maintenance/Supply,https://www.keplertechllc.com/product/epson-maintenance-box-c13t671300/,https://www.keplertechllc.com/wp-content/uploads/2023/03/Epson-C20600-Printer-Maintenance-Box-1.webp,,180.0,Colour:  | Yield/Cap:  | Stock: 0,Fits 1 printers: Epson WorkForce Enterprise WF-C21000 D4TW (epson-wf-c21000-d4tw),Genuine OEM Epson Maintenance Box - C13T671300 designed for reliable printer maintenance and waste ink collection.
Consumable,C13T44Q440,C13T44Q440 Epson Singlepack Yellow UltraChrome PRO12 350ml Ink,Epson,Ink Cartridge,Yellow,https://www.keplertechllc.com/product/c13t44q440-epson-singlepack-yellow-ultrachrome-350ml-ink/,https://www.keplertechllc.com/wp-content/uploads/2023/03/Singlepack-Yellow-T44Q440-UltraChrome-PRO-12-350ml.webp,,220.0,Colour: Yellow | Yield/Cap:  | Stock: 10,Fits 4 printers: Epson SureColor SC-P7500 (epson-sc-p7500); Epson SureColor SC-P7500 Spectro (epson-sc-p7500-spectro); Epson SureColor SC-P9500 (epson-sc-p9500); Epson SureColor SC-P9500 Spectro (epson-sc-p9500-spectro),"Genuine OEM C13T44Q440 Epson Singlepack Yellow UltraChrome PRO12 350ml Ink delivering vibrant, archival-grade prints with wide color gamut."
Consumable,C13T44Q140,C13T44Q140 Epson Singlepack Photo Black UltraChrome PRO12 350ml,Epson,Ink Cartridge,Black,https://www.keplertechllc.com/product/c13t44q140-epson-singlepack-photo-black-ultrachrome-350ml-ink/,https://www.keplertechllc.com/wp-content/uploads/2023/03/Singlepack-Photo-Black-T44Q140-UltraChrome-PRO-12-350ml.webp,,220.0,Colour: Black | Yield/Cap:  | Stock: 10,Fits 4 printers: Epson SureColor SC-P7500 (epson-sc-p7500); Epson SureColor SC-P7500 Spectro (epson-sc-p7500-spectro); Epson SureColor SC-P9500 (epson-sc-p9500); Epson SureColor SC-P9500 Spectro (epson-sc-p9500-spectro),"Genuine OEM C13T44Q140 Epson Singlepack Photo Black UltraChrome PRO12 350ml delivering vibrant, archival-grade prints with wide color gamut."
Consumable,C13T44Q340,C13T44Q340 Epson Singlepack Vivid Magenta UltraChrome PRO12 350ml,Epson,Ink Cartridge,Magenta,https://www.keplertechllc.com/product/c13t44q340-epson-singlepack-vivid-magenta-ultrachrome-350ml-ink/,https://www.keplertechllc.com/wp-content/uploads/2023/03/Singlepack-Vivid-Magenta-T44Q340-UltraChrome-PRO-12-350ml.webp,,220.0,Colour: Magenta | Yield/Cap:  | Stock: 10,Fits 4 printers: Epson SureColor SC-P7500 (epson-sc-p7500); Epson SureColor SC-P7500 Spectro (epson-sc-p7500-spectro); Epson SureColor SC-P9500 (epson-sc-p9500); Epson SureColor SC-P9500 Spectro (epson-sc-p9500-spectro),"Genuine OEM C13T44Q340 Epson Singlepack Vivid Magenta UltraChrome PRO12 350ml delivering vibrant, archival-grade prints with wide color gamut."
Consumable,C13T44Q240,C13T44Q240 Epson Singlepack Cyan UltraChrome PRO12 350ml Ink,Epson,Ink Cartridge,Cyan,https://www.keplertechllc.com/product/c13t44q240-epson-singlepack-cyan-ultrachrome-350ml-ink/,https://www.keplertechllc.com/wp-content/uploads/2023/03/Singlepack-Cyan-T44Q420-UltraChrome-PRO-12-350ml.webp,,220.0,Colour: Cyan | Yield/Cap:  | Stock: 10,Fits 4 printers: Epson SureColor SC-P7500 (epson-sc-p7500); Epson SureColor SC-P7500 Spectro (epson-sc-p7500-spectro); Epson SureColor SC-P9500 (epson-sc-p9500); Epson SureColor SC-P9500 Spectro (epson-sc-p9500-spectro),"Genuine OEM C13T44Q240 Epson Singlepack Cyan UltraChrome PRO12 350ml Ink delivering vibrant, archival-grade prints with wide color gamut."
Consumable,C13T44Q540,C13T44Q540 Epson Singlepack Light Cyan UltraChrome PRO12 350ml,Epson,Ink Cartridge,Cyan,https://www.keplertechllc.com/product/singlepack-light-cyan-t44q540-ultrachrome-pro-12-350ml-ink/,https://www.keplertechllc.com/wp-content/uploads/2023/03/Singlepack-Light-Cyan-T44Q540-UltraChrome-PRO-12-350ml.webp,,220.0,Colour: Cyan | Yield/Cap:  | Stock: 10,Fits 4 printers: Epson SureColor SC-P7500 (epson-sc-p7500); Epson SureColor SC-P7500 Spectro (epson-sc-p7500-spectro); Epson SureColor SC-P9500 (epson-sc-p9500); Epson SureColor SC-P9500 Spectro (epson-sc-p9500-spectro),"Genuine OEM C13T44Q540 Epson Singlepack Light Cyan UltraChrome PRO12 350ml delivering vibrant, archival-grade prints with wide color gamut."
Consumable,C13T44Q740,C13T44Q740 Epson Singlepack Gray UltraChrome PRO 12 350ml Ink,Epson,Ink Cartridge,Gray,https://www.keplertechllc.com/product/singlepack-gray-t44q740-ultrachrome-pro-12-350ml-ink/,https://www.keplertechllc.com/wp-content/uploads/2023/03/Singlepack-Gray-T44Q740-UltraChrome-PRO-12-350ml.webp,,220.0,Colour: Gray | Yield/Cap:  | Stock: 10,Fits 4 printers: Epson SureColor SC-P7500 (epson-sc-p7500); Epson SureColor SC-P7500 Spectro (epson-sc-p7500-spectro); Epson SureColor SC-P9500 (epson-sc-p9500); Epson SureColor SC-P9500 Spectro (epson-sc-p9500-spectro),"Genuine OEM C13T44Q740 Epson Singlepack Gray UltraChrome PRO 12 350ml Ink delivering vibrant, archival-grade prints with wide color gamut."
Consumable,C13T44Q640,C13T44Q640 Epson Singlepack Vivid Light Magenta UltraChrome PRO 12 350ml,Epson,Ink Cartridge,Magenta,https://www.keplertechllc.com/product/c13t44q640-singlepack-vivid-light-magenta-ultrachrome-pro12-350ml-ink/,https://www.keplertechllc.com/wp-content/uploads/2023/03/Singlepack-Vivid-Light-Magenta-T44Q640-UltraChrome-PRO-12-350ml.webp,,220.0,Colour: Magenta | Yield/Cap:  | Stock: 10,Fits 4 printers: Epson SureColor SC-P7500 (epson-sc-p7500); Epson SureColor SC-P7500 Spectro (epson-sc-p7500-spectro); Epson SureColor SC-P9500 (epson-sc-p9500); Epson SureColor SC-P9500 Spectro (epson-sc-p9500-spectro),"Genuine OEM C13T44Q640 Epson Singlepack Vivid Light Magenta UltraChrome PRO 12 350ml delivering vibrant, archival-grade prints with wide color gamut."
Consumable,C13T44Q840,C13T44Q840 Epson Singlepack Matte Black UltraChrome PRO12 350ml,Epson,Ink Cartridge,Black,https://www.keplertechllc.com/product/singlepack-matte-black-c13t44q840-350ml-ink/,https://www.keplertechllc.com/wp-content/uploads/2023/03/Singlepack-Matte-Black-T44Q840-UltraChrome-PRO-12-350ml.webp,,220.0,Colour: Black | Yield/Cap:  | Stock: 10,Fits 4 printers: Epson SureColor SC-P7500 (epson-sc-p7500); Epson SureColor SC-P7500 Spectro (epson-sc-p7500-spectro); Epson SureColor SC-P9500 (epson-sc-p9500); Epson SureColor SC-P9500 Spectro (epson-sc-p9500-spectro),"Genuine OEM C13T44Q840 Epson Singlepack Matte Black UltraChrome PRO12 350ml delivering vibrant, archival-grade prints with wide color gamut."
Consumable,C13T44QA40,C13T44QA40 Epson Singlepack Orange UltraChrome PRO 12 350ml Ink,Epson,Ink Cartridge,Orange,https://www.keplertechllc.com/product/singlepack-orange-t44qa40-ultrachrome-pro-12-350ml/,https://www.keplertechllc.com/wp-content/uploads/2023/03/Singlepack-Orange-T44QA40-UltraChrome-PRO-12-350ml.webp,,220.0,Colour: Orange | Yield/Cap:  | Stock: 10,Fits 4 printers: Epson SureColor SC-P7500 (epson-sc-p7500); Epson SureColor SC-P7500 Spectro (epson-sc-p7500-spectro); Epson SureColor SC-P9500 (epson-sc-p9500); Epson SureColor SC-P9500 Spectro (epson-sc-p9500-spectro),"Genuine OEM C13T44QA40 Epson Singlepack Orange UltraChrome PRO 12 350ml Ink delivering vibrant, archival-grade prints with wide color gamut."
Consumable,C13T44Q940,C13T44Q940 Epson Singlepack Light Gray UltraChrome PRO12 350ml,Epson,Ink Cartridge,Gray,https://www.keplertechllc.com/product/singlepack-light-gray-t44q940-ultrachrome-pro-12-350ml-ink/,https://www.keplertechllc.com/wp-content/uploads/2023/03/Singlepack-Light-Gray-T44Q940-UltraChrome-PRO-12-350ml.webp,,220.0,Colour: Gray | Yield/Cap:  | Stock: 10,Fits 4 printers: Epson SureColor SC-P7500 (epson-sc-p7500); Epson SureColor SC-P7500 Spectro (epson-sc-p7500-spectro); Epson SureColor SC-P9500 (epson-sc-p9500); Epson SureColor SC-P9500 Spectro (epson-sc-p9500-spectro),"Genuine OEM C13T44Q940 Epson Singlepack Light Gray UltraChrome PRO12 350ml delivering vibrant, archival-grade prints with wide color gamut."
Consumable,C13T44QD40,C13T44QD40 Epson Singlepack Violet UltraChrome PRO12 350ml Ink,Epson,Ink Cartridge,Violet,https://www.keplertechllc.com/product/singlepack-violet-t44qd40-ultrachrome-pro-12-350ml/,https://www.keplertechllc.com/wp-content/uploads/2023/03/Singlepack-Violet-T44QD40-UltraChrome-PRO-12-350ml.webp,,220.0,Colour: Violet | Yield/Cap:  | Stock: 10,Fits 4 printers: Epson SureColor SC-P7500 (epson-sc-p7500); Epson SureColor SC-P7500 Spectro (epson-sc-p7500-spectro); Epson SureColor SC-P9500 (epson-sc-p9500); Epson SureColor SC-P9500 Spectro (epson-sc-p9500-spectro),"Genuine OEM C13T44QD40 Epson Singlepack Violet UltraChrome PRO12 350ml Ink delivering vibrant, archival-grade prints with wide color gamut."
Consumable,C13T44QB40,C13T44QB40 Epson Singlepack Green UltraChrome PRO12 350ml Ink,Epson,Ink Cartridge,Green,https://www.keplertechllc.com/product/c13t44q240-epson-singlepack-cyan-ultrachrome-350ml-ink/,https://www.keplertechllc.com/wp-content/uploads/2023/03/Singlepack-Cyan-T44Q420-UltraChrome-PRO-12-350ml.webp,,220.0,Colour: Green | Yield/Cap:  | Stock: 10,Fits 4 printers: Epson SureColor SC-P7500 (epson-sc-p7500); Epson SureColor SC-P7500 Spectro (epson-sc-p7500-spectro); Epson SureColor SC-P9500 (epson-sc-p9500); Epson SureColor SC-P9500 Spectro (epson-sc-p9500-spectro),"Genuine OEM C13T44QB40 Epson Singlepack Green UltraChrome PRO12 350ml Ink delivering vibrant, archival-grade prints with wide color gamut."
Consumable,C13T699700,Epson Maintenance Box - C13T699700,Epson,Maintenance Box,Maintenance/Supply,https://www.keplertechllc.com/product/maintenance-box-c13t699700/,https://www.keplertechllc.com/wp-content/uploads/2023/03/C13T699700-Maintenance-Box.webp,,180.0,Colour:  | Yield/Cap:  | Stock: 10,Fits 6 printers: Epson SureColor SC-T5405 (epson-sc-t5405); Epson SureColor SC-T5400M (epson-sc-t5400m); Epson SureColor SC-P7500 (epson-sc-p7500); Epson SureColor SC-P7500 Spectro (epson-sc-p7500-spectro); Epson SureColor SC-P9500 (epson-sc-p9500); Epson SureColor SC-P9500 Spectro (epson-sc-p9500-spectro),Genuine OEM Epson Maintenance Box - C13T699700 designed for reliable printer maintenance and waste ink collection.
Consumable,C13T44J440,C13T44J440 Epson Singlepack Yellow UltraChrome PRO 12 700ml Ink,Epson,Ink Cartridge,Yellow,https://www.keplertechllc.com/product/singlepack-yellow-t44j440-ultrachrome-pro-12-700ml-ink/,https://www.keplertechllc.com/wp-content/uploads/2023/03/Epson-P9500-P7500-Printer-Singlepack-Yellow-T44Q440-UltraChrome-PRO-12-700ml.webp,,450.0,Colour: Yellow | Yield/Cap:  | Stock: 10,Fits 4 printers: Epson SureColor SC-P7500 (epson-sc-p7500); Epson SureColor SC-P7500 Spectro (epson-sc-p7500-spectro); Epson SureColor SC-P9500 (epson-sc-p9500); Epson SureColor SC-P9500 Spectro (epson-sc-p9500-spectro),"Genuine OEM C13T44J440 Epson Singlepack Yellow UltraChrome PRO 12 700ml Ink delivering vibrant, archival-grade prints with wide color gamut."
Consumable,C13T44J240,C13T44J240 Epson Singlepack Cyan UltraChrome PRO12 700ml Ink,Epson,Ink Cartridge,Cyan,https://www.keplertechllc.com/product/singlepack-cyan-t44j240-ultrachrome-pro-12-700ml-ink/,https://www.keplertechllc.com/wp-content/uploads/2023/03/Epson-P9500-P7500-Printer-Singlepack-Cyan-T44Q420-UltraChrome-PRO-12-700ml.webp,,450.0,Colour: Cyan | Yield/Cap:  | Stock: 10,Fits 4 printers: Epson SureColor SC-P7500 (epson-sc-p7500); Epson SureColor SC-P7500 Spectro (epson-sc-p7500-spectro); Epson SureColor SC-P9500 (epson-sc-p9500); Epson SureColor SC-P9500 Spectro (epson-sc-p9500-spectro),"Genuine OEM C13T44J240 Epson Singlepack Cyan UltraChrome PRO12 700ml Ink delivering vibrant, archival-grade prints with wide color gamut."
Consumable,C13T44J140,C13T44J140 Epson Singlepack Photo Black UltraChrome PRO12 700ml,Epson,Ink Cartridge,Black,https://www.keplertechllc.com/product/singlepack-photo-black-t44j140-ultrachrome-pro-12-700ml/,https://www.keplertechllc.com/wp-content/uploads/2023/03/Epson-P9500-P7500-Printer-Singlepack-Photo-Black-T44Q140-UltraChrome-PRO-12-700ml.webp,,450.0,Colour: Black | Yield/Cap:  | Stock: 10,Fits 4 printers: Epson SureColor SC-P7500 (epson-sc-p7500); Epson SureColor SC-P7500 Spectro (epson-sc-p7500-spectro); Epson SureColor SC-P9500 (epson-sc-p9500); Epson SureColor SC-P9500 Spectro (epson-sc-p9500-spectro),"Genuine OEM C13T44J140 Epson Singlepack Photo Black UltraChrome PRO12 700ml delivering vibrant, archival-grade prints with wide color gamut."
Consumable,C13T44J340,C13T44J340 Epson Singlepack Vivid Magenta UltraChrome PRO12 700ml,Epson,Ink Cartridge,Magenta,https://www.keplertechllc.com/product/singlepack-vivid-magenta-t44j340-ultrachrome-pro-12-700ml-ink/,https://www.keplertechllc.com/wp-content/uploads/2023/03/Epson-P9500-P7500-Printer-Singlepack-Vivid-Magenta-T44Q340-UltraChrome-PRO-12-700ml.webp,,450.0,Colour: Magenta | Yield/Cap:  | Stock: 10,Fits 4 printers: Epson SureColor SC-P7500 (epson-sc-p7500); Epson SureColor SC-P7500 Spectro (epson-sc-p7500-spectro); Epson SureColor SC-P9500 (epson-sc-p9500); Epson SureColor SC-P9500 Spectro (epson-sc-p9500-spectro),"Genuine OEM C13T44J340 Epson Singlepack Vivid Magenta UltraChrome PRO12 700ml delivering vibrant, archival-grade prints with wide color gamut."
Consumable,C13T44J540,C13T44J540 Epson Singlepack Light Cyan UltraChrome PRO12 700ml,Epson,Ink Cartridge,Cyan,https://www.keplertechllc.com/product/singlepack-light-cyan-t44j540-ultrachrome-pro-12-700ml-ink/,https://www.keplertechllc.com/wp-content/uploads/2023/03/Epson-P9500-P7500-Printer-Singlepack-Light-Cyan-T44Q540-UltraChrome-PRO-12-700ml.webp,,450.0,Colour: Cyan | Yield/Cap:  | Stock: 10,Fits 4 printers: Epson SureColor SC-P7500 (epson-sc-p7500); Epson SureColor SC-P7500 Spectro (epson-sc-p7500-spectro); Epson SureColor SC-P9500 (epson-sc-p9500); Epson SureColor SC-P9500 Spectro (epson-sc-p9500-spectro),"Genuine OEM C13T44J540 Epson Singlepack Light Cyan UltraChrome PRO12 700ml delivering vibrant, archival-grade prints with wide color gamut."
Consumable,C13T44J640,C13T44J640 Epson Singlepack Vivid Light Magenta 700ml Ink,Epson,Ink Cartridge,Magenta,https://www.keplertechllc.com/product/singlepack-vivid-light-magenta-t44j640-ultrachrome-pro12-700ml-ink/,https://www.keplertechllc.com/wp-content/uploads/2023/03/Epson-P7500-P9500-Printer-Singlepack-Vivid-Light-Magenta-T44Q640-UltraChrome-PRO-12-700ml.webp,,450.0,Colour: Magenta | Yield/Cap:  | Stock: 10,Fits 4 printers: Epson SureColor SC-P7500 (epson-sc-p7500); Epson SureColor SC-P7500 Spectro (epson-sc-p7500-spectro); Epson SureColor SC-P9500 (epson-sc-p9500); Epson SureColor SC-P9500 Spectro (epson-sc-p9500-spectro),"Genuine OEM C13T44J640 Epson Singlepack Vivid Light Magenta 700ml Ink delivering vibrant, archival-grade prints with wide color gamut."
Consumable,C13T44J740,C13T44J740 Epson Singlepack Gray UltraChrome PRO12 700ml Ink,Epson,Ink Cartridge,Gray,https://www.keplertechllc.com/product/singlepack-gray-t44j740-ultrachrome-pro-12-700ml-ink/,https://www.keplertechllc.com/wp-content/uploads/2023/03/Epson-P9500-P7500-Printer-Singlepack-Gray-T44Q740-UltraChrome-PRO-12-700ml.webp,,450.0,Colour: Gray | Yield/Cap:  | Stock: 10,Fits 4 printers: Epson SureColor SC-P7500 (epson-sc-p7500); Epson SureColor SC-P7500 Spectro (epson-sc-p7500-spectro); Epson SureColor SC-P9500 (epson-sc-p9500); Epson SureColor SC-P9500 Spectro (epson-sc-p9500-spectro),"Genuine OEM C13T44J740 Epson Singlepack Gray UltraChrome PRO12 700ml Ink delivering vibrant, archival-grade prints with wide color gamut."
Consumable,C13T44J840,C13T44J840 Epson Singlepack Matte Black UltraChrome PRO12 700ml Ink,Epson,Ink Cartridge,Black,https://www.keplertechllc.com/product/singlepack-matte-black-t44j840-ultrachrome-pro-12-700ml-ink/,https://www.keplertechllc.com/wp-content/uploads/2023/03/Epson-P7500-P9500-Printer-Singlepack-Matte-Black-T44Q840-UltraChrome-PRO-12-700ml.webp,,450.0,Colour: Black | Yield/Cap:  | Stock: 10,Fits 4 printers: Epson SureColor SC-P7500 (epson-sc-p7500); Epson SureColor SC-P7500 Spectro (epson-sc-p7500-spectro); Epson SureColor SC-P9500 (epson-sc-p9500); Epson SureColor SC-P9500 Spectro (epson-sc-p9500-spectro),"Genuine OEM C13T44J840 Epson Singlepack Matte Black UltraChrome PRO12 700ml Ink delivering vibrant, archival-grade prints with wide color gamut."
Consumable,C13T44JB40,C13T44JB40 Epson Singlepack Green UltraChrome PRO12 700ml Ink,Epson,Ink Cartridge,Green,https://www.keplertechllc.com/product/singlepack-green-t44jb40-ultrachrome-pro-12-700ml-ink/,https://www.keplertechllc.com/wp-content/uploads/2023/03/Epson-P9500-P7500-Printer-Singlepack-Green-T44QB-UltraChrome-PRO-12-700ml.webp,,450.0,Colour: Green | Yield/Cap:  | Stock: 10,Fits 4 printers: Epson SureColor SC-P7500 (epson-sc-p7500); Epson SureColor SC-P7500 Spectro (epson-sc-p7500-spectro); Epson SureColor SC-P9500 (epson-sc-p9500); Epson SureColor SC-P9500 Spectro (epson-sc-p9500-spectro),"Genuine OEM C13T44JB40 Epson Singlepack Green UltraChrome PRO12 700ml Ink delivering vibrant, archival-grade prints with wide color gamut."
Consumable,C13T44JA40,C13T44JA40 Epson Singlepack Orange UltraChrome PRO12 700ml Ink,Epson,Ink Cartridge,Orange,https://www.keplertechllc.com/product/singlepack-orange-t44ja40-ultrachrome-pro-12-700ml-ink/,https://www.keplertechllc.com/wp-content/uploads/2023/03/Epson-P7500-P9500-Printer-Singlepack-Orange-T44QA40-UltraChrome-PRO-12-700ml.webp,,450.0,Colour: Orange | Yield/Cap:  | Stock: 10,Fits 4 printers: Epson SureColor SC-P7500 (epson-sc-p7500); Epson SureColor SC-P7500 Spectro (epson-sc-p7500-spectro); Epson SureColor SC-P9500 (epson-sc-p9500); Epson SureColor SC-P9500 Spectro (epson-sc-p9500-spectro),"Genuine OEM C13T44JA40 Epson Singlepack Orange UltraChrome PRO12 700ml Ink delivering vibrant, archival-grade prints with wide color gamut."
Consumable,C13T44JD40,C13T44JD40 Epson Singlepack Violet UltraChrome PRO12 700ml Ink,Epson,Ink Cartridge,Violet,https://www.keplertechllc.com/product/singlepack-violet-t44jd40-ultrachrome-pro-12-700ml-ink/,https://www.keplertechllc.com/wp-content/uploads/2023/03/Epson-P9500-P7500-Printer-Singlepack-Violet-T44QD40-UltraChrome-PRO-12-700ml.webp,,450.0,Colour: Violet | Yield/Cap:  | Stock: 10,Fits 4 printers: Epson SureColor SC-P7500 (epson-sc-p7500); Epson SureColor SC-P7500 Spectro (epson-sc-p7500-spectro); Epson SureColor SC-P9500 (epson-sc-p9500); Epson SureColor SC-P9500 Spectro (epson-sc-p9500-spectro),"Genuine OEM C13T44JD40 Epson Singlepack Violet UltraChrome PRO12 700ml Ink delivering vibrant, archival-grade prints with wide color gamut."
Consumable,C13T44J940,C13T44J940 Epson Singlepack Light Gray UltraChrome PRO12 700ml Ink,Epson,Ink Cartridge,Gray,https://www.keplertechllc.com/product/singlepack-light-gray-t44j940-ultrachrome-pro-12-700ml-ink/,https://www.keplertechllc.com/wp-content/uploads/2023/03/Epson-P9500-P7500-Printer-Singlepack-Light-Gray-T44Q940-UltraChrome-PRO-12-700ml.webp,,450.0,Colour: Gray | Yield/Cap:  | Stock: 10,Fits 4 printers: Epson SureColor SC-P7500 (epson-sc-p7500); Epson SureColor SC-P7500 Spectro (epson-sc-p7500-spectro); Epson SureColor SC-P9500 (epson-sc-p9500); Epson SureColor SC-P9500 Spectro (epson-sc-p9500-spectro),"Genuine OEM C13T44J940 Epson Singlepack Light Gray UltraChrome PRO12 700ml Ink delivering vibrant, archival-grade prints with wide color gamut."
Consumable,C13T804200,C13T804200 Epson Singlepack Cyan UltraChrome HDX/HD 700ml Ink,Epson,Ink Cartridge,Cyan,https://www.keplertechllc.com/product/c13t55k200-epson-singlepack-cyan-ultrachrome-hdx-hd-700ml-ink/,https://www.keplertechllc.com/wp-content/uploads/2023/08/C13T55K200-Epson-Singlepack-Cyan-UltraChrome-HDXHD-700ml-Ink.webp,,450.0,Colour: Cyan | Yield/Cap:  | Stock: 10,Fits 0 printers: ,"Genuine OEM C13T804200 Epson Singlepack Cyan UltraChrome HDX/HD 700ml Ink delivering vibrant, archival-grade prints with wide color gamut."
Consumable,C13T804300,C13T804300 Epson Singlepack Vivid Magenta UltraChrome HDX/HD 700ml,Epson,Ink Cartridge,Magenta,https://www.keplertechllc.com/product/c13t54x300-epson-singlepack-vivid-magenta-ultrachrome-hdx-hd-350ml-ink/,https://www.keplertechllc.com/wp-content/uploads/2023/08/C13T54X300-Epson-Singlepack-Vivid-Magenta-UltraChrome-HDXHD-350ml-Ink.webp,,450.0,Colour: Magenta | Yield/Cap:  | Stock: 10,Fits 0 printers: ,"Genuine OEM C13T804300 Epson Singlepack Vivid Magenta UltraChrome HDX/HD 700ml delivering vibrant, archival-grade prints with wide color gamut."
Consumable,C13T804100,C13T804100 Epson Singlepack Photo Black UltraChrome HDX/HD 700ml Ink,Epson,Ink Cartridge,Black,https://www.keplertechllc.com/product/c13t55k100-epson-singlepack-photo-black-ultrachrome-hdx-hd-700ml-ink/,https://www.keplertechllc.com/wp-content/uploads/2023/08/C13T55K100-Epson-Singlepack-Photo-Black-UltraChrome-HDXHD-700ml-Ink.webp,,450.0,Colour: Black | Yield/Cap:  | Stock: 10,Fits 0 printers: ,"Genuine OEM C13T804100 Epson Singlepack Photo Black UltraChrome HDX/HD 700ml Ink delivering vibrant, archival-grade prints with wide color gamut."
Consumable,C13T804400,C13T804400 Epson Singlepack Yellow UltraChrome HDX/HD 700ml,Epson,Ink Cartridge,Yellow,https://www.keplertechllc.com/product/c13t55k400-epson-singlepack-yellow-ultrachrome-hdx-hd-700ml-ink/,https://www.keplertechllc.com/wp-content/uploads/2023/08/C13T55K400-Epson-Singlepack-Yellow-UltraChrome-HDXHD-700ml-Ink.webp,,450.0,Colour: Yellow | Yield/Cap:  | Stock: 10,Fits 0 printers: ,"Genuine OEM C13T804400 Epson Singlepack Yellow UltraChrome HDX/HD 700ml delivering vibrant, archival-grade prints with wide color gamut."
Consumable,C13T804500,C13T804500 Epson Singlepack Light Cyan UltraChrome HDX/HD 700ml,Epson,Ink Cartridge,Cyan,https://www.keplertechllc.com/product/c13t55k200-epson-singlepack-cyan-ultrachrome-hdx-hd-700ml-ink/,https://www.keplertechllc.com/wp-content/uploads/2023/08/C13T55K200-Epson-Singlepack-Cyan-UltraChrome-HDXHD-700ml-Ink.webp,,450.0,Colour: Cyan | Yield/Cap:  | Stock: 10,Fits 0 printers: ,"Genuine OEM C13T804500 Epson Singlepack Light Cyan UltraChrome HDX/HD 700ml delivering vibrant, archival-grade prints with wide color gamut."
Consumable,C13T804600,C13T804600 Epson Singlepack Vivid Light Magenta UltraChrome HDX/HD 700ml,Epson,Ink Cartridge,Magenta,https://www.keplertechllc.com/product/c13t46s600-epson-singlepack-vivid-light-magenta-ultrachrome-ink/,https://www.keplertechllc.com/wp-content/uploads/2023/04/Singlepack-Vivid-Light-Magenta-T46S6-UltraChrome-Pro-10-ink-25ml.webp,,450.0,Colour: Magenta | Yield/Cap:  | Stock: 10,Fits 0 printers: ,"Genuine OEM C13T804600 Epson Singlepack Vivid Light Magenta UltraChrome HDX/HD 700ml delivering vibrant, archival-grade prints with wide color gamut."
Consumable,C13T804700,C13T804700 Epson Singlepack Light Black UltraChrome HDX/HD 700ml,Epson,Ink Cartridge,Black,https://www.keplertechllc.com/product/c13t55k700-epson-singlepack-light-black-ultrachrome-hdx-hd-700ml-ink/,https://www.keplertechllc.com/wp-content/uploads/2023/08/C13T55K700-Epson-Singlepack-Light-Black-UltraChrome-HDXHD-700ml-Ink.webp,,450.0,Colour: Black | Yield/Cap:  | Stock: 10,Fits 0 printers: ,"Genuine OEM C13T804700 Epson Singlepack Light Black UltraChrome HDX/HD 700ml delivering vibrant, archival-grade prints with wide color gamut."
Consumable,C13T804800,C13T804800 Epson Singlepack Matte Black UltraChrome HDX/HD 700ml,Epson,Ink Cartridge,Black,https://www.keplertechllc.com/product/c13t55k800-epson-singlepack-matte-black-ultrachrome-hdx-hd-700ml-ink/,https://www.keplertechllc.com/wp-content/uploads/2023/08/C13T55K800-Epson-Singlepack-Matte-Black-UltraChrome-HDXHD-700ml-Ink.png,,450.0,Colour: Black | Yield/Cap:  | Stock: 10,Fits 0 printers: ,"Genuine OEM C13T804800 Epson Singlepack Matte Black UltraChrome HDX/HD 700ml delivering vibrant, archival-grade prints with wide color gamut."
Consumable,C13T804900,C13T804900 Epson Singlepack Light Light Black UltraChrome HDX/HD 700ml,Epson,Ink Cartridge,Black,https://www.keplertechllc.com/product/c13t55k900-epson-singlepack-light-light-black-ultrachrome-hdx-hd-700ml-ink/,https://www.keplertechllc.com/wp-content/uploads/2023/08/C13T55K900-Epson-Singlepack-Light-Light-Black-UltraChrome-HDXHD-700ml-Ink.webp,,450.0,Colour: Black | Yield/Cap:  | Stock: 10,Fits 0 printers: ,"Genuine OEM C13T804900 Epson Singlepack Light Light Black UltraChrome HDX/HD 700ml delivering vibrant, archival-grade prints with wide color gamut."
Consumable,C13T804B00,C13T804B00 Epson Singlepack Green UltraChrome HDX 700ml Ink,Epson,Ink Cartridge,Green,https://www.keplertechllc.com/product/c13t55k400-epson-singlepack-yellow-ultrachrome-hdx-hd-700ml-ink/,https://www.keplertechllc.com/wp-content/uploads/2023/08/C13T55K400-Epson-Singlepack-Yellow-UltraChrome-HDXHD-700ml-Ink.webp,,450.0,Colour: Green | Yield/Cap:  | Stock: 10,Fits 0 printers: ,"Genuine OEM C13T804B00 Epson Singlepack Green UltraChrome HDX 700ml Ink delivering vibrant, archival-grade prints with wide color gamut."
Consumable,C13T804A00,C13T804A00 Epson Singlepack Orange UltraChrome HDX 700ml,Epson,Ink Cartridge,Orange,https://www.keplertechllc.com/product/c13t55k200-epson-singlepack-cyan-ultrachrome-hdx-hd-700ml-ink/,https://www.keplertechllc.com/wp-content/uploads/2023/08/C13T55K200-Epson-Singlepack-Cyan-UltraChrome-HDXHD-700ml-Ink.webp,,450.0,Colour: Orange | Yield/Cap:  | Stock: 10,Fits 0 printers: ,"Genuine OEM C13T804A00 Epson Singlepack Orange UltraChrome HDX 700ml delivering vibrant, archival-grade prints with wide color gamut."
Consumable,C13T804D00,C13T804D00 Epson Singlepack Violet UltraChrome HDX 700ml Ink,Epson,Ink Cartridge,Violet,https://www.keplertechllc.com/product/c13t54xd00-epson-singlepack-violet-ultrachrome-hdx-hd-350ml-ink/,https://www.keplertechllc.com/wp-content/uploads/2023/08/Singlepack-Violet-T54XD00-UltraChrome-HDXHD-350ml.webp,,450.0,Colour: Violet | Yield/Cap:  | Stock: 10,Fits 0 printers: ,"Genuine OEM C13T804D00 Epson Singlepack Violet UltraChrome HDX 700ml Ink delivering vibrant, archival-grade prints with wide color gamut."
Consumable,C13T824100,C13T824100 Epson Singlepack Photo Black UltraChrome HDX/HD 350ml,Epson,Ink Cartridge,Black,https://www.keplertechllc.com/product/c13t54x100-epson-singlepack-photo-black-ultrachrome-hdx-hd-350ml-ink/,https://www.keplertechllc.com/wp-content/uploads/2023/08/C13T54X100-Epson-Singlepack-Photo-Black-UltraChrome-HDXHD-350ml-Ink.webp,,220.0,Colour: Black | Yield/Cap:  | Stock: 10,Fits 0 printers: ,"Genuine OEM C13T824100 Epson Singlepack Photo Black UltraChrome HDX/HD 350ml delivering vibrant, archival-grade prints with wide color gamut."
Consumable,C13T824200,C13T824200 Epson Singlepack Cyan UltraChrome HDX/HD 350ml Ink,Epson,Ink Cartridge,Cyan,https://www.keplertechllc.com/product/c13t54x200-epson-singlepack-cyan-ultrachrome-hdx-hd-350ml-ink/,https://www.keplertechllc.com/wp-content/uploads/2023/08/C13T54X200-Epson-Singlepack-Cyan-UltraChrome-HDXHD-350ml-Ink.webp,,220.0,Colour: Cyan | Yield/Cap:  | Stock: 10,Fits 0 printers: ,"Genuine OEM C13T824200 Epson Singlepack Cyan UltraChrome HDX/HD 350ml Ink delivering vibrant, archival-grade prints with wide color gamut."
Consumable,C13T824300,C13T824300 Epson Singlepack Vivid Magenta  UltraChrome HDX/HD 350ml,Epson,Ink Cartridge,Magenta,https://www.keplertechllc.com/product/c13t54x300-epson-singlepack-vivid-magenta-ultrachrome-hdx-hd-350ml-ink/,https://www.keplertechllc.com/wp-content/uploads/2023/08/C13T54X300-Epson-Singlepack-Vivid-Magenta-UltraChrome-HDXHD-350ml-Ink.webp,,220.0,Colour: Magenta | Yield/Cap:  | Stock: 10,Fits 0 printers: ,"Genuine OEM C13T824300 Epson Singlepack Vivid Magenta  UltraChrome HDX/HD 350ml delivering vibrant, archival-grade prints with wide color gamut."
Consumable,C13T824400,C13T824400 Epson Singlepack Yellow UltraChrome HDX/HD 350ml,Epson,Ink Cartridge,Yellow,https://www.keplertechllc.com/product/c13t55k400-epson-singlepack-yellow-ultrachrome-hdx-hd-700ml-ink/,https://www.keplertechllc.com/wp-content/uploads/2023/08/C13T55K400-Epson-Singlepack-Yellow-UltraChrome-HDXHD-700ml-Ink.webp,,220.0,Colour: Yellow | Yield/Cap:  | Stock: 10,Fits 0 printers: ,"Genuine OEM C13T824400 Epson Singlepack Yellow UltraChrome HDX/HD 350ml delivering vibrant, archival-grade prints with wide color gamut."
Consumable,C13T824500,C13T824500 Epson Singlepack Light Cyan UltraChrome HDX/HD 350ml,Epson,Ink Cartridge,Cyan,https://www.keplertechllc.com/product/c13t54x200-epson-singlepack-cyan-ultrachrome-hdx-hd-350ml-ink/,https://www.keplertechllc.com/wp-content/uploads/2023/08/C13T54X200-Epson-Singlepack-Cyan-UltraChrome-HDXHD-350ml-Ink.webp,,220.0,Colour: Cyan | Yield/Cap:  | Stock: 10,Fits 0 printers: ,"Genuine OEM C13T824500 Epson Singlepack Light Cyan UltraChrome HDX/HD 350ml delivering vibrant, archival-grade prints with wide color gamut."
Consumable,C13T824700,C13T824700 Epson Singlepack Light Black UltraChrome HDX/HD 350ml,Epson,Ink Cartridge,Black,https://www.keplertechllc.com/product/c13t55k700-epson-singlepack-light-black-ultrachrome-hdx-hd-700ml-ink/,https://www.keplertechllc.com/wp-content/uploads/2023/08/C13T55K700-Epson-Singlepack-Light-Black-UltraChrome-HDXHD-700ml-Ink.webp,,220.0,Colour: Black | Yield/Cap:  | Stock: 10,Fits 0 printers: ,"Genuine OEM C13T824700 Epson Singlepack Light Black UltraChrome HDX/HD 350ml delivering vibrant, archival-grade prints with wide color gamut."
Consumable,C13T824600,C13T824600 Epson Singlepack Vivid Light Magenta UltraChrome HDX/HD 350ml,Epson,Ink Cartridge,Magenta,https://www.keplertechllc.com/product/c13t54x300-epson-singlepack-vivid-magenta-ultrachrome-hdx-hd-350ml-ink/,https://www.keplertechllc.com/wp-content/uploads/2023/08/C13T54X300-Epson-Singlepack-Vivid-Magenta-UltraChrome-HDXHD-350ml-Ink.webp,,220.0,Colour: Magenta | Yield/Cap:  | Stock: 10,Fits 0 printers: ,"Genuine OEM C13T824600 Epson Singlepack Vivid Light Magenta UltraChrome HDX/HD 350ml delivering vibrant, archival-grade prints with wide color gamut."
Consumable,C13T824800,C13T824800 Epson Singlepack Matte Black UltraChrome HDX/HD 350ml,Epson,Ink Cartridge,Black,https://www.keplertechllc.com/product/c13t55k800-epson-singlepack-matte-black-ultrachrome-hdx-hd-700ml-ink/,https://www.keplertechllc.com/wp-content/uploads/2023/08/C13T55K800-Epson-Singlepack-Matte-Black-UltraChrome-HDXHD-700ml-Ink.png,,220.0,Colour: Black | Yield/Cap:  | Stock: 10,Fits 0 printers: ,"Genuine OEM C13T824800 Epson Singlepack Matte Black UltraChrome HDX/HD 350ml delivering vibrant, archival-grade prints with wide color gamut."
Consumable,C13T824900,C13T824900 Epson Singlepack Light Light Black UltraChrome 350ml,Epson,Ink Cartridge,Black,https://www.keplertechllc.com/product/c13t55k900-epson-singlepack-light-light-black-ultrachrome-hdx-hd-700ml-ink/,https://www.keplertechllc.com/wp-content/uploads/2023/08/C13T55K900-Epson-Singlepack-Light-Light-Black-UltraChrome-HDXHD-700ml-Ink.webp,,220.0,Colour: Black | Yield/Cap:  | Stock: 10,Fits 0 printers: ,"Genuine OEM C13T824900 Epson Singlepack Light Light Black UltraChrome 350ml delivering vibrant, archival-grade prints with wide color gamut."
Consumable,C13T824A00,C13T824A00 Epson Singlepack Orange UltraChrome HDX 350ml,Epson,Ink Cartridge,Orange,https://www.keplertechllc.com/product/c13t54x200-epson-singlepack-cyan-ultrachrome-hdx-hd-350ml-ink/,https://www.keplertechllc.com/wp-content/uploads/2023/08/C13T54X200-Epson-Singlepack-Cyan-UltraChrome-HDXHD-350ml-Ink.webp,,220.0,Colour: Orange | Yield/Cap:  | Stock: 10,Fits 0 printers: ,"Genuine OEM C13T824A00 Epson Singlepack Orange UltraChrome HDX 350ml delivering vibrant, archival-grade prints with wide color gamut."
Consumable,C13T824B00,C13T824B00 Epson Singlepack Green UltraChrome HDX 350ml,Epson,Ink Cartridge,Green,https://www.keplertechllc.com/product/c13t54x200-epson-singlepack-cyan-ultrachrome-hdx-hd-350ml-ink/,https://www.keplertechllc.com/wp-content/uploads/2023/08/C13T54X200-Epson-Singlepack-Cyan-UltraChrome-HDXHD-350ml-Ink.webp,,220.0,Colour: Green | Yield/Cap:  | Stock: 10,Fits 0 printers: ,"Genuine OEM C13T824B00 Epson Singlepack Green UltraChrome HDX 350ml delivering vibrant, archival-grade prints with wide color gamut."
Consumable,C13T824D00,C13T824D00 Epson Singlepack Violet UltraChrome HDX 350ml,Epson,Ink Cartridge,Violet,https://www.keplertechllc.com/product/c13t54xd00-epson-singlepack-violet-ultrachrome-hdx-hd-350ml-ink/,https://www.keplertechllc.com/wp-content/uploads/2023/08/Singlepack-Violet-T54XD00-UltraChrome-HDXHD-350ml.webp,,220.0,Colour: Violet | Yield/Cap:  | Stock: 10,Fits 0 printers: ,"Genuine OEM C13T824D00 Epson Singlepack Violet UltraChrome HDX 350ml delivering vibrant, archival-grade prints with wide color gamut."
Consumable,C13T913100,C13T913100 Epson Photo Black Ink Cartridge (200ml),Epson,Ink Cartridge,Black,https://www.keplertechllc.com/product/c13t913100-epson-photo-black-ink-cartridge-200ml/,https://www.keplertechllc.com/wp-content/uploads/2023/03/T9131-Photo-Black-Ink-Cartridge-200ml.webp,,220.0,Colour: Black | Yield/Cap:  | Stock: 0,Fits 0 printers: ,"Genuine OEM C13T913100 Epson Photo Black Ink Cartridge (200ml) delivering vibrant, archival-grade prints with wide color gamut."
Consumable,C13T913300,C13T913300 Epson Vivid Magenta Ink Cartridge (200ml),Epson,Ink Cartridge,Magenta,https://www.keplertechllc.com/product/c13t913300-epson-vivid-magenta-ink-cartridge-200ml/,https://www.keplertechllc.com/wp-content/uploads/2023/03/T9133-Vivid-Magenta-Ink-Cartridge-200ml.webp,,220.0,Colour: Magenta | Yield/Cap:  | Stock: 0,Fits 0 printers: ,"Genuine OEM C13T913300 Epson Vivid Magenta Ink Cartridge (200ml) delivering vibrant, archival-grade prints with wide color gamut."
Consumable,C13T913400,C13T913400 Epson Yellow Ink Cartridge (200ml),Epson,Ink Cartridge,Yellow,https://www.keplertechllc.com/product/c13t913400-epson-yellow-ink-cartridge-200ml/,https://www.keplertechllc.com/wp-content/uploads/2023/03/T9134-Yellow-Ink-Cartridge-200ml.webp,,220.0,Colour: Yellow | Yield/Cap:  | Stock: 0,Fits 0 printers: ,"Genuine OEM C13T913400 Epson Yellow Ink Cartridge (200ml) delivering vibrant, archival-grade prints with wide color gamut."
Consumable,C13T913200,C13T913200 Epson Cyan Ink Cartridge (200ml),Epson,Ink Cartridge,Cyan,https://www.keplertechllc.com/product/c13t913200-epson-cyan-ink-cartridge-200ml/,https://www.keplertechllc.com/wp-content/uploads/2023/03/T9132-Cyan-Ink-Cartridge-200ml.webp,,220.0,Colour: Cyan | Yield/Cap:  | Stock: 0,Fits 0 printers: ,"Genuine OEM C13T913200 Epson Cyan Ink Cartridge (200ml) delivering vibrant, archival-grade prints with wide color gamut."
Consumable,C13T913600,C13T913600 Epson Vivid Light Magenta Ink Cartridge (200ml),Epson,Ink Cartridge,Magenta,https://www.keplertechllc.com/product/c13t913600-epson-vivid-light-magenta-ink-cartridge-200ml/,https://www.keplertechllc.com/wp-content/uploads/2023/03/T9136-Vivid-Light-Magenta-Ink-Cartridge-200ml.webp,,220.0,Colour: Magenta | Yield/Cap:  | Stock: 0,Fits 0 printers: ,"Genuine OEM C13T913600 Epson Vivid Light Magenta Ink Cartridge (200ml) delivering vibrant, archival-grade prints with wide color gamut."
Consumable,C13T913700,C13T913700 Epson Light Black Ink Cartridge (200ml),Epson,Ink Cartridge,Black,https://www.keplertechllc.com/product/c13t913700-light-black-ink-cartridge-200ml/,https://www.keplertechllc.com/wp-content/uploads/2023/03/T9137-Light-Black-Ink-Cartridge-200ml.webp,,220.0,Colour: Black | Yield/Cap:  | Stock: 10,Fits 0 printers: ,"Genuine OEM C13T913700 Epson Light Black Ink Cartridge (200ml) delivering vibrant, archival-grade prints with wide color gamut."
Consumable,C13T913500,C13T913500 Epson Light Cyan Ink Cartridge (200ml),Epson,Ink Cartridge,Cyan,https://www.keplertechllc.com/product/c13t913500-light-cyan-ink-cartridge-200ml/,https://www.keplertechllc.com/wp-content/uploads/2023/03/T9135-Light-Cyan-Ink-Cartridge-200ml.webp,,220.0,Colour: Cyan | Yield/Cap:  | Stock: 10,Fits 0 printers: ,"Genuine OEM C13T913500 Epson Light Cyan Ink Cartridge (200ml) delivering vibrant, archival-grade prints with wide color gamut."
Consumable,C13T913A00,C13T913A00 Epson Orange Ink Cartridge (200ml),Epson,Ink Cartridge,Orange,https://www.keplertechllc.com/product/c13t913a00-epson-orange-ink-cartridge-200ml/,https://www.keplertechllc.com/wp-content/uploads/2023/03/T913A-Orange-Ink-Cartridge-200ml.webp,,220.0,Colour: Orange | Yield/Cap:  | Stock: 0,Fits 0 printers: ,"Genuine OEM C13T913A00 Epson Orange Ink Cartridge (200ml) delivering vibrant, archival-grade prints with wide color gamut."
Consumable,C13T913800,C13T913800 Epson Matte Black Ink Cartridge (200ml),Epson,Ink Cartridge,Black,https://www.keplertechllc.com/product/c13t913800-epson-matte-black-ink-cartridge-200ml/,https://www.keplertechllc.com/wp-content/uploads/2023/03/T9138-Matte-Black-Ink-Cartridge-200ml.webp,,220.0,Colour: Black | Yield/Cap:  | Stock: 0,Fits 0 printers: ,"Genuine OEM C13T913800 Epson Matte Black Ink Cartridge (200ml) delivering vibrant, archival-grade prints with wide color gamut."
Consumable,C13T913900,C13T913900 Epson Light Light Black Ink Cartridge (200ml),Epson,Ink Cartridge,Black,https://www.keplertechllc.com/product/c13t913900-epson-light-light-black-ink-cartridge-200ml/,https://www.keplertechllc.com/wp-content/uploads/2023/04/T9139-Light-Light-Black-Ink-Cartridge-200ml.webp,,220.0,Colour: Black | Yield/Cap:  | Stock: 0,Fits 0 printers: ,"Genuine OEM C13T913900 Epson Light Light Black Ink Cartridge (200ml) delivering vibrant, archival-grade prints with wide color gamut."
Consumable,C13T913D00,C13T913D00 Epson Violet Ink Cartridge (200ml),Epson,Ink Cartridge,Violet,https://www.keplertechllc.com/product/c13t913d00-epson-violet-ink-cartridge-200ml/,https://www.keplertechllc.com/wp-content/uploads/2023/04/T913D-Violet-Ink-Cartridge-200ml.webp,,220.0,Colour: Violet | Yield/Cap:  | Stock: 0,Fits 0 printers: ,"Genuine OEM C13T913D00 Epson Violet Ink Cartridge (200ml) delivering vibrant, archival-grade prints with wide color gamut."
Consumable,C13T913B00,C13T913B00 Epson Green Ink Cartridge (200ml),Epson,Ink Cartridge,Green,https://www.keplertechllc.com/product/c13t913b00-epson-green-ink-cartridge-200ml/,https://www.keplertechllc.com/wp-content/uploads/2023/04/T913B-Green-Ink-Cartridge-200ml.webp,,220.0,Colour: Green | Yield/Cap:  | Stock: 0,Fits 0 printers: ,"Genuine OEM C13T913B00 Epson Green Ink Cartridge (200ml) delivering vibrant, archival-grade prints with wide color gamut."
Consumable,C13T619000,Epson Maintenance Box - C13T619000,Epson,Maintenance Box,Maintenance/Supply,https://www.keplertechllc.com/product/epson-maintenance-box-c13t619000/,https://www.keplertechllc.com/wp-content/uploads/2023/04/Maintenance-Box-C13T619000.webp,,180.0,Colour:  | Yield/Cap:  | Stock: 0,Fits 0 printers: ,Genuine OEM Epson Maintenance Box - C13T619000 designed for reliable printer maintenance and waste ink collection.
Consumable,C13T47A100,C13T47A100 Epson Singlepack Photo Black UltraChrome Pro10 Ink,Epson,Ink Cartridge,Black,https://www.keplertechllc.com/product/c13t47a100-epson-singlepack-photo-black-ultrachrome-pro10-ink-50ml/,https://www.keplertechllc.com/wp-content/uploads/2023/04/Singlepack-Photo-Black-T47A1-UltraChrome-Pro-10-ink-50ml.webp,,198.0,Colour: Black | Yield/Cap:  | Stock: 0,Fits 2 printers: Epson SureColor SC-P900 (epson-sc-p900); Epson SureColor SC-P900 with Roll Adapter (epson-sc-p900-roll),"Genuine OEM C13T47A100 Epson Singlepack Photo Black UltraChrome Pro10 Ink delivering vibrant, archival-grade prints with wide color gamut."
Consumable,C13T47A200,C13T47A200 Epson Singlepack Cyan UltraChrome Pro 10 Ink,Epson,Ink Cartridge,Cyan,https://www.keplertechllc.com/product/c13t47a200-epson-singlepack-cyan-ultrachrome-pro-10-ink-50ml/,https://www.keplertechllc.com/wp-content/uploads/2023/04/Singlepack-Cyan-T47A2-UltraChrome-Pro-10-ink-50ml.webp,,198.0,Colour: Cyan | Yield/Cap:  | Stock: 0,Fits 2 printers: Epson SureColor SC-P900 (epson-sc-p900); Epson SureColor SC-P900 with Roll Adapter (epson-sc-p900-roll),"Genuine OEM C13T47A200 Epson Singlepack Cyan UltraChrome Pro 10 Ink delivering vibrant, archival-grade prints with wide color gamut."
Consumable,C13T47A300,C13T47A300 Epson Singlepack Vivid Magenta UltraChrome Pro10 Ink,Epson,Ink Cartridge,Magenta,https://www.keplertechllc.com/product/c13t47a300-epson-singlepack-vivid-magenta-ultrachrome-pro-10-ink/,https://www.keplertechllc.com/wp-content/uploads/2023/04/Singlepack-Vivid-Magenta-T47A3-UltraChrome-Pro-10-ink-50ml.webp,,198.0,Colour: Magenta | Yield/Cap:  | Stock: 10,Fits 2 printers: Epson SureColor SC-P900 (epson-sc-p900); Epson SureColor SC-P900 with Roll Adapter (epson-sc-p900-roll),"Genuine OEM C13T47A300 Epson Singlepack Vivid Magenta UltraChrome Pro10 Ink delivering vibrant, archival-grade prints with wide color gamut."
Consumable,C13T47A500,C13T47A500 Epson Singlepack Light Cyan UltraChrome Pro10 Ink,Epson,Ink Cartridge,Cyan,https://www.keplertechllc.com/product/c13t47a500-singlepack-light-cyan-ultrachrome-pro-10-ink-50ml/,https://www.keplertechllc.com/wp-content/uploads/2023/04/Singlepack-Light-Cyan-T47A5-UltraChrome-Pro-10-ink-50ml.webp,,198.0,Colour: Cyan | Yield/Cap:  | Stock: 10,Fits 2 printers: Epson SureColor SC-P900 (epson-sc-p900); Epson SureColor SC-P900 with Roll Adapter (epson-sc-p900-roll),"Genuine OEM C13T47A500 Epson Singlepack Light Cyan UltraChrome Pro10 Ink delivering vibrant, archival-grade prints with wide color gamut."
Consumable,C13T47A400,C13T47A400 Epson Singlepack Yellow UltraChrome Pro10 Ink,Epson,Ink Cartridge,Yellow,https://www.keplertechllc.com/product/c13t47a400-epson-singlepack-yellow-ultrachrome-pro-10-ink-50ml/,https://www.keplertechllc.com/wp-content/uploads/2023/04/Singlepack-Yellow-T47A4-UltraChrome-Pro-10-ink-50ml.webp,,198.0,Colour: Yellow | Yield/Cap:  | Stock: 10,Fits 2 printers: Epson SureColor SC-P900 (epson-sc-p900); Epson SureColor SC-P900 with Roll Adapter (epson-sc-p900-roll),"Genuine OEM C13T47A400 Epson Singlepack Yellow UltraChrome Pro10 Ink delivering vibrant, archival-grade prints with wide color gamut."
Consumable,C13T47A600,C13T47A600 Epson Singlepack Vivid Light Magenta UltraChrome Pro10 Ink 50ml,Epson,Ink Cartridge,Magenta,https://www.keplertechllc.com/product/c13t47a600-singlepack-vivid-light-magenta-ultrachrome-pro-10-ink-50ml/,https://www.keplertechllc.com/wp-content/uploads/2023/04/Singlepack-Vivid-Light-Magenta-T47A6-UltraChrome-Pro-10-ink-50ml.webp,,198.0,Colour: Magenta | Yield/Cap:  | Stock: 10,Fits 2 printers: Epson SureColor SC-P900 (epson-sc-p900); Epson SureColor SC-P900 with Roll Adapter (epson-sc-p900-roll),"Genuine OEM C13T47A600 Epson Singlepack Vivid Light Magenta UltraChrome Pro10 Ink 50ml delivering vibrant, archival-grade prints with wide color gamut."
Consumable,C13T47A700,C13T47A700 Epson Singlepack Gray UltraChrome Pro 10 Ink 50ml,Epson,Ink Cartridge,Gray,https://www.keplertechllc.com/product/c13t47a700-singlepack-gray-ultrachrome-pro-10-ink-50ml/,https://www.keplertechllc.com/wp-content/uploads/2023/04/Singlepack-Gray-T47A7-UltraChrome-Pro-10-ink-50ml.webp,,198.0,Colour: Gray | Yield/Cap:  | Stock: 10,Fits 2 printers: Epson SureColor SC-P900 (epson-sc-p900); Epson SureColor SC-P900 with Roll Adapter (epson-sc-p900-roll),"Genuine OEM C13T47A700 Epson Singlepack Gray UltraChrome Pro 10 Ink 50ml delivering vibrant, archival-grade prints with wide color gamut."
Consumable,C13T47A800,C13T47A800 Epson Singlepack Matte Black UltraChrome Pro10 Ink,Epson,Ink Cartridge,Black,https://www.keplertechllc.com/product/c13t47a800-epson-singlepack-matte-black-ultrachrome-pro-10-ink-50ml/,https://www.keplertechllc.com/wp-content/uploads/2023/04/Singlepack-Matte-Black-T47A8-UltraChrome-Pro-10-ink-50ml.webp,,198.0,Colour: Black | Yield/Cap:  | Stock: 10,Fits 2 printers: Epson SureColor SC-P900 (epson-sc-p900); Epson SureColor SC-P900 with Roll Adapter (epson-sc-p900-roll),"Genuine OEM C13T47A800 Epson Singlepack Matte Black UltraChrome Pro10 Ink delivering vibrant, archival-grade prints with wide color gamut."
Consumable,C13T47A900,C13T47A900 Epson Singlepack Light Gray UltraChrome Pro 10 Ink 50ml,Epson,Ink Cartridge,Gray,https://www.keplertechllc.com/product/c13t47a900-epson-singlepack-light-gray-ultrachrome-pro-10-ink-50ml/,https://www.keplertechllc.com/wp-content/uploads/2023/04/Singlepack-Light-Gray-T47A9-UltraChrome-Pro-10-ink-50ml.webp,,198.0,Colour: Gray | Yield/Cap:  | Stock: 0,Fits 2 printers: Epson SureColor SC-P900 (epson-sc-p900); Epson SureColor SC-P900 with Roll Adapter (epson-sc-p900-roll),"Genuine OEM C13T47A900 Epson Singlepack Light Gray UltraChrome Pro 10 Ink 50ml delivering vibrant, archival-grade prints with wide color gamut."
Consumable,C13T47AD00,C13T47AD00 Epson Singlepack Violet T47AD UltraChrome Pro10 Ink,Epson,Ink Cartridge,Violet,https://www.keplertechllc.com/product/c13t47ad00-epson-singlepack-violet-t47ad-ultrachrome-pro-10-ink-50ml/,https://www.keplertechllc.com/wp-content/uploads/2023/04/Singlepack-Violet-T47AD-UltraChrome-Pro-10-ink-50ml.webp,,198.0,Colour: Violet | Yield/Cap:  | Stock: 10,Fits 2 printers: Epson SureColor SC-P900 (epson-sc-p900); Epson SureColor SC-P900 with Roll Adapter (epson-sc-p900-roll),"Genuine OEM C13T47AD00 Epson Singlepack Violet T47AD UltraChrome Pro10 Ink delivering vibrant, archival-grade prints with wide color gamut."
Consumable,C12C935711,Epson C12C935711 Maintenance Tank - SC-P700/SC-P900,Epson,Maintenance Box,Maintenance/Supply,https://www.keplertechllc.com/product/maintenance-tank-sc-p700-sc-p900-c12c935711/,https://www.keplertechllc.com/wp-content/uploads/2023/04/Maintenance-Tank-SC-P700SC-P900-C12C935711.webp,,155.0,Colour:  | Yield/Cap: Zero black-switch ink waste (dedicated Photo/Matte channels) (25ml Individual Ink Cartridges) | Stock: 10,Fits 3 printers: Epson SureColor SC-P700 (epson-sc-p700); Epson SureColor SC-P900 (epson-sc-p900); Epson SureColor SC-P900 with Roll Adapter (epson-sc-p900-roll),Genuine OEM Epson C12C935711 Maintenance Tank - SC-P700/SC-P900 designed for reliable printer maintenance and waste ink collection.
Consumable,C13T46S100,C13T46S100 Epson Singlepack Photo Black UltraChrome Pro10 Ink,Epson,Ink Cartridge,Black,https://www.keplertechllc.com/product/c13t46s100-epson-singlepack-photo-black-ultrachrome-pro-10-ink-25ml/,https://www.keplertechllc.com/wp-content/uploads/2023/04/Singlepack-Photo-Black-T46S1-UltraChrome-Pro-10-ink-25ml.webp,,220.0,Colour: Black | Yield/Cap:  | Stock: 10,Fits 1 printers: Epson SureColor SC-P700 (epson-sc-p700),"Genuine OEM C13T46S100 Epson Singlepack Photo Black UltraChrome Pro10 Ink delivering vibrant, archival-grade prints with wide color gamut."
Consumable,C13T46S200,C13T46S200 Epson Singlepack Cyan UltraChrome Pro10 Ink,Epson,Ink Cartridge,Cyan,https://www.keplertechllc.com/product/c13t46s200-epson-singlepack-cyan-ultrachrome-pro-10-ink-25ml/,https://www.keplertechllc.com/wp-content/uploads/2023/04/Singlepack-Light-Cyan-T46S5-UltraChrome-Pro-10-ink-25ml.webp,,220.0,Colour: Cyan | Yield/Cap:  | Stock: 10,Fits 1 printers: Epson SureColor SC-P700 (epson-sc-p700),"Genuine OEM C13T46S200 Epson Singlepack Cyan UltraChrome Pro10 Ink delivering vibrant, archival-grade prints with wide color gamut."
Consumable,C13T46S300,C13T46S300 Epson Singlepack Vivid Magenta UltraChrome Pro10 Ink,Epson,Ink Cartridge,Magenta,https://www.keplertechllc.com/product/c13t46s300-epson-singlepack-vivid-magenta-ultrachrome-pro-10-ink-25ml/,https://www.keplertechllc.com/wp-content/uploads/2023/04/Singlepack-Vivid-Magenta-T46S3-UltraChrome-Pro-10-ink-25ml.webp,,220.0,Colour: Magenta | Yield/Cap:  | Stock: 10,Fits 1 printers: Epson SureColor SC-P700 (epson-sc-p700),"Genuine OEM C13T46S300 Epson Singlepack Vivid Magenta UltraChrome Pro10 Ink delivering vibrant, archival-grade prints with wide color gamut."
Consumable,C13T46S400,C13T46S400 Epson Singlepack Yellow UltraChrome Pro10 Ink,Epson,Ink Cartridge,Yellow,https://www.keplertechllc.com/product/c13t46s400-epson-singlepack-yellow-ultrachrome-pro-10-ink-25ml/,https://www.keplertechllc.com/wp-content/uploads/2023/04/Singlepack-Yellow-T46S4-UltraChrome-Pro-10-ink-25ml.webp,,220.0,Colour: Yellow | Yield/Cap:  | Stock: 10,Fits 1 printers: Epson SureColor SC-P700 (epson-sc-p700),"Genuine OEM C13T46S400 Epson Singlepack Yellow UltraChrome Pro10 Ink delivering vibrant, archival-grade prints with wide color gamut."
Consumable,C13T46S500,C13T46S500 Epson Singlepack Light Cyan UltraChrome Pro10 Ink,Epson,Ink Cartridge,Cyan,https://www.keplertechllc.com/product/c13t46s500-epson-singlepack-light-cyan-ultrachrome-ink/,https://www.keplertechllc.com/wp-content/uploads/2023/04/Singlepack-Light-Cyan-T46S5-UltraChrome-Pro-10-ink-25ml-1.webp,,220.0,Colour: Cyan | Yield/Cap:  | Stock: 10,Fits 1 printers: Epson SureColor SC-P700 (epson-sc-p700),"Genuine OEM C13T46S500 Epson Singlepack Light Cyan UltraChrome Pro10 Ink delivering vibrant, archival-grade prints with wide color gamut."
Consumable,C13T46S600,C13T46S600 Epson Singlepack Vivid Light Magenta UltraChrome Pro 10 Ink,Epson,Ink Cartridge,Magenta,https://www.keplertechllc.com/product/c13t46s600-epson-singlepack-vivid-light-magenta-ultrachrome-ink/,https://www.keplertechllc.com/wp-content/uploads/2023/04/Singlepack-Vivid-Light-Magenta-T46S6-UltraChrome-Pro-10-ink-25ml.webp,,220.0,Colour: Magenta | Yield/Cap:  | Stock: 10,Fits 1 printers: Epson SureColor SC-P700 (epson-sc-p700),"Genuine OEM C13T46S600 Epson Singlepack Vivid Light Magenta UltraChrome Pro 10 Ink delivering vibrant, archival-grade prints with wide color gamut."
Consumable,C13T46S700,C13T46S700 Epson Singlepack Gray UltraChrome Pro10 Ink,Epson,Ink Cartridge,Gray,https://www.keplertechllc.com/product/c13t46s700-singlepack-gray-ultrachrome-pro-10-ink-25ml/,https://www.keplertechllc.com/wp-content/uploads/2023/04/Singlepack-Gray-T46S7-UltraChrome-Pro-10-ink-25ml.webp,,220.0,Colour: Gray | Yield/Cap:  | Stock: 10,Fits 1 printers: Epson SureColor SC-P700 (epson-sc-p700),"Genuine OEM C13T46S700 Epson Singlepack Gray UltraChrome Pro10 Ink delivering vibrant, archival-grade prints with wide color gamut."
Consumable,C13T46S800,C13T46S800 Epson Singlepack Matte Black UltraChrome Pro10 Ink,Epson,Ink Cartridge,Black,https://www.keplertechllc.com/product/c13t46s800-epson-singlepack-matte-black-ultrachrome-pro-10-ink/,https://www.keplertechllc.com/wp-content/uploads/2023/04/Singlepack-Matte-Black-T46S8-UltraChrome-Pro-10-ink-25ml.webp,,220.0,Colour: Black | Yield/Cap:  | Stock: 10,Fits 1 printers: Epson SureColor SC-P700 (epson-sc-p700),"Genuine OEM C13T46S800 Epson Singlepack Matte Black UltraChrome Pro10 Ink delivering vibrant, archival-grade prints with wide color gamut."
Consumable,C13T46S900,C13T46S900 Epson Singlepack Light Gray UltraChrome Pro10 Ink,Epson,Ink Cartridge,Gray,https://www.keplertechllc.com/product/c13t46s900-epson-singlepack-light-gray-ultrachrome-pro-10-ink/,https://www.keplertechllc.com/wp-content/uploads/2023/04/Singlepack-Light-Gray-T46S9-UltraChrome-Pro-10-ink-25ml.webp,,220.0,Colour: Gray | Yield/Cap:  | Stock: 10,Fits 1 printers: Epson SureColor SC-P700 (epson-sc-p700),"Genuine OEM C13T46S900 Epson Singlepack Light Gray UltraChrome Pro10 Ink delivering vibrant, archival-grade prints with wide color gamut."
Consumable,C13T46SD00,C13T46SD00 Epson Singlepack Violet Ink,Epson,Ink Cartridge,Violet,https://www.keplertechllc.com/product/c13t46sd00-epson-singlepack-violet-ultrachrome-pro-10-ink-25ml/,https://www.keplertechllc.com/wp-content/uploads/2023/04/Singlepack-Violet-T46SD-UltraChrome-Pro-10-ink-25ml.webp,,220.0,Colour: Violet | Yield/Cap:  | Stock: 10,Fits 1 printers: Epson SureColor SC-P700 (epson-sc-p700),"Genuine OEM C13T46SD00 Epson Singlepack Violet Ink delivering vibrant, archival-grade prints with wide color gamut."
Consumable,C13T619100,"Epson Maintenance Tank 17"" (Borderless) - C13T619100",Epson,Maintenance Box,Maintenance/Supply,https://www.keplertechllc.com/product/epson-maintenance-box-c13t619000/,https://www.keplertechllc.com/wp-content/uploads/2023/04/Maintenance-Box-C13T619000.webp,,180.0,Colour:  | Yield/Cap:  | Stock: 10,Fits 0 printers: ,"Genuine OEM Epson Maintenance Tank 17"" (Borderless) - C13T619100 designed for reliable printer maintenance and waste ink collection."
Consumable,C13T02S100,C13T02S100 Epson WorkForce Enterprise WF-C20750 Black Ink,Epson,Ink Cartridge,Black,https://www.keplertechllc.com/product/c13t02s100-epson-workforce-enterprise-wf-c20750-black-ink/,https://www.keplertechllc.com/wp-content/uploads/2023/04/WorkForce-Enterprise-WF-C20750-Black-Ink-C13T02S100.webp,,1290.0,Colour: Black | Yield/Cap:  | Stock: 0,Fits 0 printers: ,"Genuine OEM C13T02S100 Epson WorkForce Enterprise WF-C20750 Black Ink delivering vibrant, archival-grade prints with wide color gamut."
Consumable,C13T02S300,C13T02S300 Epson WorkForce Enterprise WF-C20750 Magenta Ink,Epson,Ink Cartridge,Magenta,https://www.keplertechllc.com/product/c13t02s300-epson-workforce-enterprise-wf-c20750-magenta-ink/,https://www.keplertechllc.com/wp-content/uploads/2023/04/WorkForce-Enterprise-WF-C20750-Magenta-Ink-C13T02S300.webp,,1790.0,Colour: Magenta | Yield/Cap:  | Stock: 0,Fits 0 printers: ,"Genuine OEM C13T02S300 Epson WorkForce Enterprise WF-C20750 Magenta Ink delivering vibrant, archival-grade prints with wide color gamut."
Consumable,C13T02S200,C13T02S200 Epson WorkForce Enterprise WF-C20750 Cyan Ink,Epson,Ink Cartridge,Cyan,https://www.keplertechllc.com/product/c13t02s200-epson-workforce-enterprise-wf-c20750-cyan-ink/,https://www.keplertechllc.com/wp-content/uploads/2023/04/WorkForce-Enterprise-WF-C20750-Cyan-Ink-C13T02S200.webp,,1790.0,Colour: Cyan | Yield/Cap:  | Stock: 0,Fits 0 printers: ,"Genuine OEM C13T02S200 Epson WorkForce Enterprise WF-C20750 Cyan Ink delivering vibrant, archival-grade prints with wide color gamut."
Consumable,C13T02S400,C13T02S400 Epson WorkForce Enterprise WF-C20750 Yellow Ink,Epson,Ink Cartridge,Yellow,https://www.keplertechllc.com/product/c13t02s400-epson-workforce-enterprise-wf-c20750-yellow-ink/,https://www.keplertechllc.com/wp-content/uploads/2023/04/WorkForce-Enterprise-WF-C20750-Yellow-Ink-C13T02S400.webp,,1790.0,Colour: Yellow | Yield/Cap:  | Stock: 0,Fits 0 printers: ,"Genuine OEM C13T02S400 Epson WorkForce Enterprise WF-C20750 Yellow Ink delivering vibrant, archival-grade prints with wide color gamut."
Consumable,C13T02Y100,C13T02Y100 Epson WorkForce Enterprise WF-C21000 Black Ink,Epson,Ink Cartridge,Black,https://www.keplertechllc.com/product/c13t02y100-epson-workforce-enterprise-wf-c21000-black-ink/,https://www.keplertechllc.com/wp-content/uploads/2023/04/WorkForce-Enterprise-WF-C21000-Black-Ink-C13T02Y100.webp,,220.0,Colour: Black | Yield/Cap:  | Stock: 0,Fits 1 printers: Epson WorkForce Enterprise WF-C21000 D4TW (epson-wf-c21000-d4tw),"Genuine OEM C13T02Y100 Epson WorkForce Enterprise WF-C21000 Black Ink delivering vibrant, archival-grade prints with wide color gamut."
Consumable,C13T02Y200,C13T02Y200 Epson WorkForce Enterprise WF-C21000 Cyan Ink,Epson,Ink Cartridge,Cyan,https://www.keplertechllc.com/product/c13t02y200-epson-workforce-enterprise-wf-c21000-cyan-ink/,https://www.keplertechllc.com/wp-content/uploads/2023/04/WorkForce-Enterprise-WF-C21000-Cyan-Ink-C13T02Y200.webp,,220.0,Colour: Cyan | Yield/Cap:  | Stock: 0,Fits 1 printers: Epson WorkForce Enterprise WF-C21000 D4TW (epson-wf-c21000-d4tw),"Genuine OEM C13T02Y200 Epson WorkForce Enterprise WF-C21000 Cyan Ink delivering vibrant, archival-grade prints with wide color gamut."
Consumable,C13T02Y300,C13T02Y300 Epson WorkForce Enterprise WF-C21000 Magenta Ink,Epson,Ink Cartridge,Magenta,https://www.keplertechllc.com/product/c13t02y300-epson-workforce-enterprise-wf-c21000-magenta-ink/,https://www.keplertechllc.com/wp-content/uploads/2023/04/WorkForce-Enterprise-WF-C21000-Magenta-Ink-C13T02Y300.webp,,220.0,Colour: Magenta | Yield/Cap:  | Stock: 0,Fits 1 printers: Epson WorkForce Enterprise WF-C21000 D4TW (epson-wf-c21000-d4tw),"Genuine OEM C13T02Y300 Epson WorkForce Enterprise WF-C21000 Magenta Ink delivering vibrant, archival-grade prints with wide color gamut."
Consumable,C13T02Y400,C13T02Y400 Epson WorkForce Enterprise WF-C21000 Yellow Ink,Epson,Ink Cartridge,Yellow,https://www.keplertechllc.com/product/c13t02y400-epson-workforce-enterprise-wf-c21000-yellow-ink/,https://www.keplertechllc.com/wp-content/uploads/2023/04/WorkForce-Enterprise-WF-C21000-Yellow-Ink-C13T02Y400.webp,,220.0,Colour: Yellow | Yield/Cap:  | Stock: 0,Fits 1 printers: Epson WorkForce Enterprise WF-C21000 D4TW (epson-wf-c21000-d4tw),"Genuine OEM C13T02Y400 Epson WorkForce Enterprise WF-C21000 Yellow Ink delivering vibrant, archival-grade prints with wide color gamut."
Consumable,C13T946140,C13T946140 Epson WF-C5290/WF-C5790 Series XXL Black Ink Cartridge,Epson,Ink Cartridge,Black,https://www.keplertechllc.com/product/c13t946140-epson-wf-c5290-wf-c5790-series-ink-cartridge-xxl-black/,https://www.keplertechllc.com/wp-content/uploads/2023/04/WF-C5290-WF-C5790-Ink-Cartridge-XXL-Black-C13T946140.webp,,450.0,Colour: Black | Yield/Cap:  | Stock: 10,Fits 0 printers: ,"Genuine OEM C13T946140 Epson WF-C5290/WF-C5790 Series XXL Black Ink Cartridge delivering vibrant, archival-grade prints with wide color gamut."
Consumable,C13T945140,C13T945140 Epson WF-C52xx / WF-C57xx Series XL Black Ink Cartridge,Epson,Ink Cartridge,Black,https://www.keplertechllc.com/product/epson-c13t945140-wf-c52xx-wf-c57xx-series-ink-cartridge-xl-black/,https://www.keplertechllc.com/wp-content/uploads/2023/04/WF-C5290-WF-C5790-Series-Ink-Cartridge-XL-Black.webp,,220.0,Colour: Black | Yield/Cap:  | Stock: 10,Fits 0 printers: ,"Genuine OEM C13T945140 Epson WF-C52xx / WF-C57xx Series XL Black Ink Cartridge delivering vibrant, archival-grade prints with wide color gamut."
Consumable,C13T945240,C13T945240 Epson WF-C52xx/WF-C57xx Series XL Cyan Ink Cartridge,Epson,Ink Cartridge,Cyan,https://www.keplertechllc.com/product/c13t945240-epson-wf-c52xx-wf-c57xx-series-ink-cartridge-xl-cyan/,https://www.keplertechllc.com/wp-content/uploads/2023/04/WF-C5290-WF-C5790-Series-Ink-Cartridge-XL-Cyan-C13T945240.webp,,220.0,Colour: Cyan | Yield/Cap:  | Stock: 10,Fits 0 printers: ,"Genuine OEM C13T945240 Epson WF-C52xx/WF-C57xx Series XL Cyan Ink Cartridge delivering vibrant, archival-grade prints with wide color gamut."
Consumable,C13T945340,C13T945340 Epson WF-C52xx/WF-C57xx Series XL Magenta Ink Cartridge,Epson,Ink Cartridge,Magenta,https://www.keplertechllc.com/product/c13t945340-wf-c52xx-wf-c57xx-series-ink-cartridge-xl-magenta/,https://www.keplertechllc.com/wp-content/uploads/2023/04/WF-C5290-WF-C5790-Series-Ink-Cartridge-L-Magenta.webp,,220.0,Colour: Magenta | Yield/Cap:  | Stock: 10,Fits 0 printers: ,"Genuine OEM C13T945340 Epson WF-C52xx/WF-C57xx Series XL Magenta Ink Cartridge delivering vibrant, archival-grade prints with wide color gamut."
Consumable,C13T945440,C13T945440 Epson WF-C52xx / WF-C57xx Series XL Yellow Ink Cartridge,Epson,Ink Cartridge,Yellow,https://www.keplertechllc.com/product/c13t945440-epson-wf-c52xx-wf-c57xx-series-ink-cartridge-xl-yellow/,https://www.keplertechllc.com/wp-content/uploads/2023/04/WF-C5290-WF-C5790-Series-Ink-Cartridge-XL-Yellow.webp,,220.0,Colour: Yellow | Yield/Cap:  | Stock: 10,Fits 0 printers: ,"Genuine OEM C13T945440 Epson WF-C52xx / WF-C57xx Series XL Yellow Ink Cartridge delivering vibrant, archival-grade prints with wide color gamut."
Consumable,C13T944240,C13T944240 Epson WF-C52xx/WF-C57xx Series L Cyan Ink Cartridge,Epson,Ink Cartridge,Cyan,https://www.keplertechllc.com/product/c13t944240-wf-c52xx-wf-c57xx-series-ink-cartridge-l-cyan/,https://www.keplertechllc.com/wp-content/uploads/2023/04/WF-C5290-WF-C5790-Series-Ink-Cartridge-L-Cyan.webp,,220.0,Colour: Cyan | Yield/Cap:  | Stock: 10,Fits 0 printers: ,"Genuine OEM C13T944240 Epson WF-C52xx/WF-C57xx Series L Cyan Ink Cartridge delivering vibrant, archival-grade prints with wide color gamut."
Consumable,C13T944340,C13T944340 Epson WF-C52xx/WF-C57xx Series L Magenta Ink Cartridge,Epson,Ink Cartridge,Magenta,https://www.keplertechllc.com/product/c13t944340-epson-wf-c52xx-wf-c57xx-series-ink-cartridge-l-magenta/,https://www.keplertechllc.com/wp-content/uploads/2023/04/WF-C5290-WF-C5790-Series-Ink-Cartridge-L-Magenta-1.webp,,220.0,Colour: Magenta | Yield/Cap:  | Stock: 10,Fits 0 printers: ,"Genuine OEM C13T944340 Epson WF-C52xx/WF-C57xx Series L Magenta Ink Cartridge delivering vibrant, archival-grade prints with wide color gamut."
Consumable,C13T944440,C13T944440 Epson WF-C52xx / WF-C57xx Series L Yellow Ink Cartridge,Epson,Ink Cartridge,Yellow,https://www.keplertechllc.com/product/c13t944440-epson-wf-c52xx-wf-c57xx-series-ink-cartridge-l-yellow/,https://www.keplertechllc.com/wp-content/uploads/2023/04/WF-C5290-WF-C5790-Series-Ink-Cartridge-L-Yellow.webp,,220.0,Colour: Yellow | Yield/Cap:  | Stock: 10,Fits 0 printers: ,"Genuine OEM C13T944440 Epson WF-C52xx / WF-C57xx Series L Yellow Ink Cartridge delivering vibrant, archival-grade prints with wide color gamut."
Consumable,C13T944140,C13T944140 Epson WF-C52xx/WF-C57xx Series L Black Ink Cartridge,Epson,Ink Cartridge,Black,https://www.keplertechllc.com/product/c13t944140-epson-wf-c52xx-wf-c57xx-series-ink-cartridge-l-black/,https://www.keplertechllc.com/wp-content/uploads/2023/04/WF-C5290-WF-C5790-Series-Ink-Cartridge-L-Black.webp,,220.0,Colour: Black | Yield/Cap:  | Stock: 10,Fits 0 printers: ,"Genuine OEM C13T944140 Epson WF-C52xx/WF-C57xx Series L Black Ink Cartridge delivering vibrant, archival-grade prints with wide color gamut."
Consumable,C13T671600,Epson Maintenance Box - C13T671600,Epson,Maintenance Box,Maintenance/Supply,https://www.keplertechllc.com/product/epson-maintenance-box-c13t671600/,https://www.keplertechllc.com/wp-content/uploads/2023/04/Maintenance-box-C13T671600.webp,,180.0,Colour:  | Yield/Cap:  | Stock: 0,Fits 0 printers: ,Genuine OEM Epson Maintenance Box - C13T671600 designed for reliable printer maintenance and waste ink collection.
Consumable,C13T01D100,C13T01D100 Epson WorkForce Pro WF-C529R/C579R Black XXL Ink,Epson,Ink Cartridge,Black,https://www.keplertechllc.com/product/c13t01d100-epson-workforce-pro-wf-c529r-c579r-black-xxl-ink-supply-unit/,https://www.keplertechllc.com/wp-content/uploads/2023/04/WorkForce-Pro-WF-C529R-C579R-Black-XXL-Ink-Supply-Unit-C13T01D100.webp,,690.0,Colour: Black | Yield/Cap:  | Stock: 0,Fits 0 printers: ,"Genuine OEM C13T01D100 Epson WorkForce Pro WF-C529R/C579R Black XXL Ink delivering vibrant, archival-grade prints with wide color gamut."
Consumable,C13T01D200,C13T01D200 Epson WorkForce Pro WF-C529R / C579R Cyan XXL Ink,Epson,Ink Cartridge,Cyan,https://www.keplertechllc.com/product/c13t01d200-workforce-pro-wf-c529r-c579r-cyan-xxl-ink-supply-unit/,https://www.keplertechllc.com/wp-content/uploads/2023/04/WorkForce-Pro-WF-C529R-C579R-Cyan-XXL-Ink-Supply-Unit-C13T01D200.webp,,450.0,Colour: Cyan | Yield/Cap:  | Stock: 10,Fits 0 printers: ,"Genuine OEM C13T01D200 Epson WorkForce Pro WF-C529R / C579R Cyan XXL Ink delivering vibrant, archival-grade prints with wide color gamut."
Consumable,C13T01D300,C13T01D300 Epson WorkForce Pro WF-C529R/C579R Magenta XXL Ink,Epson,Ink Cartridge,Magenta,https://www.keplertechllc.com/product/c13t01d300-epson-workforce-pro-wf-c529r-c579r-magenta-xxl-ink/,https://www.keplertechllc.com/wp-content/uploads/2023/04/WorkForce-Pro-WF-C529R-C579R-Magenta-XXL-Ink-Supply-Unit-C13T01D300.webp,,450.0,Colour: Magenta | Yield/Cap:  | Stock: 0,Fits 0 printers: ,"Genuine OEM C13T01D300 Epson WorkForce Pro WF-C529R/C579R Magenta XXL Ink delivering vibrant, archival-grade prints with wide color gamut."
Consumable,C13T01C200,C13T01C200 Epson WorkForce Pro WF-C529R/C579R Cyan XL Ink,Epson,Ink Cartridge,Cyan,https://www.keplertechllc.com/product/c13t01c200-epson-workforce-pro-wf-c529r-c579r-cyan-xl-ink-supply-unit/,https://www.keplertechllc.com/wp-content/uploads/2023/04/WorkForce-Pro-WF-C529R-C579R-Cyan-XL-Ink-Supply-Unit-C13T01C200.webp,,220.0,Colour: Cyan | Yield/Cap:  | Stock: 0,Fits 0 printers: ,"Genuine OEM C13T01C200 Epson WorkForce Pro WF-C529R/C579R Cyan XL Ink delivering vibrant, archival-grade prints with wide color gamut."
Consumable,C13T01D400,C13T01D400 Epson WorkForce Pro WF-C529R/C579R Yellow XXL Ink,Epson,Ink Cartridge,Yellow,https://www.keplertechllc.com/product/c13t01d400-epson-wf-c529r-c579r-yellow-xxl-ink/,https://www.keplertechllc.com/wp-content/uploads/2023/04/WorkForce-Pro-WF-C529R-C579R-Yellow-XXL-Ink-Supply-Unit-C13T01D400.webp,,450.0,Colour: Yellow | Yield/Cap:  | Stock: 10,Fits 0 printers: ,"Genuine OEM C13T01D400 Epson WorkForce Pro WF-C529R/C579R Yellow XXL Ink delivering vibrant, archival-grade prints with wide color gamut."
Consumable,C13T01C100,C13T01C100 Epson WorkForce Pro WF-C529R/C579R Black XL Ink,Epson,Ink Cartridge,Black,https://www.keplertechllc.com/product/c13t01c100-epson-workforce-pro-wf-c529r-c579r-black-xl-ink/,https://www.keplertechllc.com/wp-content/uploads/2023/04/WorkForce-Pro-WF-C529R-C579R-Black-XL-Ink-Supply-Unit-C13T01C100.webp,,220.0,Colour: Black | Yield/Cap:  | Stock: 0,Fits 0 printers: ,"Genuine OEM C13T01C100 Epson WorkForce Pro WF-C529R/C579R Black XL Ink delivering vibrant, archival-grade prints with wide color gamut."
Consumable,C13T01C300,C13T01C300 Epson WorkForce Pro WF-C529R/C579R Magenta XL Ink,Epson,Ink Cartridge,Magenta,https://www.keplertechllc.com/product/c13t01c300-epson-workforce-pro-wf-c529r-c579r-magenta-xl/,https://www.keplertechllc.com/wp-content/uploads/2023/04/WorkForce-Pro-WF-C529R-C579R-Magenta-XL-Ink-Supply-Unit-C13T01C300.webp,,220.0,Colour: Magenta | Yield/Cap:  | Stock: 10,Fits 0 printers: ,"Genuine OEM C13T01C300 Epson WorkForce Pro WF-C529R/C579R Magenta XL Ink delivering vibrant, archival-grade prints with wide color gamut."
Consumable,C13T01C400,C13T01C400 Epson WorkForce Pro WF-C529R/C579R Yellow XL Ink,Epson,Ink Cartridge,Yellow,https://www.keplertechllc.com/product/c13t01c400-epson-workforce-pro-wf-c529r-c579r-yellow-xl-ink/,https://www.keplertechllc.com/wp-content/uploads/2023/04/WorkForce-Pro-WF-C529R-C579R-Yellow-XL-Ink-Supply-Unit-C13T01C400.webp,,220.0,Colour: Yellow | Yield/Cap:  | Stock: 0,Fits 0 printers: ,"Genuine OEM C13T01C400 Epson WorkForce Pro WF-C529R/C579R Yellow XL Ink delivering vibrant, archival-grade prints with wide color gamut."
Consumable,C13T05A100,C13T05A100 Epson WorkForce Pro WF-C87xR Black XL Ink,Epson,Ink Cartridge,Black,https://www.keplertechllc.com/product/c13t05a100-epson-workforce-pro-wf-c87xr-black-xl-ink-supply-unit/,https://www.keplertechllc.com/wp-content/uploads/2023/04/WorkForce-Pro-WF-C87xR-Black-XL-Ink-Supply-Unit-C13T05A100.webp,,220.0,Colour: Black | Yield/Cap:  | Stock: 0,Fits 2 printers: Epson WorkForce Pro WF-C878R DWF (epson-wf-c878r-dwf); Epson WorkForce Pro WF-C879R DWF (epson-wf-c879r-dwf),"Genuine OEM C13T05A100 Epson WorkForce Pro WF-C87xR Black XL Ink delivering vibrant, archival-grade prints with wide color gamut."
Consumable,C13T05A200,C13T05A200 Epson WorkForce Pro WF-C87xR Cyan XL Ink,Epson,Ink Cartridge,Cyan,https://www.keplertechllc.com/product/c13t05a200-epson-workforce-pro-wf-c87xr-cyan-xl-ink-supply-unit/,https://www.keplertechllc.com/wp-content/uploads/2023/04/WorkForce-Pro-WF-C87xR-Cyan-XL-Ink-Supply-Unit-C13T05A200.webp,,220.0,Colour: Cyan | Yield/Cap:  | Stock: 0,Fits 2 printers: Epson WorkForce Pro WF-C878R DWF (epson-wf-c878r-dwf); Epson WorkForce Pro WF-C879R DWF (epson-wf-c879r-dwf),"Genuine OEM C13T05A200 Epson WorkForce Pro WF-C87xR Cyan XL Ink delivering vibrant, archival-grade prints with wide color gamut."
Consumable,C13T05A300,C13T05A300 Epson WorkForce Pro WF-C87xR Magenta XL Ink,Epson,Ink Cartridge,Magenta,https://www.keplertechllc.com/product/c13t05a300-epson-workforce-pro-wf-c87xr-magenta-xl-ink-supply-unit/,https://www.keplertechllc.com/wp-content/uploads/2023/04/WorkForce-Pro-WF-C87xR-Magenta-XL-Ink-Supply-Unit-C13T05A300.webp,,220.0,Colour: Magenta | Yield/Cap:  | Stock: 0,Fits 2 printers: Epson WorkForce Pro WF-C878R DWF (epson-wf-c878r-dwf); Epson WorkForce Pro WF-C879R DWF (epson-wf-c879r-dwf),"Genuine OEM C13T05A300 Epson WorkForce Pro WF-C87xR Magenta XL Ink delivering vibrant, archival-grade prints with wide color gamut."
Consumable,C13T05A400,C13T05A400 Epson WorkForce Pro WF-C87xR Yellow XL Ink,Epson,Ink Cartridge,Yellow,https://www.keplertechllc.com/product/c13t05a400-epson-workforce-pro-wf-c87xr-yellow-xl-ink-supply-unit/,https://www.keplertechllc.com/wp-content/uploads/2023/04/WorkForce-Pro-WF-C87xR-Yellow-XL-Ink-Supply-Unit-C13T05A400.webp,,695.0,Colour: Yellow | Yield/Cap:  | Stock: 0,Fits 2 printers: Epson WorkForce Pro WF-C878R DWF (epson-wf-c878r-dwf); Epson WorkForce Pro WF-C879R DWF (epson-wf-c879r-dwf),"Genuine OEM C13T05A400 Epson WorkForce Pro WF-C87xR Yellow XL Ink delivering vibrant, archival-grade prints with wide color gamut."
Consumable,C13T05B140,C13T05B140 Epson WorkForce Pro WF-C879R Black XXL Ink,Epson,Ink Cartridge,Black,https://www.keplertechllc.com/product/c13t05b140-epson-workforce-pro-wf-c879r-black-xxl-ink-supply-unit/,https://www.keplertechllc.com/wp-content/uploads/2023/04/WorkForce-Pro-WF-C879R-Black-XXL-Ink-Supply-Unit-C13T05B140.webp,,450.0,Colour: Black | Yield/Cap:  | Stock: 0,Fits 1 printers: Epson WorkForce Pro WF-C879R DWF (epson-wf-c879r-dwf),"Genuine OEM C13T05B140 Epson WorkForce Pro WF-C879R Black XXL Ink delivering vibrant, archival-grade prints with wide color gamut."
Consumable,C13T05B240,C13T05B240 Epson WorkForce Pro WF-C879R Cyan XXL Ink,Epson,Ink Cartridge,Cyan,https://www.keplertechllc.com/product/c13t05b240-epson-workforce-pro-wf-c879r-cyan-xxl-ink/,https://www.keplertechllc.com/wp-content/uploads/2023/04/WorkForce-Pro-WF-C879R-Cyan-XXL-Ink-Supply-Unit-C13T05B240.webp,,450.0,Colour: Cyan | Yield/Cap:  | Stock: 0,Fits 1 printers: Epson WorkForce Pro WF-C879R DWF (epson-wf-c879r-dwf),"Genuine OEM C13T05B240 Epson WorkForce Pro WF-C879R Cyan XXL Ink delivering vibrant, archival-grade prints with wide color gamut."
Consumable,C13T05B340,C13T05B340 Epson WorkForce Pro WF-C879R Magenta XXL Ink,Epson,Ink Cartridge,Magenta,https://www.keplertechllc.com/product/c13t05b340-epson-workforce-pro-wf-c879r-magenta-xxl-ink-supply-unit/,https://www.keplertechllc.com/wp-content/uploads/2023/04/WorkForce-Pro-WF-C879R-Magenta-XXL-Ink-Supply-Unit-C13T05B340.webp,,450.0,Colour: Magenta | Yield/Cap:  | Stock: 0,Fits 1 printers: Epson WorkForce Pro WF-C879R DWF (epson-wf-c879r-dwf),"Genuine OEM C13T05B340 Epson WorkForce Pro WF-C879R Magenta XXL Ink delivering vibrant, archival-grade prints with wide color gamut."
Consumable,C13T05B440,C13T05B440 Epson WorkForce Pro WF-C879R Yellow XXL Ink,Epson,Ink Cartridge,Yellow,https://www.keplertechllc.com/product/c13t05b440-epson-workforce-pro-wf-c879r-yellow-xxl-ink-supply-unit/,https://www.keplertechllc.com/wp-content/uploads/2023/04/WorkForce-Pro-WF-C879R-Yellow-XXL-Ink-Supply-Unit-C13T05B440.webp,,450.0,Colour: Yellow | Yield/Cap:  | Stock: 0,Fits 1 printers: Epson WorkForce Pro WF-C879R DWF (epson-wf-c879r-dwf),"Genuine OEM C13T05B440 Epson WorkForce Pro WF-C879R Yellow XXL Ink delivering vibrant, archival-grade prints with wide color gamut."
Consumable,C13T671400,Epson Maintenance box - C13T671400,Epson,Maintenance Box,Maintenance/Supply,https://www.keplertechllc.com/product/epson-maintenance-box-c13t671400/,https://www.keplertechllc.com/wp-content/uploads/2023/04/Maintenance-box-C13T671400.webp,,180.0,Colour:  | Yield/Cap:  | Stock: 0,Fits 2 printers: Epson WorkForce Pro WF-C878R DWF (epson-wf-c878r-dwf); Epson WorkForce Pro WF-C879R DWF (epson-wf-c879r-dwf),Genuine OEM Epson Maintenance box - C13T671400 designed for reliable printer maintenance and waste ink collection.
Consumable,C13T966140,C13T966140 Epson WorkForce WF-M52xx/57xx Series XXL Black Ink,Epson,Ink Cartridge,Black,https://www.keplertechllc.com/product/c13t966140-epson-workforce-wf-m52xx-57xx-series-ink-cartridge-xxl-black/,https://www.keplertechllc.com/wp-content/uploads/2023/04/WF-M52xx-M57xx-Series-Ink-Cartridge-XXL-Black-C13T966140.webp,,450.0,Colour: Black | Yield/Cap:  | Stock: 10,Fits 0 printers: ,"Genuine OEM C13T966140 Epson WorkForce WF-M52xx/57xx Series XXL Black Ink delivering vibrant, archival-grade prints with wide color gamut."
Consumable,C13T965140,C13T965140 Epson WorkForce WF-M52xx/57xx Series XL Black Ink,Epson,Ink Cartridge,Black,https://www.keplertechllc.com/product/c13t965140-epson-workforce-wf-m52xx-57xx-series-ink-cartridge-xl-black/,https://www.keplertechllc.com/wp-content/uploads/2023/04/WF-M52xx-M57xx-Series-Ink-Cartridge-XL-Black-C13T965140.webp,,220.0,Colour: Black | Yield/Cap:  | Stock: 10,Fits 0 printers: ,"Genuine OEM C13T965140 Epson WorkForce WF-M52xx/57xx Series XL Black Ink delivering vibrant, archival-grade prints with wide color gamut."
Consumable,C13T964140,C13T964140 Epson WorkForce WF-M52xx/57xx Series L Black Ink Cartridge,Epson,Ink Cartridge,Black,https://www.keplertechllc.com/product/c13t964140-epson-workforce-wf-l-black-ink-cartridge/,https://www.keplertechllc.com/wp-content/uploads/2023/04/WF-M52xx-M57xx-Series-Ink-Cartridge-L-Black-C13T964140.webp,,220.0,Colour: Black | Yield/Cap:  | Stock: 10,Fits 0 printers: ,"Genuine OEM C13T964140 Epson WorkForce WF-M52xx/57xx Series L Black Ink Cartridge delivering vibrant, archival-grade prints with wide color gamut."
Consumable,C13T692100,C13T692100 Epson Singlepack Photo Black UltraChrome XD Ink,Epson,Ink Cartridge,Black,https://www.keplertechllc.com/product/c13t692100-epson-singlepack-ultrachrome-xd-photo-black-110ml/,https://www.keplertechllc.com/wp-content/uploads/2023/04/Singlepack-UltraChrome-XD-Photo-Black-T692100-110ml.webp,,220.0,Colour: Black | Yield/Cap:  | Stock: 10,Fits 0 printers: ,"Genuine OEM C13T692100 Epson Singlepack Photo Black UltraChrome XD Ink delivering vibrant, archival-grade prints with wide color gamut."
Consumable,C13T692200,C13T692200 Epson Singlepack Cyan UltraChrome XD Ink,Epson,Ink Cartridge,Cyan,https://www.keplertechllc.com/product/c13t692200-epson-singlepack-ultrachrome-xd-cyan-110ml/,https://www.keplertechllc.com/wp-content/uploads/2023/04/Singlepack-UltraChrome-XD-CyanT692200110ml.webp,,220.0,Colour: Cyan | Yield/Cap:  | Stock: 10,Fits 0 printers: ,"Genuine OEM C13T692200 Epson Singlepack Cyan UltraChrome XD Ink delivering vibrant, archival-grade prints with wide color gamut."
Consumable,C13T692400,C13T692400 Epson Singlepack Yellow UltraChrome XD Ink,Epson,Ink Cartridge,Yellow,https://www.keplertechllc.com/product/c13t692400-epson-singlepack-ultrachrome-xd-yellow-110ml/,https://www.keplertechllc.com/wp-content/uploads/2023/04/Singlepack-UltraChrome-XD-YellowT692400110ml.webp,,220.0,Colour: Yellow | Yield/Cap:  | Stock: 10,Fits 0 printers: ,"Genuine OEM C13T692400 Epson Singlepack Yellow UltraChrome XD Ink delivering vibrant, archival-grade prints with wide color gamut."
Consumable,C13T692300,C13T692300 Epson Singlepack Magenta UltraChrome XD Ink,Epson,Ink Cartridge,Magenta,https://www.keplertechllc.com/product/c13t692300-epson-singlepack-ultrachrome-xd-magenta-110ml/,https://www.keplertechllc.com/wp-content/uploads/2023/04/Singlepack-UltraChrome-XD-MagentaT692300110ml.webp,,220.0,Colour: Magenta | Yield/Cap:  | Stock: 10,Fits 0 printers: ,"Genuine OEM C13T692300 Epson Singlepack Magenta UltraChrome XD Ink delivering vibrant, archival-grade prints with wide color gamut."
Consumable,C13T692500,C13T692500 Epson Singlepack Matte Black UltraChrome XD Ink,Epson,Ink Cartridge,Black,https://www.keplertechllc.com/product/c13t692500-epson-singlepack-ultrachrome-xd-matte-black-110ml/,https://www.keplertechllc.com/wp-content/uploads/2023/04/Singlepack-UltraChrome-XD-Matte-BlackT692500110ml.webp,,220.0,Colour: Black | Yield/Cap:  | Stock: 10,Fits 0 printers: ,"Genuine OEM C13T692500 Epson Singlepack Matte Black UltraChrome XD Ink delivering vibrant, archival-grade prints with wide color gamut."
Consumable,C13T693100,C13T693100 Epson Singlepack Photo Black UltraChrome XD Ink,Epson,Ink Cartridge,Black,https://www.keplertechllc.com/product/c13t693100-epson-singlepack-ultrachrome-xd-photo-black-350ml/,https://www.keplertechllc.com/wp-content/uploads/2023/04/Singlepack-UltraChrome-XD-Photo-BlackT693100350ml.webp,,220.0,Colour: Black | Yield/Cap:  | Stock: 10,Fits 0 printers: ,"Genuine OEM C13T693100 Epson Singlepack Photo Black UltraChrome XD Ink delivering vibrant, archival-grade prints with wide color gamut."
Consumable,C13T693200,C13T693200 Epson Singlepack Cyan UltraChrome XD Ink(350ml),Epson,Ink Cartridge,Cyan,https://www.keplertechllc.com/product/c13t693200-epson-singlepack-ultrachrome-xd-cyan-350ml/,https://www.keplertechllc.com/wp-content/uploads/2023/04/Singlepack-UltraChrome-XD-CyanT693200350ml.webp,,220.0,Colour: Cyan | Yield/Cap:  | Stock: 10,Fits 0 printers: ,"Genuine OEM C13T693200 Epson Singlepack Cyan UltraChrome XD Ink(350ml) delivering vibrant, archival-grade prints with wide color gamut."
Consumable,C13T693300,C13T693300 Epson Singlepack Magenta UltraChrome XD Ink (350ml),Epson,Ink Cartridge,Magenta,https://www.keplertechllc.com/product/c13t693300-epson-singlepack-ultrachrome-xd-magenta-350ml/,https://www.keplertechllc.com/wp-content/uploads/2023/04/Singlepack-UltraChrome-XD-MagentaT693300350ml.webp,,220.0,Colour: Magenta | Yield/Cap:  | Stock: 10,Fits 0 printers: ,"Genuine OEM C13T693300 Epson Singlepack Magenta UltraChrome XD Ink (350ml) delivering vibrant, archival-grade prints with wide color gamut."
Consumable,C13T693500,C13T693500 Epson Singlepack Matte Black UltraChrome XD Ink (350ml),Epson,Ink Cartridge,Black,https://www.keplertechllc.com/product/c13t693500-epson-singlepack-matte-black-350ml/,https://www.keplertechllc.com/wp-content/uploads/2023/04/Singlepack-UltraChrome-XD-Matte-BlackT693500350ml.webp,,220.0,Colour: Black | Yield/Cap:  | Stock: 10,Fits 0 printers: ,"Genuine OEM C13T693500 Epson Singlepack Matte Black UltraChrome XD Ink (350ml) delivering vibrant, archival-grade prints with wide color gamut."
Consumable,C13T693400,C13T693400 Epson Singlepack Yellow UltraChrome XD Ink (350ml),Epson,Ink Cartridge,Yellow,https://www.keplertechllc.com/product/c13t47a400-epson-singlepack-yellow-ultrachrome-pro-10-ink-50ml/,https://www.keplertechllc.com/wp-content/uploads/2023/04/Singlepack-Yellow-T47A4-UltraChrome-Pro-10-ink-50ml.webp,,220.0,Colour: Yellow | Yield/Cap:  | Stock: 10,Fits 0 printers: ,"Genuine OEM C13T693400 Epson Singlepack Yellow UltraChrome XD Ink (350ml) delivering vibrant, archival-grade prints with wide color gamut."
Consumable,C13T694100,C13T694100 Epson Singlepack Photo Black UltraChrome XD Ink (700ml),Epson,Ink Cartridge,Black,https://www.keplertechllc.com/product/c13t694100-epson-singlepack-ultrachrome-xd-yellow-350ml/,https://www.keplertechllc.com/wp-content/uploads/2023/04/Singlepack-UltraChrome-XD-YellowT693400350ml.webp,,450.0,Colour: Black | Yield/Cap:  | Stock: 10,Fits 0 printers: ,"Genuine OEM C13T694100 Epson Singlepack Photo Black UltraChrome XD Ink (700ml) delivering vibrant, archival-grade prints with wide color gamut."
Consumable,C13T694200,C13T694200 Epson Singlepack Cyan UltraChrome XD Ink (700ml),Epson,Ink Cartridge,Cyan,https://www.keplertechllc.com/product/c13t694200-epson-singlepack-ultrachrome-xd-cyan-700ml/,https://www.keplertechllc.com/wp-content/uploads/2023/04/Singlepack-UltraChrome-XD-CyanT694200700ml.webp,,450.0,Colour: Cyan | Yield/Cap:  | Stock: 10,Fits 0 printers: ,"Genuine OEM C13T694200 Epson Singlepack Cyan UltraChrome XD Ink (700ml) delivering vibrant, archival-grade prints with wide color gamut."
Consumable,C13T694300,C13T694300 Epson Singlepack Magenta UltraChrome XD Ink (700ml),Epson,Ink Cartridge,Magenta,https://www.keplertechllc.com/product/c13t694300-epson-singlepack-ultrachrome-xd-magenta-700ml/,https://www.keplertechllc.com/wp-content/uploads/2023/04/Singlepack-UltraChrome-XD-MagentaT694300700ml.webp,,450.0,Colour: Magenta | Yield/Cap:  | Stock: 10,Fits 0 printers: ,"Genuine OEM C13T694300 Epson Singlepack Magenta UltraChrome XD Ink (700ml) delivering vibrant, archival-grade prints with wide color gamut."
Consumable,C13T694400,C13T694400 Epson Singlepack Yellow UltraChrome XD Ink (700ml),Epson,Ink Cartridge,Yellow,https://www.keplertechllc.com/product/c13t694400-epson-singlepack-ultrachrome-xd-yellow-700ml/,https://www.keplertechllc.com/wp-content/uploads/2023/04/Singlepack-UltraChrome-XD-YellowT694400700ml.webp,,450.0,Colour: Yellow | Yield/Cap:  | Stock: 10,Fits 0 printers: ,"Genuine OEM C13T694400 Epson Singlepack Yellow UltraChrome XD Ink (700ml) delivering vibrant, archival-grade prints with wide color gamut."
Consumable,C13T694500,C13T694500 Epson Singlepack Matte Black UltraChrome XD Ink (700ml),Epson,Ink Cartridge,Black,https://www.keplertechllc.com/product/c13t694500-epson-singlepack-ultrachrome-xd-matte-black-700ml/,https://www.keplertechllc.com/wp-content/uploads/2023/04/Singlepack-UltraChrome-XD-Matte-BlackT694500700ml.webp,,450.0,Colour: Black | Yield/Cap:  | Stock: 10,Fits 0 printers: ,"Genuine OEM C13T694500 Epson Singlepack Matte Black UltraChrome XD Ink (700ml) delivering vibrant, archival-grade prints with wide color gamut."
Consumable,C13T41F240,C13T41F240 Epson Singlepack Cyan UltraChrome XD2 Ink (350ml),Epson,Ink Cartridge,Cyan,https://www.keplertechllc.com/product/c13t41f240-epson-singlepack-ultrachrome-xd2-cyan-350ml/,https://www.keplertechllc.com/wp-content/uploads/2023/04/Singlepack-UltraChrome-XD2-T41F240-Cyan-350ml.webp,,220.0,Colour: Cyan | Yield/Cap:  | Stock: 10,Fits 2 printers: Epson SureColor SC-T5405 (epson-sc-t5405); Epson SureColor SC-T5400M (epson-sc-t5400m),"Genuine OEM C13T41F240 Epson Singlepack Cyan UltraChrome XD2 Ink (350ml) delivering vibrant, archival-grade prints with wide color gamut."
Consumable,C13T41F340,C13T41F340 Epson Singlepack Magenta UltraChrome XD2 Ink (350ml),Epson,Ink Cartridge,Magenta,https://www.keplertechllc.com/product/c13t41f340-epson-singlepack-ultrachrome-xd2-magenta-350ml/,https://www.keplertechllc.com/wp-content/uploads/2023/04/Singlepack-UltraChrome-XD2-T41F340-Magenta-350ml.webp,,575.0,Colour: Magenta | Yield/Cap:  | Stock: 10,Fits 2 printers: Epson SureColor SC-T5405 (epson-sc-t5405); Epson SureColor SC-T5400M (epson-sc-t5400m),"Genuine OEM C13T41F340 Epson Singlepack Magenta UltraChrome XD2 Ink (350ml) delivering vibrant, archival-grade prints with wide color gamut."
Consumable,C13T41F440,C13T41F440 Epson Singlepack Yellow UltraChrome XD2 Ink (350ml),Epson,Ink Cartridge,Yellow,https://www.keplertechllc.com/product/c13t41f440-epson-singlepack-yellow-350ml-ink/,https://www.keplertechllc.com/wp-content/uploads/2023/04/Singlepack-UltraChrome-XD2-T41F440-Yellow-350ml.webp,,220.0,Colour: Yellow | Yield/Cap:  | Stock: 10,Fits 2 printers: Epson SureColor SC-T5405 (epson-sc-t5405); Epson SureColor SC-T5400M (epson-sc-t5400m),"Genuine OEM C13T41F440 Epson Singlepack Yellow UltraChrome XD2 Ink (350ml) delivering vibrant, archival-grade prints with wide color gamut."
Consumable,C13T41F540,C13T41F540 Epson Singlepack Black UltraChrome XD2 Ink (350ml),Epson,Ink Cartridge,Black,https://www.keplertechllc.com/product/c13t41f540-epson-singlepack-black-ultrachrome-xd2-ink/,https://www.keplertechllc.com/wp-content/uploads/2023/04/Singlepack-UltraChrome-XD2-T41F540-Black-350ml.webp,,220.0,Colour: Black | Yield/Cap:  | Stock: 10,Fits 2 printers: Epson SureColor SC-T5405 (epson-sc-t5405); Epson SureColor SC-T5400M (epson-sc-t5400m),"Genuine OEM C13T41F540 Epson Singlepack Black UltraChrome XD2 Ink (350ml) delivering vibrant, archival-grade prints with wide color gamut."
Consumable,C13T41R240,C13T41R240 Epson Singlepack Cyan UltraChrome XD2 Ink (110ml),Epson,Ink Cartridge,Cyan,https://www.keplertechllc.com/product/c13t41r240-epson-singlepack-ultrachrome-xd2-cyan-110ml/,https://www.keplertechllc.com/wp-content/uploads/2023/04/Singlepack-UltraChrome-XD2-T41R240-Cyan-110ml.webp,,220.0,Colour: Cyan | Yield/Cap:  | Stock: 10,Fits 2 printers: Epson SureColor SC-T5405 (epson-sc-t5405); Epson SureColor SC-T5400M (epson-sc-t5400m),"Genuine OEM C13T41R240 Epson Singlepack Cyan UltraChrome XD2 Ink (110ml) delivering vibrant, archival-grade prints with wide color gamut."
Consumable,C13T41R340,C13T41R340 Epson Magenta Singlepack UltraChrome XD2 Ink(110ml),Epson,Ink Cartridge,Magenta,https://www.keplertechllc.com/product/c13t41r340-epson-singlepack-ultrachrome-xd2-magenta-110ml/,https://www.keplertechllc.com/wp-content/uploads/2023/04/Singlepack-UltraChrome-XD2-T41R340-Magenta-110ml.webp,,220.0,Colour: Magenta | Yield/Cap:  | Stock: 10,Fits 2 printers: Epson SureColor SC-T5405 (epson-sc-t5405); Epson SureColor SC-T5400M (epson-sc-t5400m),"Genuine OEM C13T41R340 Epson Magenta Singlepack UltraChrome XD2 Ink(110ml) delivering vibrant, archival-grade prints with wide color gamut."
Consumable,C13T41R440,C13T41R440 Epson Singlepack Yellow UltraChrome XD2 Ink (110ml),Epson,Ink Cartridge,Yellow,https://www.keplertechllc.com/product/c13t41r440-epson-singlepack-ultrachrome-xd2-yellow-110ml/,https://www.keplertechllc.com/wp-content/uploads/2023/04/Singlepack-UltraChrome-XD2-T41R440-Yellow-110ml.webp,,220.0,Colour: Yellow | Yield/Cap:  | Stock: 10,Fits 2 printers: Epson SureColor SC-T5405 (epson-sc-t5405); Epson SureColor SC-T5400M (epson-sc-t5400m),"Genuine OEM C13T41R440 Epson Singlepack Yellow UltraChrome XD2 Ink (110ml) delivering vibrant, archival-grade prints with wide color gamut."
Consumable,C13T41R540,C13T41R540 Epson Singlepack Black UltraChrome XD2 Ink (110ml),Epson,Ink Cartridge,Black,https://www.keplertechllc.com/product/c13t41r540-epson-singlepack-ultrachrome-xd2-black-110ml/,https://www.keplertechllc.com/wp-content/uploads/2023/04/Singlepack-UltraChrome-XD2-T41R540-Black-110ml.webp,,220.0,Colour: Black | Yield/Cap:  | Stock: 10,Fits 2 printers: Epson SureColor SC-T5405 (epson-sc-t5405); Epson SureColor SC-T5400M (epson-sc-t5400m),"Genuine OEM C13T41R540 Epson Singlepack Black UltraChrome XD2 Ink (110ml) delivering vibrant, archival-grade prints with wide color gamut."
Consumable,C13T41E240,C13T41E240 Epson Singlepack Cyan UltraChrome XD2 Ink (700ml),Epson,Ink Cartridge,Cyan,https://www.keplertechllc.com/product/c13t41e240-epson-singlepack-ultrachrome-xd2-cyan-700ml/,https://www.keplertechllc.com/wp-content/uploads/2023/04/Singlepack-UltraChrome-XD2-Cyan-700ml-C13T41E240.webp,,450.0,Colour: Cyan | Yield/Cap:  | Stock: 10,Fits 2 printers: Epson SureColor SC-T5405 (epson-sc-t5405); Epson SureColor SC-T5400M (epson-sc-t5400m),"Genuine OEM C13T41E240 Epson Singlepack Cyan UltraChrome XD2 Ink (700ml) delivering vibrant, archival-grade prints with wide color gamut."
Consumable,C13T41E340,C13T41E340 Epson Singlepack Magenta UltraChrome XD2 Ink (700ml),Epson,Ink Cartridge,Magenta,https://www.keplertechllc.com/product/c13t41e340-epson-singlepack-ultrachrome-xd2-magenta-700ml/,https://www.keplertechllc.com/wp-content/uploads/2023/04/Singlepack-UltraChrome-XD2-Magenta-700ml-C13T41E340.webp,,450.0,Colour: Magenta | Yield/Cap:  | Stock: 10,Fits 2 printers: Epson SureColor SC-T5405 (epson-sc-t5405); Epson SureColor SC-T5400M (epson-sc-t5400m),"Genuine OEM C13T41E340 Epson Singlepack Magenta UltraChrome XD2 Ink (700ml) delivering vibrant, archival-grade prints with wide color gamut."
Consumable,C13T41E540,C13T41E540 Epson Singlepack Matte Black UltraChrome XD2 Ink (700ml),Epson,Ink Cartridge,Black,https://www.keplertechllc.com/product/c13t41e540-epson-singlepack-ultrachrome-xd2-matte-black-700ml/,https://www.keplertechllc.com/wp-content/uploads/2023/04/Singlepack-UltraChrome-XD2-Matte-Black-700ml-C13T41E540.webp,,450.0,Colour: Black | Yield/Cap:  | Stock: 10,Fits 2 printers: Epson SureColor SC-T5405 (epson-sc-t5405); Epson SureColor SC-T5400M (epson-sc-t5400m),"Genuine OEM C13T41E540 Epson Singlepack Matte Black UltraChrome XD2 Ink (700ml) delivering vibrant, archival-grade prints with wide color gamut."
Consumable,C13T41E440,C13T41E440 Epson Singlepack Yellow UltraChrome XD2 Ink (700ml),Epson,Ink Cartridge,Yellow,https://www.keplertechllc.com/product/c13t41e440-epson-singlepack-ultrachrome-xd2-yellow-700ml/,https://www.keplertechllc.com/wp-content/uploads/2023/04/Singlepack-UltraChrome-XD2-Yellow-700ml-C13T41E440.webp,,450.0,Colour: Yellow | Yield/Cap:  | Stock: 10,Fits 2 printers: Epson SureColor SC-T5405 (epson-sc-t5405); Epson SureColor SC-T5400M (epson-sc-t5400m),"Genuine OEM C13T41E440 Epson Singlepack Yellow UltraChrome XD2 Ink (700ml) delivering vibrant, archival-grade prints with wide color gamut."
Consumable,SP91203,"SP91203 Epson Somerset Velvet 24""x50' 255GSM",Epson,Accessory,Maintenance/Supply,https://www.keplertechllc.com/product/sp91204-epson-somerset-velvet-44x50/,https://www.keplertechllc.com/wp-content/uploads/2023/05/Epson-Somerset-Velvet.webp,,150.0,Colour:  | Yield/Cap:  | Stock: 10,Fits 0 printers: ,"Authentic SP91203 Epson Somerset Velvet 24""x50' 255GSM for professional printing equipment."
Consumable,SP91204,"SP91204 Epson Somerset Velvet 44""x50'",Epson,Accessory,Maintenance/Supply,https://www.keplertechllc.com/product/sp91204-epson-somerset-velvet-44x50/,https://www.keplertechllc.com/wp-content/uploads/2023/05/Epson-Somerset-Velvet.webp,,150.0,Colour:  | Yield/Cap:  | Stock: 0,Fits 0 printers: ,"Authentic SP91204 Epson Somerset Velvet 44""x50' for professional printing equipment."
Consumable,CITIZEN PEN,Citizen Thermal Head Cleaning Pen,Citizen,Accessory,Maintenance/Supply,https://www.keplertechllc.com/product/citizen-thermal-head-cleaning-pen/,https://www.keplertechllc.com/wp-content/uploads/2023/05/Citizen-Head-Cleaning-Pen.webp,,190.0,Colour:  | Yield/Cap:  | Stock: 0,Fits 4 printers: Citizen CZ-01 (citizen-cz-01); Citizen CX-02 (citizen-cx-02); Citizen CY-02 (citizen-cy-02); Citizen CX-02W (citizen-cx-02w),"Professional Citizen Thermal Head Cleaning Pen renowned for compact design, high speed, and lab-quality photo output."
Consumable,IFA 69,Innova IFA 69 Exhibition Photo Baryta 310gsm,Epson,Accessory,Maintenance/Supply,https://www.keplertechllc.com/product/innova-exhibition-photo-baryta-310-gsm-ifa-69/,https://www.keplertechllc.com/wp-content/uploads/2023/06/Innova-Exhibition-Photo-Baryta-310-GSM-IFA-69.webp,,150.0,Colour:  | Yield/Cap:  | Stock: 10,Fits 0 printers: ,Authentic Innova IFA 69 Exhibition Photo Baryta 310gsm for professional printing equipment.
Consumable,IFA-69-A4-25,Innova IFA 69 Exhibition Photo Baryta 310gsm - A4 - 25 Sheets,Epson,Accessory,Maintenance/Supply,https://www.keplertechllc.com/product/innova-exhibition-photo-baryta-310-gsm-ifa-69/,https://www.keplertechllc.com/wp-content/uploads/2023/06/Innova-Exhibition-Photo-Baryta-310-GSM-IFA-69.webp,,150.0,Colour:  | Yield/Cap:  | Stock: 10,Fits 0 printers: ,Authentic Innova IFA 69 Exhibition Photo Baryta 310gsm - A4 - 25 Sheets for professional printing equipment.
Consumable,IFA-69-A3P-25,Innova IFA 69 Exhibition Photo Baryta 310gsm - A3+ - 25 Sheets,Epson,Accessory,Maintenance/Supply,https://www.keplertechllc.com/product/innova-exhibition-photo-baryta-310-gsm-ifa-69/,https://www.keplertechllc.com/wp-content/uploads/2023/06/Innova-Exhibition-Photo-Baryta-310-GSM-IFA-69.webp,,150.0,Colour:  | Yield/Cap:  | Stock: 10,Fits 0 printers: ,Authentic Innova IFA 69 Exhibition Photo Baryta 310gsm - A3+ - 25 Sheets for professional printing equipment.
Consumable,IFA-69-610X15,"Innova IFA 69 Exhibition Photo Baryta 310gsm - 24""X15 M",Epson,Accessory,Maintenance/Supply,https://www.keplertechllc.com/product/innova-exhibition-photo-baryta-310-gsm-ifa-69/,https://www.keplertechllc.com/wp-content/uploads/2023/06/Innova-Exhibition-Photo-Baryta-310-GSM-IFA-69.webp,,150.0,Colour:  | Yield/Cap:  | Stock: 10,Fits 0 printers: ,"Authentic Innova IFA 69 Exhibition Photo Baryta 310gsm - 24""X15 M for professional printing equipment."
Consumable,IFA-69-1118X15,"Innova IFA 69 Exhibition Photo Baryta 310gsm - 44""X15 M",Epson,Accessory,Maintenance/Supply,https://www.keplertechllc.com/product/innova-exhibition-photo-baryta-310-gsm-ifa-69/,https://www.keplertechllc.com/wp-content/uploads/2023/06/Innova-Exhibition-Photo-Baryta-310-GSM-IFA-69.webp,,150.0,Colour:  | Yield/Cap:  | Stock: 10,Fits 0 printers: ,"Authentic Innova IFA 69 Exhibition Photo Baryta 310gsm - 44""X15 M for professional printing equipment."
Consumable,IFA 12,Innova IFA 12 Soft Textured Natural White 315gsm,Epson,Accessory,Maintenance/Supply,https://www.keplertechllc.com/product/innova-soft-textured-natural-white-315gsm-ifa-12/,https://www.keplertechllc.com/wp-content/uploads/2023/06/Innova-Soft-Textured-Natural-White-315gsm-IFA-12.webp,,150.0,Colour:  | Yield/Cap:  | Stock: 10,Fits 0 printers: ,Authentic Innova IFA 12 Soft Textured Natural White 315gsm for professional printing equipment.
Consumable,IFA-12-A4-50,Innova IFA 12 Soft Textured Natural White 315gsm - A4 - 50 Sheets,Epson,Accessory,Maintenance/Supply,https://www.keplertechllc.com/product/innova-soft-textured-natural-white-315gsm-ifa-12/,https://www.keplertechllc.com/wp-content/uploads/2023/06/Innova-Soft-Textured-Natural-White-315gsm-IFA-12.webp,,150.0,Colour:  | Yield/Cap:  | Stock: 10,Fits 0 printers: ,Authentic Innova IFA 12 Soft Textured Natural White 315gsm - A4 - 50 Sheets for professional printing equipment.
Consumable,IFA-12-A3P-50,Innova IFA 12 Soft Textured Natural White 315gsm - A3+ - 50 Sheets,Epson,Accessory,Maintenance/Supply,https://www.keplertechllc.com/product/innova-soft-textured-natural-white-315gsm-ifa-12/,https://www.keplertechllc.com/wp-content/uploads/2023/06/Innova-Soft-Textured-Natural-White-315gsm-IFA-12.webp,,150.0,Colour:  | Yield/Cap:  | Stock: 10,Fits 0 printers: ,Authentic Innova IFA 12 Soft Textured Natural White 315gsm - A3+ - 50 Sheets for professional printing equipment.
Consumable,IFA-12-610X15,"Innova IFA 12 Soft Textured Natural White 315gsm - 24""X15 M",Epson,Accessory,Maintenance/Supply,https://www.keplertechllc.com/product/innova-soft-textured-natural-white-315gsm-ifa-12/,https://www.keplertechllc.com/wp-content/uploads/2023/06/Innova-Soft-Textured-Natural-White-315gsm-IFA-12.webp,,150.0,Colour:  | Yield/Cap:  | Stock: 10,Fits 0 printers: ,"Authentic Innova IFA 12 Soft Textured Natural White 315gsm - 24""X15 M for professional printing equipment."
Consumable,IFA-12-1118X15,"Innova IFA 12 Soft Textured Natural White 315gsm - 44""X15 M",Epson,Accessory,Maintenance/Supply,https://www.keplertechllc.com/product/innova-soft-textured-natural-white-315gsm-ifa-12/,https://www.keplertechllc.com/wp-content/uploads/2023/06/Innova-Soft-Textured-Natural-White-315gsm-IFA-12.webp,,150.0,Colour:  | Yield/Cap:  | Stock: 10,Fits 0 printers: ,"Authentic Innova IFA 12 Soft Textured Natural White 315gsm - 44""X15 M for professional printing equipment."
Consumable,IFA 13,Innova IFA 13 Cold Press Rough Textured Natural White 315gsm,Epson,Accessory,Maintenance/Supply,https://www.keplertechllc.com/product/innova-cold-press-rough-textured-natural-white-315gsm-ifa-13/,https://www.keplertechllc.com/wp-content/uploads/2023/06/Innova-Cold-Press-Rough-Textured-Natural-White-315gsm-IFA-13.webp,,150.0,Colour:  | Yield/Cap:  | Stock: 10,Fits 0 printers: ,Authentic Innova IFA 13 Cold Press Rough Textured Natural White 315gsm for professional printing equipment.
Consumable,IFA-13-A4-50,Innova IFA 13 Cold Press Rough Textured Natural White 315gsm - A4 - 50 Sheets,Epson,Accessory,Maintenance/Supply,https://www.keplertechllc.com/product/innova-cold-press-rough-textured-natural-white-315gsm-ifa-13/,https://www.keplertechllc.com/wp-content/uploads/2023/06/Innova-Cold-Press-Rough-Textured-Natural-White-315gsm-IFA-13.webp,,150.0,Colour:  | Yield/Cap:  | Stock: 10,Fits 0 printers: ,Authentic Innova IFA 13 Cold Press Rough Textured Natural White 315gsm - A4 - 50 Sheets for professional printing equipment.
Consumable,IFA-13-A3P-50,Innova IFA 13 Cold Press Rough Textured Natural White 315gsm - A3+ - 50 Sheets,Epson,Accessory,Maintenance/Supply,https://www.keplertechllc.com/product/innova-cold-press-rough-textured-natural-white-315gsm-ifa-13/,https://www.keplertechllc.com/wp-content/uploads/2023/06/Innova-Cold-Press-Rough-Textured-Natural-White-315gsm-IFA-13.webp,,150.0,Colour:  | Yield/Cap:  | Stock: 10,Fits 0 printers: ,Authentic Innova IFA 13 Cold Press Rough Textured Natural White 315gsm - A3+ - 50 Sheets for professional printing equipment.
Consumable,IFA-13-1118X15,"Innova IFA 13 Cold Press Rough Textured Natural White 315gsm - 44""X15 M",Epson,Accessory,Maintenance/Supply,https://www.keplertechllc.com/product/innova-cold-press-rough-textured-natural-white-315gsm-ifa-13/,https://www.keplertechllc.com/wp-content/uploads/2023/06/Innova-Cold-Press-Rough-Textured-Natural-White-315gsm-IFA-13.webp,,150.0,Colour:  | Yield/Cap:  | Stock: 10,Fits 0 printers: ,"Authentic Innova IFA 13 Cold Press Rough Textured Natural White 315gsm - 44""X15 M for professional printing equipment."
Consumable,IFA-13-610X15,"Innova IFA 13 Cold Press Rough Textured Natural White 315gsm - 24""X15 M",Epson,Accessory,Maintenance/Supply,https://www.keplertechllc.com/product/innova-cold-press-rough-textured-natural-white-315gsm-ifa-13/,https://www.keplertechllc.com/wp-content/uploads/2023/06/Innova-Cold-Press-Rough-Textured-Natural-White-315gsm-IFA-13.webp,,150.0,Colour:  | Yield/Cap:  | Stock: 10,Fits 0 printers: ,"Authentic Innova IFA 13 Cold Press Rough Textured Natural White 315gsm - 24""X15 M for professional printing equipment."
Consumable,IFA 23,Innova IFA 23 Décor Watercolour Art 245gsm,Epson,Accessory,Maintenance/Supply,https://www.keplertechllc.com/product/innova-decor-watercolour-art-245gsm-ifa-23/,https://www.keplertechllc.com/wp-content/uploads/2023/06/Innova-Decor-Watercolour-Art-245gsm-IFA-23.webp,,150.0,Colour:  | Yield/Cap:  | Stock: 10,Fits 0 printers: ,Authentic Innova IFA 23 Décor Watercolour Art 245gsm for professional printing equipment.
Consumable,IFA-23-1118X30,"Innova IFA 23 Décor Watercolour Art 245gsm - 44""X30 M",Epson,Accessory,Maintenance/Supply,https://www.keplertechllc.com/product/innova-decor-watercolour-art-245gsm-ifa-23/,https://www.keplertechllc.com/wp-content/uploads/2023/06/Innova-Decor-Watercolour-Art-245gsm-IFA-23.webp,,150.0,Colour:  | Yield/Cap:  | Stock: 10,Fits 0 printers: ,"Authentic Innova IFA 23 Décor Watercolour Art 245gsm - 44""X30 M for professional printing equipment."
Consumable,IFA-23-610X30,"Innova IFA 23 Décor Watercolour Art 245gsm - 24""X30 M",Epson,Accessory,Maintenance/Supply,https://www.keplertechllc.com/product/innova-decor-watercolour-art-245gsm-ifa-23/,https://www.keplertechllc.com/wp-content/uploads/2023/06/Innova-Decor-Watercolour-Art-245gsm-IFA-23.webp,,150.0,Colour:  | Yield/Cap:  | Stock: 10,Fits 0 printers: ,"Authentic Innova IFA 23 Décor Watercolour Art 245gsm - 24""X30 M for professional printing equipment."
Consumable,IFA 24,Innova IFA 24 Décor Smooth Art 210gsm,Epson,Accessory,Maintenance/Supply,https://www.keplertechllc.com/product/innova-decor-smooth-art-ifa-24/,https://www.keplertechllc.com/wp-content/uploads/2023/06/Innova-Decor-Smooth-Art-IFA-24.webp,,150.0,Colour:  | Yield/Cap:  | Stock: 10,Fits 0 printers: ,Authentic Innova IFA 24 Décor Smooth Art 210gsm for professional printing equipment.
Consumable,IFA 25,Innova IFA 25 Décor Smooth Art DS 220gsm,Epson,Accessory,Maintenance/Supply,https://www.keplertechllc.com/product/innova-decor-smooth-art-ds-ifa-25/,https://www.keplertechllc.com/wp-content/uploads/2023/06/Innova-Decor-Smooth-Art-DS-IFA-25.webp,,150.0,Colour:  | Yield/Cap:  | Stock: 10,Fits 0 printers: ,Authentic Innova IFA 25 Décor Smooth Art DS 220gsm for professional printing equipment.
Consumable,IFA-24-A4-50,Innova IFA 24 Décor Smooth Art 210gsm - A4 - 50 Sheets,Epson,Accessory,Maintenance/Supply,https://www.keplertechllc.com/product/innova-decor-smooth-art-ds-ifa-25/,https://www.keplertechllc.com/wp-content/uploads/2023/06/Innova-Decor-Smooth-Art-DS-IFA-25.webp,,150.0,Colour:  | Yield/Cap:  | Stock: 10,Fits 0 printers: ,Authentic Innova IFA 24 Décor Smooth Art 210gsm - A4 - 50 Sheets for professional printing equipment.
Consumable,IFA-24-A3P-50,Innova IFA 24 Décor Smooth Art 210gsm - A3+ - 50 Sheets,Epson,Accessory,Maintenance/Supply,https://www.keplertechllc.com/product/innova-decor-smooth-art-ds-ifa-25/,https://www.keplertechllc.com/wp-content/uploads/2023/06/Innova-Decor-Smooth-Art-DS-IFA-25.webp,,150.0,Colour:  | Yield/Cap:  | Stock: 10,Fits 0 printers: ,Authentic Innova IFA 24 Décor Smooth Art 210gsm - A3+ - 50 Sheets for professional printing equipment.
Consumable,IFA-24-610X30,"Innova IFA 24 Décor Smooth Art 210gsm - 24""X30 M",Epson,Accessory,Maintenance/Supply,https://www.keplertechllc.com/product/innova-decor-smooth-art-ifa-24/,https://www.keplertechllc.com/wp-content/uploads/2023/06/Innova-Decor-Smooth-Art-IFA-24.webp,,150.0,Colour:  | Yield/Cap:  | Stock: 10,Fits 0 printers: ,"Authentic Innova IFA 24 Décor Smooth Art 210gsm - 24""X30 M for professional printing equipment."
Consumable,IFA-24-1118X30,"Innova IFA 24 Décor Smooth Art 210gsm - 44""X30 M",Epson,Accessory,Maintenance/Supply,https://www.keplertechllc.com/product/innova-decor-smooth-art-ds-ifa-25/,https://www.keplertechllc.com/wp-content/uploads/2023/06/Innova-Decor-Smooth-Art-DS-IFA-25.webp,,150.0,Colour:  | Yield/Cap:  | Stock: 10,Fits 0 printers: ,"Authentic Innova IFA 24 Décor Smooth Art 210gsm - 44""X30 M for professional printing equipment."
Consumable,OLM 62,OLM 62 Olmec Photo Gloss Lightweight 190gsm,Epson,Accessory,Maintenance/Supply,https://www.keplertechllc.com/product/olm-62-olmec-photo-gloss-lightweight-190gsm/,https://www.keplertechllc.com/wp-content/uploads/2023/06/OLM-62-Olmec-Photo-Gloss-Lightweight-190gsm.webp,,150.0,Colour:  | Yield/Cap:  | Stock: 0,Fits 0 printers: ,Authentic OLM 62 Olmec Photo Gloss Lightweight 190gsm for professional printing equipment.
Consumable,OLM62R24,"OLM 62 Olmec Photo Gloss Lightweight 190gsm - 24""X30 M",Epson,Accessory,Maintenance/Supply,https://www.keplertechllc.com/product/olm-62-olmec-photo-gloss-lightweight-190gsm/,https://www.keplertechllc.com/wp-content/uploads/2023/06/OLM-62-Olmec-Photo-Gloss-Lightweight-190gsm.webp,,150.0,Colour:  | Yield/Cap:  | Stock: 10,Fits 0 printers: ,"Authentic OLM 62 Olmec Photo Gloss Lightweight 190gsm - 24""X30 M for professional printing equipment."
Consumable,OLM62R44,"OLM 62 Olmec Photo Gloss Lightweight 190gsm - 44""X30 M",Epson,Accessory,Maintenance/Supply,https://www.keplertechllc.com/product/olm-62-olmec-photo-gloss-lightweight-190gsm/,https://www.keplertechllc.com/wp-content/uploads/2023/06/OLM-62-Olmec-Photo-Gloss-Lightweight-190gsm.webp,,150.0,Colour:  | Yield/Cap:  | Stock: 10,Fits 0 printers: ,"Authentic OLM 62 Olmec Photo Gloss Lightweight 190gsm - 44""X30 M for professional printing equipment."
Consumable,OLM 68,OLM 68 Olmec Photo Lustre Lightweight 190gsm,Epson,Accessory,Maintenance/Supply,https://www.keplertechllc.com/product/olm-68-olmec-photo-lustre-lightweight-190gsm/,https://www.keplertechllc.com/wp-content/uploads/2023/06/OLM-68-Olmec-Photo-Lustre-Lightweight-190gsm.webp,,150.0,Colour:  | Yield/Cap:  | Stock: 0,Fits 0 printers: ,Authentic OLM 68 Olmec Photo Lustre Lightweight 190gsm for professional printing equipment.
Consumable,OLM68R24,"OLM 68 Olmec Photo Lustre Lightweight 190gsm - 24""X30 M",Epson,Accessory,Maintenance/Supply,https://www.keplertechllc.com/product/olm-68-olmec-photo-lustre-lightweight-190gsm/,https://www.keplertechllc.com/wp-content/uploads/2023/06/OLM-68-Olmec-Photo-Lustre-Lightweight-190gsm.webp,,150.0,Colour:  | Yield/Cap:  | Stock: 10,Fits 0 printers: ,"Authentic OLM 68 Olmec Photo Lustre Lightweight 190gsm - 24""X30 M for professional printing equipment."
Consumable,OLM68R44,"OLM 68 Olmec Photo Lustre Lightweight 190gsm - 44""X30 M",Epson,Accessory,Maintenance/Supply,https://www.keplertechllc.com/product/olm-68-olmec-photo-lustre-lightweight-190gsm/,https://www.keplertechllc.com/wp-content/uploads/2023/06/OLM-68-Olmec-Photo-Lustre-Lightweight-190gsm.webp,,150.0,Colour:  | Yield/Cap:  | Stock: 10,Fits 0 printers: ,"Authentic OLM 68 Olmec Photo Lustre Lightweight 190gsm - 44""X30 M for professional printing equipment."
Consumable,OLM 59,OLM 59 Olmec Photo Lustre Heavyweight 260gsm,Epson,Accessory,Maintenance/Supply,https://www.keplertechllc.com/product/olm-59-olmec-photo-lustre-heavyweight-260gsm/,https://www.keplertechllc.com/wp-content/uploads/2023/06/OLM-59-Olmec-Photo-Lustre-Heavyweight-260gsm.webp,,150.0,Colour:  | Yield/Cap:  | Stock: 0,Fits 0 printers: ,Authentic OLM 59 Olmec Photo Lustre Heavyweight 260gsm for professional printing equipment.
Consumable,OLM59R24,"OLM 59 Olmec Photo Lustre Heavyweight 260gsm - 24""X30 M",Epson,Accessory,Maintenance/Supply,https://www.keplertechllc.com/product/olm-59-olmec-photo-lustre-heavyweight-260gsm/,https://www.keplertechllc.com/wp-content/uploads/2023/06/OLM-59-Olmec-Photo-Lustre-Heavyweight-260gsm.webp,,150.0,Colour:  | Yield/Cap:  | Stock: 10,Fits 0 printers: ,"Authentic OLM 59 Olmec Photo Lustre Heavyweight 260gsm - 24""X30 M for professional printing equipment."
Consumable,OLM59R44,"OLM 59 Olmec Photo Lustre Heavyweight 260gsm - 44""X30 M",Epson,Accessory,Maintenance/Supply,https://www.keplertechllc.com/product/olm-59-olmec-photo-lustre-heavyweight-260gsm/,https://www.keplertechllc.com/wp-content/uploads/2023/06/OLM-59-Olmec-Photo-Lustre-Heavyweight-260gsm.webp,,150.0,Colour:  | Yield/Cap:  | Stock: 10,Fits 0 printers: ,"Authentic OLM 59 Olmec Photo Lustre Heavyweight 260gsm - 44""X30 M for professional printing equipment."
Consumable,OLM 60,OLM 60 Olmec Photo Gloss Heavyweight 260gsm,Epson,Accessory,Maintenance/Supply,https://www.keplertechllc.com/product/olm-60-olmec-photo-gloss-heavyweight-260gsm/,https://www.keplertechllc.com/wp-content/uploads/2023/06/OLM-60-Olmec-Photo-Gloss-Heavyweight-260gsm.webp,,150.0,Colour:  | Yield/Cap:  | Stock: 0,Fits 0 printers: ,Authentic OLM 60 Olmec Photo Gloss Heavyweight 260gsm for professional printing equipment.
Consumable,OLM60R24,"OLM 60 Olmec Photo Gloss Heavyweight 260gsm - 24""X30 M",Epson,Accessory,Maintenance/Supply,https://www.keplertechllc.com/product/olm-60-olmec-photo-gloss-heavyweight-260gsm/,https://www.keplertechllc.com/wp-content/uploads/2023/06/OLM-60-Olmec-Photo-Gloss-Heavyweight-260gsm.webp,,150.0,Colour:  | Yield/Cap:  | Stock: 10,Fits 0 printers: ,"Authentic OLM 60 Olmec Photo Gloss Heavyweight 260gsm - 24""X30 M for professional printing equipment."
Consumable,OLM60R44,"OLM 60 Olmec Photo Gloss Heavyweight 260gsm - 44""X30 M",Epson,Accessory,Maintenance/Supply,https://www.keplertechllc.com/product/olm-60-olmec-photo-gloss-heavyweight-260gsm/,https://www.keplertechllc.com/wp-content/uploads/2023/06/OLM-60-Olmec-Photo-Gloss-Heavyweight-260gsm.webp,,150.0,Colour:  | Yield/Cap:  | Stock: 10,Fits 0 printers: ,"Authentic OLM 60 Olmec Photo Gloss Heavyweight 260gsm - 44""X30 M for professional printing equipment."
Consumable,OLM 61,OLM 61 Olmec Photo Satin Heavyweight 260gsm,Epson,Accessory,Maintenance/Supply,https://www.keplertechllc.com/product/olm-61-olmec-photo-satin-heavyweight-260gsm/,https://www.keplertechllc.com/wp-content/uploads/2023/06/OLM-61-Olmec-Photo-Satin-Heavyweight-260gsm.webp,,150.0,Colour:  | Yield/Cap:  | Stock: 0,Fits 0 printers: ,Authentic OLM 61 Olmec Photo Satin Heavyweight 260gsm for professional printing equipment.
Consumable,OLM61R24,"OLM 61 Olmec Photo Satin Heavyweight 260gsm - 24""X30 M",Epson,Accessory,Maintenance/Supply,https://www.keplertechllc.com/product/olm-61-olmec-photo-satin-heavyweight-260gsm/,https://www.keplertechllc.com/wp-content/uploads/2023/06/OLM-61-Olmec-Photo-Satin-Heavyweight-260gsm.webp,,150.0,Colour:  | Yield/Cap:  | Stock: 10,Fits 0 printers: ,"Authentic OLM 61 Olmec Photo Satin Heavyweight 260gsm - 24""X30 M for professional printing equipment."
Consumable,OLM61R44,"OLM 61 Olmec Photo Satin Heavyweight 260gsm - 44""X30 M",Epson,Accessory,Maintenance/Supply,https://www.keplertechllc.com/product/olm-61-olmec-photo-satin-heavyweight-260gsm/,https://www.keplertechllc.com/wp-content/uploads/2023/06/OLM-61-Olmec-Photo-Satin-Heavyweight-260gsm.webp,,150.0,Colour:  | Yield/Cap:  | Stock: 10,Fits 0 printers: ,"Authentic OLM 61 Olmec Photo Satin Heavyweight 260gsm - 44""X30 M for professional printing equipment."
Consumable,OLM 65,OLM 65 Olmec Photo Gloss Double Sided 250gsm,Epson,Accessory,Maintenance/Supply,https://www.keplertechllc.com/product/olm-65-olmec-photo-gloss-double-sided-250gsm/,https://www.keplertechllc.com/wp-content/uploads/2023/06/OLM-65-Olmec-Photo-Gloss-Double-Sided-250gsm.webp,,150.0,Colour:  | Yield/Cap:  | Stock: 0,Fits 0 printers: ,Authentic OLM 65 Olmec Photo Gloss Double Sided 250gsm for professional printing equipment.
Consumable,OLM65A4,OLM 65 Olmec Photo Gloss Double Sided 250gsm - A4 - 50 Sheets,Epson,Accessory,Maintenance/Supply,https://www.keplertechllc.com/product/olm-65-olmec-photo-gloss-double-sided-250gsm/,https://www.keplertechllc.com/wp-content/uploads/2023/06/OLM-65-Olmec-Photo-Gloss-Double-Sided-250gsm.webp,,150.0,Colour:  | Yield/Cap:  | Stock: 10,Fits 0 printers: ,Authentic OLM 65 Olmec Photo Gloss Double Sided 250gsm - A4 - 50 Sheets for professional printing equipment.
Consumable,OLM65A3,OLM 65 Olmec Photo Gloss Double Sided 250gsm - A3 - 50 Sheets,Epson,Accessory,Maintenance/Supply,https://www.keplertechllc.com/product/olm-65-olmec-photo-gloss-double-sided-250gsm/,https://www.keplertechllc.com/wp-content/uploads/2023/06/OLM-65-Olmec-Photo-Gloss-Double-Sided-250gsm.webp,,150.0,Colour:  | Yield/Cap:  | Stock: 10,Fits 0 printers: ,Authentic OLM 65 Olmec Photo Gloss Double Sided 250gsm - A3 - 50 Sheets for professional printing equipment.
Consumable,OLM 67,OLM 67 Olmec Photo Matte Archival 230gsm,Epson,Accessory,Maintenance/Supply,https://www.keplertechllc.com/product/olm-67-olmec-photo-matte-archival-230gsm/,https://www.keplertechllc.com/wp-content/uploads/2023/06/OLM-67-Olmec-Photo-Matte-Archival-230gsm.webp,,150.0,Colour:  | Yield/Cap:  | Stock: 0,Fits 0 printers: ,Authentic OLM 67 Olmec Photo Matte Archival 230gsm for professional printing equipment.
Consumable,OLM67R24,"OLM 67 Olmec Photo Matte Archival 230gsm - 24""X30 M",Epson,Accessory,Maintenance/Supply,https://www.keplertechllc.com/product/olm-67-olmec-photo-matte-archival-230gsm/,https://www.keplertechllc.com/wp-content/uploads/2023/06/OLM-67-Olmec-Photo-Matte-Archival-230gsm.webp,,150.0,Colour:  | Yield/Cap:  | Stock: 10,Fits 0 printers: ,"Authentic OLM 67 Olmec Photo Matte Archival 230gsm - 24""X30 M for professional printing equipment."
Consumable,OLM67R44,"OLM 67 Olmec Photo Matte Archival 230gsm - 44""X30 M",Epson,Accessory,Maintenance/Supply,https://www.keplertechllc.com/product/olm-67-olmec-photo-matte-archival-230gsm/,https://www.keplertechllc.com/wp-content/uploads/2023/06/OLM-67-Olmec-Photo-Matte-Archival-230gsm.webp,,150.0,Colour:  | Yield/Cap:  | Stock: 10,Fits 0 printers: ,"Authentic OLM 67 Olmec Photo Matte Archival 230gsm - 44""X30 M for professional printing equipment."
Consumable,OLM 70,OLM 70 Olmec Photo Pearl Premium 310gsm,Epson,Accessory,Maintenance/Supply,https://www.keplertechllc.com/product/olm-70-olmec-photo-pearl-premium-310gsm/,https://www.keplertechllc.com/wp-content/uploads/2023/06/OLM-70-Olmec-Photo-Pearl-Premium-310gsm.webp,,150.0,Colour:  | Yield/Cap:  | Stock: 0,Fits 0 printers: ,Authentic OLM 70 Olmec Photo Pearl Premium 310gsm for professional printing equipment.
Consumable,OLM70R24,OLM 70 Olmec Photo Pearl Premium 310gsm - 24''X25 M,Epson,Accessory,Maintenance/Supply,https://www.keplertechllc.com/product/olm-70-olmec-photo-pearl-premium-310gsm/,https://www.keplertechllc.com/wp-content/uploads/2023/06/OLM-70-Olmec-Photo-Pearl-Premium-310gsm.webp,,150.0,Colour:  | Yield/Cap:  | Stock: 10,Fits 0 printers: ,Authentic OLM 70 Olmec Photo Pearl Premium 310gsm - 24''X25 M for professional printing equipment.
Consumable,OLM70R44,OLM 70 Olmec Photo Pearl Premium 310gsm - 44''X25 M,Epson,Accessory,Maintenance/Supply,https://www.keplertechllc.com/product/olm-70-olmec-photo-pearl-premium-310gsm/,https://www.keplertechllc.com/wp-content/uploads/2023/06/OLM-70-Olmec-Photo-Pearl-Premium-310gsm.webp,,150.0,Colour:  | Yield/Cap:  | Stock: 10,Fits 0 printers: ,Authentic OLM 70 Olmec Photo Pearl Premium 310gsm - 44''X25 M for professional printing equipment.
Consumable,OLM 71,OLM 71 Olmec Photo Metallic Gloss 260gsm,Epson,Accessory,Maintenance/Supply,https://www.keplertechllc.com/product/olm-71-olmec-photo-metallic-gloss-260gsm/,https://www.keplertechllc.com/wp-content/uploads/2023/06/OLM-71-Olmec-Photo-Metallic-Gloss-260gsm.webp,,150.0,Colour:  | Yield/Cap:  | Stock: 0,Fits 0 printers: ,Authentic OLM 71 Olmec Photo Metallic Gloss 260gsm for professional printing equipment.
Consumable,OLM71R24,"OLM 71 Olmec Photo Metallic Gloss 260gsm - 24""X15 M",Epson,Accessory,Maintenance/Supply,https://www.keplertechllc.com/product/olm-71-olmec-photo-metallic-gloss-260gsm/,https://www.keplertechllc.com/wp-content/uploads/2023/06/OLM-71-Olmec-Photo-Metallic-Gloss-260gsm.webp,,150.0,Colour:  | Yield/Cap:  | Stock: 10,Fits 0 printers: ,"Authentic OLM 71 Olmec Photo Metallic Gloss 260gsm - 24""X15 M for professional printing equipment."
Consumable,OLM71R44,"OLM 71 Olmec Photo Metallic Gloss 260gsm - 44""X15 M",Epson,Accessory,Maintenance/Supply,https://www.keplertechllc.com/product/olm-71-olmec-photo-metallic-gloss-260gsm/,https://www.keplertechllc.com/wp-content/uploads/2023/06/OLM-71-Olmec-Photo-Metallic-Gloss-260gsm.webp,,150.0,Colour:  | Yield/Cap:  | Stock: 10,Fits 0 printers: ,"Authentic OLM 71 Olmec Photo Metallic Gloss 260gsm - 44""X15 M for professional printing equipment."
Consumable,OLM 72,OLM 72 Olmec Photo Metallic Luster 260gsm,Epson,Accessory,Maintenance/Supply,https://www.keplertechllc.com/product/olm-72-olmec-photo-metallic-lustre-260gsm/,https://www.keplertechllc.com/wp-content/uploads/2023/06/OLM-72-Olmec-Photo-Metallic-Lustre-260gsm.webp,,150.0,Colour:  | Yield/Cap:  | Stock: 10,Fits 0 printers: ,Authentic OLM 72 Olmec Photo Metallic Luster 260gsm for professional printing equipment.
Consumable,OLM72R24,"OLM 72 Olmec Photo Metallic Luster 260gsm - 24""X30 M",Epson,Accessory,Maintenance/Supply,https://www.keplertechllc.com/product/olm-72-olmec-photo-metallic-lustre-260gsm/,https://www.keplertechllc.com/wp-content/uploads/2023/06/OLM-72-Olmec-Photo-Metallic-Lustre-260gsm.webp,,150.0,Colour:  | Yield/Cap:  | Stock: 10,Fits 0 printers: ,"Authentic OLM 72 Olmec Photo Metallic Luster 260gsm - 24""X30 M for professional printing equipment."
Consumable,OLM72R44,"OLM 72 Olmec Photo Metallic Luster 260gsm - 44""X30 M",Epson,Accessory,Maintenance/Supply,https://www.keplertechllc.com/product/olm-72-olmec-photo-metallic-lustre-260gsm/,https://www.keplertechllc.com/wp-content/uploads/2023/06/OLM-72-Olmec-Photo-Metallic-Lustre-260gsm.webp,,150.0,Colour:  | Yield/Cap:  | Stock: 10,Fits 0 printers: ,"Authentic OLM 72 Olmec Photo Metallic Luster 260gsm - 44""X30 M for professional printing equipment."
Consumable,C13T08H300,C13T08H300 Epson WorkForce Enterprise AM-C4000 Magenta Ink,Epson,Ink Cartridge,Magenta,https://www.keplertechllc.com/product/c13t08h300-epson-workforce-enterprise-am-c4000-magenta-ink/,https://www.keplertechllc.com/wp-content/uploads/2023/06/C13T08H300-Epson-WorkForce-Enterprise-AM-C4000-Magenta-Ink.webp,,220.0,"Colour: Magenta | Yield/Cap: Up to 31,500 pages Black / 28,000 pages Colour (High-Yield Industrial Ink Packs) | Stock: 0",Fits 1 printers: Epson WorkForce Enterprise AM-C4000 (epson-am-c4000),"Genuine OEM C13T08H300 Epson WorkForce Enterprise AM-C4000 Magenta Ink delivering vibrant, archival-grade prints with wide color gamut."
Consumable,C13T08H100,C13T08H100 Epson WorkForce Enterprise AM-C4000 Black Ink,Epson,Ink Cartridge,Black,https://www.keplertechllc.com/product/c13t08h100-epson-workforce-enterprise-am-c4000-black-ink/,https://www.keplertechllc.com/wp-content/uploads/2023/06/C13T08H100-Epson-WorkForce-AM-C4000-Black-Ink.webp,,220.0,"Colour: Black | Yield/Cap: Up to 31,500 pages Black / 28,000 pages Colour (High-Yield Industrial Ink Packs) | Stock: 0",Fits 1 printers: Epson WorkForce Enterprise AM-C4000 (epson-am-c4000),"Genuine OEM C13T08H100 Epson WorkForce Enterprise AM-C4000 Black Ink delivering vibrant, archival-grade prints with wide color gamut."
Consumable,C13T08H200,C13T08H200 Epson WorkForce Enterprise AM-C4000 Cyan Ink,Epson,Ink Cartridge,Cyan,https://www.keplertechllc.com/product/c13t08h200-epson-workforce-enterprise-am-c4000-cyan-ink/,https://www.keplertechllc.com/wp-content/uploads/2023/06/C13T08H200-Epson-WorkForce-AM-C4000-Cyan-Ink.webp,,220.0,"Colour: Cyan | Yield/Cap: Up to 31,500 pages Black / 28,000 pages Colour (High-Yield Industrial Ink Packs) | Stock: 0",Fits 1 printers: Epson WorkForce Enterprise AM-C4000 (epson-am-c4000),"Genuine OEM C13T08H200 Epson WorkForce Enterprise AM-C4000 Cyan Ink delivering vibrant, archival-grade prints with wide color gamut."
Consumable,C13T08H400,C13T08H400 Epson WorkForce Enterprise AM-C4000 Yellow Ink,Epson,Ink Cartridge,Yellow,https://www.keplertechllc.com/product/c13t08h400-epson-workforce-enterprise-am-c4000-yellow-ink/,https://www.keplertechllc.com/wp-content/uploads/2023/06/Epson-WorkForce-AM-C4000-Yellow-Ink.webp,,883.0,"Colour: Yellow | Yield/Cap: Up to 31,500 pages Black / 28,000 pages Colour (High-Yield Industrial Ink Packs) | Stock: 0",Fits 1 printers: Epson WorkForce Enterprise AM-C4000 (epson-am-c4000),"Genuine OEM C13T08H400 Epson WorkForce Enterprise AM-C4000 Yellow Ink delivering vibrant, archival-grade prints with wide color gamut."
Consumable,C12C937181,Epson Maintenance Box (AM-C4000/C5000/C6000) - C12C937181,Epson,Maintenance Box,Maintenance/Supply,https://www.keplertechllc.com/product/c12c937181-epson-maintenance-box-am-c4000-5000-6000/,https://www.keplertechllc.com/wp-content/uploads/2023/06/C12C937181-Epson-Maintenance-Box-AM-C4000-5000-6000.webp,,180.0,"Colour:  | Yield/Cap: Up to 31,500 pages Black / 28,000 pages Colour (High-Yield Industrial Ink Packs) | Stock: 0",Fits 3 printers: Epson WorkForce Enterprise AM-C4000 (epson-am-c4000); Epson WorkForce Enterprise AM-C5000 (epson-am-c5000); Epson WorkForce Enterprise AM-C6000 (epson-am-c6000),Genuine OEM Epson Maintenance Box (AM-C4000/C5000/C6000) - C12C937181 designed for reliable printer maintenance and waste ink collection.
Consumable,C13T08G300,C13T08G300 Epson WorkForce Enterprise Magenta Ink,Epson,Ink Cartridge,Magenta,https://www.keplertechllc.com/product/c13t08g300-epson-workforce-enterprise-am-c5000-6000-magenta-ink/,https://www.keplertechllc.com/wp-content/uploads/2023/06/C13T08G300-Epson-WorkForce-Enterprise-AM-C5000-6000-Magenta-Ink.webp,,220.0,Colour: Magenta | Yield/Cap:  | Stock: 10,Fits 2 printers: Epson WorkForce Enterprise AM-C5000 (epson-am-c5000); Epson WorkForce Enterprise AM-C6000 (epson-am-c6000),"Genuine OEM C13T08G300 Epson WorkForce Enterprise Magenta Ink delivering vibrant, archival-grade prints with wide color gamut."
Consumable,C13T08G100,C13T08G100 Epson WorkForce Enterprise Black Ink,Epson,Ink Cartridge,Black,https://www.keplertechllc.com/product/c13t08g100-epson-workforce-enterprise-am-c5000-6000-black-ink/,https://www.keplertechllc.com/wp-content/uploads/2023/06/C13T08G100-Epson-WorkForce-Enterprise-AM-C5000-6000-Black-Ink.webp,,220.0,Colour: Black | Yield/Cap:  | Stock: 10,Fits 2 printers: Epson WorkForce Enterprise AM-C5000 (epson-am-c5000); Epson WorkForce Enterprise AM-C6000 (epson-am-c6000),"Genuine OEM C13T08G100 Epson WorkForce Enterprise Black Ink delivering vibrant, archival-grade prints with wide color gamut."
Consumable,C13T08G400,C13T08G400 Epson WorkForce AM-C5000/6000 Yellow Ink,Epson,Ink Cartridge,Yellow,https://www.keplertechllc.com/product/c13t08g400-epson-workforce-enterprise-am-c5000-6000-yellow-ink/,https://www.keplertechllc.com/wp-content/uploads/2023/06/C13T08G400-Epson-WorkForce-Enterprise-AM-C5000-6000-Yellow-Ink.webp,,220.0,"Colour: Yellow | Yield/Cap: Up to 50,000 pages Black / 30,000 pages Colour (Ultra High-Yield Ink Bags (T08G Series)) | Stock: 10",Fits 2 printers: Epson WorkForce Enterprise AM-C5000 (epson-am-c5000); Epson WorkForce Enterprise AM-C6000 (epson-am-c6000),"Genuine OEM C13T08G400 Epson WorkForce AM-C5000/6000 Yellow Ink delivering vibrant, archival-grade prints with wide color gamut."
Consumable,C13T08G200,C13T08G200 Epson WorkForce AM-C5000/ C6000 Cyan Ink,Epson,Ink Cartridge,Cyan,https://www.keplertechllc.com/product/c13t08g200-epson-workforce-enterprise-am-c5000-6000-cyan-ink/,https://www.keplertechllc.com/wp-content/uploads/2023/06/C13T08G200-Epson-WorkForce-Enterprise-AM-C5000-6000-Cyan-Ink.webp,,220.0,"Colour: Cyan | Yield/Cap: Up to 50,000 pages Black / 30,000 pages Colour (Ultra High-Yield Ink Bags (T08G Series)) | Stock: 10",Fits 2 printers: Epson WorkForce Enterprise AM-C5000 (epson-am-c5000); Epson WorkForce Enterprise AM-C6000 (epson-am-c6000),"Genuine OEM C13T08G200 Epson WorkForce AM-C5000/ C6000 Cyan Ink delivering vibrant, archival-grade prints with wide color gamut."
Consumable,C13T49N100,C13T49N100 Epson Dye Sublimation Black Ink,Epson,Ink Cartridge,Black,https://www.keplertechllc.com/product/epson-dye-sublimation-black-t49n100-ink/,https://www.keplertechllc.com/wp-content/uploads/2023/07/Dye-Sublimation-Black-T49N100-140mL.webp,,110.0,Colour: Black | Yield/Cap:  | Stock: 10,Fits 2 printers: Epson SureColor SC-F100 (epson-sc-f100); Epson SureColor SC-F500 (epson-sc-f500),"Genuine OEM C13T49N100 Epson Dye Sublimation Black Ink delivering vibrant, archival-grade prints with wide color gamut."
Consumable,C13T49N300,C13T49N300 Epson Dye Sublimation Magenta Ink,Epson,Ink Cartridge,Magenta,https://www.keplertechllc.com/product/epson-dye-sublimation-magenta-t49n300-ink/,https://www.keplertechllc.com/wp-content/uploads/2023/07/Dye-Sublimation-Magenta-T49N300-140mL.webp,,110.0,Colour: Magenta | Yield/Cap:  | Stock: 10,Fits 2 printers: Epson SureColor SC-F100 (epson-sc-f100); Epson SureColor SC-F500 (epson-sc-f500),"Genuine OEM C13T49N300 Epson Dye Sublimation Magenta Ink delivering vibrant, archival-grade prints with wide color gamut."
Consumable,C13T49N200,C13T49N200 Epson Dye Sublimation Cyan Ink,Epson,Ink Cartridge,Cyan,https://www.keplertechllc.com/product/c13t49n200-epson-dye-sublimation-cyan-ink/,https://www.keplertechllc.com/wp-content/uploads/2023/07/C13T49N200.webp,,110.0,Colour: Cyan | Yield/Cap:  | Stock: 0,Fits 2 printers: Epson SureColor SC-F100 (epson-sc-f100); Epson SureColor SC-F500 (epson-sc-f500),"Genuine OEM C13T49N200 Epson Dye Sublimation Cyan Ink delivering vibrant, archival-grade prints with wide color gamut."
Consumable,C13T49N400,C13T49N400 Epson Dye Sublimation Yellow Ink,Epson,Ink Cartridge,Yellow,https://www.keplertechllc.com/product/c13t49n400-epson-dye-sublimation-yellow-ink/,https://www.keplertechllc.com/wp-content/uploads/2023/07/Dye-Sublimation-Yellow-T49N400-140mL.webp,,110.0,Colour: Yellow | Yield/Cap:  | Stock: 0,Fits 2 printers: Epson SureColor SC-F100 (epson-sc-f100); Epson SureColor SC-F500 (epson-sc-f500),"Genuine OEM C13T49N400 Epson Dye Sublimation Yellow Ink delivering vibrant, archival-grade prints with wide color gamut."
Consumable,C13S210125,C13S210125 Epson Maintenance Box,Epson,Maintenance Box,Maintenance/Supply,https://www.keplertechllc.com/product/c13s210125-epson-maintenance-box/,https://www.keplertechllc.com/wp-content/uploads/2023/07/Maintenance-Box-S210125.webp,,210.0,Colour:  | Yield/Cap:  | Stock: 0,Fits 2 printers: Epson SureColor SC-P5300 (epson-sc-p5300); Epson SureColor SC-F100 (epson-sc-f100),Genuine OEM C13S210125 Epson Maintenance Box designed for reliable printer maintenance and waste ink collection.
Consumable,C13T11C140,C13T11C140 Epson WF-C53xx / WF-C58xx Series L Black Ink,Epson,Ink Cartridge,Black,https://www.keplertechllc.com/product/c13t11c140-wf-c53xx-wf-c58xx-series-l-black-ink-cartridge/,https://www.keplertechllc.com/wp-content/uploads/2023/07/WF-C53xx-WF-C58xx-Series-Ink-Cartridge-L-Black.webp,,220.0,Colour: Black | Yield/Cap:  | Stock: 10,Fits 1 printers: Epson WorkForce Pro WF-C5890 DWF (epson-wf-c5890-dwf),"Genuine OEM C13T11C140 Epson WF-C53xx / WF-C58xx Series L Black Ink delivering vibrant, archival-grade prints with wide color gamut."
Consumable,C13T11C240,C13T11C240 Epson WF-C53xx / WF-C58xx Series L Cyan Ink,Epson,Ink Cartridge,Cyan,https://www.keplertechllc.com/product/c13t11c240-epson-wf-c53xx-wf-c58xx-series-l-cyan-ink/,https://www.keplertechllc.com/wp-content/uploads/2023/07/WF-C53xx-WF-C58xx-Series-Ink-Cartridge-L-Cyan.webp,,220.0,Colour: Cyan | Yield/Cap:  | Stock: 0,Fits 1 printers: Epson WorkForce Pro WF-C5890 DWF (epson-wf-c5890-dwf),"Genuine OEM C13T11C240 Epson WF-C53xx / WF-C58xx Series L Cyan Ink delivering vibrant, archival-grade prints with wide color gamut."
Consumable,C13T11C340,C13T11C340 Epson WF-C53xx / WF-C58xx Series Magenta Ink,Epson,Ink Cartridge,Magenta,https://www.keplertechllc.com/product/c13t11c340-epson-wf-c53xx-c58xx-magenta-ink/,https://www.keplertechllc.com/wp-content/uploads/2023/07/WF-C53xx-WF-C58xx-Series-Ink-Cartridge-L-Magenta.webp,,220.0,Colour: Magenta | Yield/Cap:  | Stock: 10,Fits 1 printers: Epson WorkForce Pro WF-C5890 DWF (epson-wf-c5890-dwf),"Genuine OEM C13T11C340 Epson WF-C53xx / WF-C58xx Series Magenta Ink delivering vibrant, archival-grade prints with wide color gamut."
Consumable,C13T11C440,C13T11C440 Epson WF-C53xx / WF-C58xx Series Yellow Ink,Epson,Ink Cartridge,Yellow,https://www.keplertechllc.com/product/c13t11c440-epson-wf-c53xx-wf-c58xx-series-l-yellow-ink/,https://www.keplertechllc.com/wp-content/uploads/2023/07/WF-C53xx-WF-C58xx-Series-Ink-Cartridge-L-Yellow.webp,,220.0,Colour: Yellow | Yield/Cap:  | Stock: 10,Fits 1 printers: Epson WorkForce Pro WF-C5890 DWF (epson-wf-c5890-dwf),"Genuine OEM C13T11C440 Epson WF-C53xx / WF-C58xx Series Yellow Ink delivering vibrant, archival-grade prints with wide color gamut."
Consumable,C13T11D140,C13T11D140 Epson WF-C53xx / WF-C58xx Series Black Ink (XL),Epson,Ink Cartridge,Black,https://www.keplertechllc.com/product/c13t11d140-epson-wf-c53xx-wf-c58xx-series-xl-black-ink/,https://www.keplertechllc.com/wp-content/uploads/2023/07/WF-C53xx-WF-C58xx-Series-Ink-Cartridge-XL-Black.webp,,220.0,Colour: Black | Yield/Cap:  | Stock: 10,Fits 1 printers: Epson WorkForce Pro WF-C5890 DWF (epson-wf-c5890-dwf),"Genuine OEM C13T11D140 Epson WF-C53xx / WF-C58xx Series Black Ink (XL) delivering vibrant, archival-grade prints with wide color gamut."
Consumable,C13T11D240,C13T11D240 Epson WF-C53xx / WF-C58xx Series XL Cyan Ink,Epson,Ink Cartridge,Cyan,https://www.keplertechllc.com/product/c13t11d240-epson-wf-c53xx-wf-c58xx-series-xl-cyan-ink/,https://www.keplertechllc.com/wp-content/uploads/2023/07/WF-C53xx-WF-C58xx-Series-Ink-Cartridge-XL-Cyan.webp,,220.0,Colour: Cyan | Yield/Cap:  | Stock: 0,Fits 1 printers: Epson WorkForce Pro WF-C5890 DWF (epson-wf-c5890-dwf),"Genuine OEM C13T11D240 Epson WF-C53xx / WF-C58xx Series XL Cyan Ink delivering vibrant, archival-grade prints with wide color gamut."
Consumable,C13T11D340,C13T11D340 Epson WF-C53xx / WF-C58xx Series XL Magenta Ink,Epson,Ink Cartridge,Magenta,https://www.keplertechllc.com/product/c13t11d340-epson-wf-c53xx-wf-c58xx-series-xl-magenta-ink/,https://www.keplertechllc.com/wp-content/uploads/2023/07/WF-C53xx-WF-C58xx-Series-Ink-Cartridge-XL-Magenta.webp,,220.0,Colour: Magenta | Yield/Cap:  | Stock: 0,Fits 1 printers: Epson WorkForce Pro WF-C5890 DWF (epson-wf-c5890-dwf),"Genuine OEM C13T11D340 Epson WF-C53xx / WF-C58xx Series XL Magenta Ink delivering vibrant, archival-grade prints with wide color gamut."
Consumable,C13T11D440,C13T11D440 Epson WF-C53xx / WF-C58xx Series XL Yellow Ink,Epson,Ink Cartridge,Yellow,https://www.keplertechllc.com/product/c13t11d440-epson-wf-c53xx-wf-c58xx-series-xl-yellow-ink/,https://www.keplertechllc.com/wp-content/uploads/2023/07/WF-C53xx-WF-C58xx-Series-Ink-Cartridge-XL-Yellow.webp,,220.0,Colour: Yellow | Yield/Cap:  | Stock: 0,Fits 1 printers: Epson WorkForce Pro WF-C5890 DWF (epson-wf-c5890-dwf),"Genuine OEM C13T11D440 Epson WF-C53xx / WF-C58xx Series XL Yellow Ink delivering vibrant, archival-grade prints with wide color gamut."
Consumable,C13T11E140,C13T11E140 Epson WF-C53xx / WF-C58xx Series XXL Black Ink,Epson,Ink Cartridge,Black,https://www.keplertechllc.com/product/c13t11e140-epson-wf-c53xx-wf-c58xx-series-xxl-black-ink/,https://www.keplertechllc.com/wp-content/uploads/2023/07/WF-C53xx-WF-C58xx-Series-Ink-Cartridge-XXL-Black.webp,,450.0,Colour: Black | Yield/Cap:  | Stock: 0,Fits 1 printers: Epson WorkForce Pro WF-C5890 DWF (epson-wf-c5890-dwf),"Genuine OEM C13T11E140 Epson WF-C53xx / WF-C58xx Series XXL Black Ink delivering vibrant, archival-grade prints with wide color gamut."
Consumable,C12C938211,Epson 58xx/53xx Series Maintenance Box - C12C938211,Epson,Maintenance Box,Maintenance/Supply,https://www.keplertechllc.com/product/c12c938211-epson-58xx-53xx-series-maintenance-box/,https://www.keplertechllc.com/wp-content/uploads/2023/07/WF-C5890-Maintenance-Box.webp,,180.0,Colour:  | Yield/Cap:  | Stock: 0,Fits 2 printers: Epson WorkForce Pro WF-C5890 DWF (epson-wf-c5890-dwf); Epson WorkForce Pro EM-C800 (epson-em-c800),Genuine OEM Epson 58xx/53xx Series Maintenance Box - C12C938211 designed for reliable printer maintenance and waste ink collection.
Consumable,C13T55K100,C13T55K100 Epson Singlepack Photo Black UltraChrome HDX/HD 700ml Ink,Epson,Ink Cartridge,Black,https://www.keplertechllc.com/product/c13t55k100-epson-singlepack-photo-black-ultrachrome-hdx-hd-700ml-ink/,https://www.keplertechllc.com/wp-content/uploads/2023/08/C13T55K100-Epson-Singlepack-Photo-Black-UltraChrome-HDXHD-700ml-Ink.webp,,450.0,Colour: Black | Yield/Cap:  | Stock: 0,Fits 0 printers: ,"Genuine OEM C13T55K100 Epson Singlepack Photo Black UltraChrome HDX/HD 700ml Ink delivering vibrant, archival-grade prints with wide color gamut."
Consumable,C13T55K200,C13T55K200 Epson Singlepack Cyan UltraChrome HDX/HD 700ml Ink,Epson,Ink Cartridge,Cyan,https://www.keplertechllc.com/product/c13t55k200-epson-singlepack-cyan-ultrachrome-hdx-hd-700ml-ink/,https://www.keplertechllc.com/wp-content/uploads/2023/08/C13T55K200-Epson-Singlepack-Cyan-UltraChrome-HDXHD-700ml-Ink.webp,,450.0,Colour: Cyan | Yield/Cap:  | Stock: 0,Fits 0 printers: ,"Genuine OEM C13T55K200 Epson Singlepack Cyan UltraChrome HDX/HD 700ml Ink delivering vibrant, archival-grade prints with wide color gamut."
Consumable,C13T55K300,C13T55K300 Epson Singlepack Vivid Magenta UltraChrome HDX/HD 700ml Ink,Epson,Ink Cartridge,Magenta,https://www.keplertechllc.com/product/c13t55k300-epson-singlepack-vivid-magenta-700ml-ink/,https://www.keplertechllc.com/wp-content/uploads/2023/08/C13T55K300-Epson-Singlepack-Vivid-Magenta-UltraChrome-HDXHD-700ml-Ink.webp,,450.0,Colour: Magenta | Yield/Cap:  | Stock: 0,Fits 0 printers: ,"Genuine OEM C13T55K300 Epson Singlepack Vivid Magenta UltraChrome HDX/HD 700ml Ink delivering vibrant, archival-grade prints with wide color gamut."
Consumable,C13T55K600,C13T55K600 Epson Singlepack Vivid Light Magenta 700ml Ink,Epson,Ink Cartridge,Magenta,https://www.keplertechllc.com/product/c13t55k600-epson-singlepack-vivid-light-magenta-700ml-ink/,https://www.keplertechllc.com/wp-content/uploads/2023/08/C13T55K600-Epson-Singlepack-Vivid-Light-Magenta-UltraChrome-HDXHD-700ml-Ink.webp,,450.0,Colour: Magenta | Yield/Cap:  | Stock: 0,Fits 0 printers: ,"Genuine OEM C13T55K600 Epson Singlepack Vivid Light Magenta 700ml Ink delivering vibrant, archival-grade prints with wide color gamut."
Consumable,C13T55K500,C13T55K500 Epson Singlepack Light Cyan 700ml Ink,Epson,Ink Cartridge,Cyan,https://www.keplertechllc.com/product/c13t55k500-epson-singlepack-light-cyan-700ml-ink/,https://www.keplertechllc.com/wp-content/uploads/2023/08/C13T55K500-Epson-Singlepack-Light-Cyan-UltraChrome-HDXHD-700ml-Ink.webp,,450.0,Colour: Cyan | Yield/Cap:  | Stock: 0,Fits 0 printers: ,"Genuine OEM C13T55K500 Epson Singlepack Light Cyan 700ml Ink delivering vibrant, archival-grade prints with wide color gamut."
Consumable,C13T55K400,C13T55K400 Epson Singlepack Yellow UltraChrome HDX/HD 700ml Ink,Epson,Ink Cartridge,Yellow,https://www.keplertechllc.com/product/c13t55k400-epson-singlepack-yellow-ultrachrome-hdx-hd-700ml-ink/,https://www.keplertechllc.com/wp-content/uploads/2023/08/C13T55K400-Epson-Singlepack-Yellow-UltraChrome-HDXHD-700ml-Ink.webp,,450.0,Colour: Yellow | Yield/Cap:  | Stock: 0,Fits 0 printers: ,"Genuine OEM C13T55K400 Epson Singlepack Yellow UltraChrome HDX/HD 700ml Ink delivering vibrant, archival-grade prints with wide color gamut."
Consumable,C13T55K700,C13T55K700 Epson Singlepack Light Black UltraChrome HDX/HD 700ml Ink,Epson,Ink Cartridge,Black,https://www.keplertechllc.com/product/c13t55k700-epson-singlepack-light-black-ultrachrome-hdx-hd-700ml-ink/,https://www.keplertechllc.com/wp-content/uploads/2023/08/C13T55K700-Epson-Singlepack-Light-Black-UltraChrome-HDXHD-700ml-Ink.webp,,450.0,Colour: Black | Yield/Cap:  | Stock: 0,Fits 0 printers: ,"Genuine OEM C13T55K700 Epson Singlepack Light Black UltraChrome HDX/HD 700ml Ink delivering vibrant, archival-grade prints with wide color gamut."
Consumable,C13T55K800,C13T55K800 Epson Singlepack Matte Black UltraChrome HDX/HD 700ml Ink,Epson,Ink Cartridge,Black,https://www.keplertechllc.com/product/c13t55k800-epson-singlepack-matte-black-ultrachrome-hdx-hd-700ml-ink/,https://www.keplertechllc.com/wp-content/uploads/2023/08/C13T55K800-Epson-Singlepack-Matte-Black-UltraChrome-HDXHD-700ml-Ink.png,,450.0,Colour: Black | Yield/Cap:  | Stock: 0,Fits 0 printers: ,"Genuine OEM C13T55K800 Epson Singlepack Matte Black UltraChrome HDX/HD 700ml Ink delivering vibrant, archival-grade prints with wide color gamut."
Consumable,C13T55K900,C13T55K900 Epson Singlepack Light Light Black UltraChrome HDX/HD 700ml Ink,Epson,Ink Cartridge,Black,https://www.keplertechllc.com/product/c13t55k900-epson-singlepack-light-light-black-ultrachrome-hdx-hd-700ml-ink/,https://www.keplertechllc.com/wp-content/uploads/2023/08/C13T55K900-Epson-Singlepack-Light-Light-Black-UltraChrome-HDXHD-700ml-Ink.webp,,450.0,Colour: Black | Yield/Cap:  | Stock: 0,Fits 0 printers: ,"Genuine OEM C13T55K900 Epson Singlepack Light Light Black UltraChrome HDX/HD 700ml Ink delivering vibrant, archival-grade prints with wide color gamut."
Consumable,C13T54X100,C13T54X100 Epson Singlepack Photo Black UltraChrome HDX/HD 350ml Ink,Epson,Ink Cartridge,Black,https://www.keplertechllc.com/product/c13t54x100-epson-singlepack-photo-black-ultrachrome-hdx-hd-350ml-ink/,https://www.keplertechllc.com/wp-content/uploads/2023/08/C13T54X100-Epson-Singlepack-Photo-Black-UltraChrome-HDXHD-350ml-Ink.webp,,220.0,Colour: Black | Yield/Cap:  | Stock: 0,Fits 0 printers: ,"Genuine OEM C13T54X100 Epson Singlepack Photo Black UltraChrome HDX/HD 350ml Ink delivering vibrant, archival-grade prints with wide color gamut."
Consumable,C13T54X300,C13T54X300 Epson Singlepack Vivid Magenta UltraChrome HDX/HD 350ml Ink,Epson,Ink Cartridge,Magenta,https://www.keplertechllc.com/product/c13t54x300-epson-singlepack-vivid-magenta-ultrachrome-hdx-hd-350ml-ink/,https://www.keplertechllc.com/wp-content/uploads/2023/08/C13T54X300-Epson-Singlepack-Vivid-Magenta-UltraChrome-HDXHD-350ml-Ink.webp,,220.0,Colour: Magenta | Yield/Cap:  | Stock: 0,Fits 0 printers: ,"Genuine OEM C13T54X300 Epson Singlepack Vivid Magenta UltraChrome HDX/HD 350ml Ink delivering vibrant, archival-grade prints with wide color gamut."
Consumable,C13T54X200,C13T54X200 Epson Singlepack Cyan UltraChrome HDX/HD 350ml Ink,Epson,Ink Cartridge,Cyan,https://www.keplertechllc.com/product/c13t54x200-epson-singlepack-cyan-ultrachrome-hdx-hd-350ml-ink/,https://www.keplertechllc.com/wp-content/uploads/2023/08/C13T54X200-Epson-Singlepack-Cyan-UltraChrome-HDXHD-350ml-Ink.webp,,220.0,Colour: Cyan | Yield/Cap:  | Stock: 0,Fits 0 printers: ,"Genuine OEM C13T54X200 Epson Singlepack Cyan UltraChrome HDX/HD 350ml Ink delivering vibrant, archival-grade prints with wide color gamut."
Consumable,C13T54X400,C13T54X400 Epson Singlepack Yellow UltraChrome HDX/HD 350ml Ink,Epson,Ink Cartridge,Yellow,https://www.keplertechllc.com/product/c13t54x400-epson-singlepack-yellow-350ml-ink/,https://www.keplertechllc.com/wp-content/uploads/2023/08/C13T54X400-Epson-Singlepack-Yellow-UltraChrome-HDXHD-350ml-Ink.webp,,220.0,Colour: Yellow | Yield/Cap:  | Stock: 10,Fits 0 printers: ,"Genuine OEM C13T54X400 Epson Singlepack Yellow UltraChrome HDX/HD 350ml Ink delivering vibrant, archival-grade prints with wide color gamut."
Consumable,C13T54X500,C13T54X500 Epson Singlepack Light Cyan UltraChrome HDX/HD 350ml Ink,Epson,Ink Cartridge,Cyan,https://www.keplertechllc.com/product/c13t54x500-epson-singlepack-light-cyan-t54x500-350ml-ink/,https://www.keplertechllc.com/wp-content/uploads/2023/08/C13T54X500-Epson-Singlepack-Light-Cyan-UltraChrome-HDXHD-350ml-Ink.webp,,220.0,Colour: Cyan | Yield/Cap:  | Stock: 10,Fits 0 printers: ,"Genuine OEM C13T54X500 Epson Singlepack Light Cyan UltraChrome HDX/HD 350ml Ink delivering vibrant, archival-grade prints with wide color gamut."
Consumable,C13T54X700,C13T54X700 Epson Singlepack Light Black UltraChrome HDX/HD 350ml Ink,Epson,Ink Cartridge,Black,https://www.keplertechllc.com/product/c13t54x700-epson-singlepack-light-black-350ml-ink/,https://www.keplertechllc.com/wp-content/uploads/2023/08/C13T54X700-Epson-Singlepack-Light-Black-UltraChrome-HDXHD-350ml-Ink.webp,,220.0,Colour: Black | Yield/Cap:  | Stock: 10,Fits 0 printers: ,"Genuine OEM C13T54X700 Epson Singlepack Light Black UltraChrome HDX/HD 350ml Ink delivering vibrant, archival-grade prints with wide color gamut."
Consumable,C13T40C440,C13T40C440 Epson Singlepack UltraChrome XD2 Yellow Ink (26ml),Epson,Ink Cartridge,Yellow,https://www.keplertechllc.com/product/c13t40c440-epson-singlepack-ultrachrome-xd2-yellow-ink-26ml/,https://www.keplertechllc.com/wp-content/uploads/2023/08/C13T40C440-Epson-Singlepack-UltraChrome-XD2-Yellow-Ink-26ml.webp,,220.0,Colour: Yellow | Yield/Cap:  | Stock: 0,Fits 3 printers: Epson SureColor SC-T3100 (epson-sc-t3100); Epson SureColor SC-T5100 (epson-sc-t5100); Epson SureColor SC-T5100M (epson-sc-t5100m),"Genuine OEM C13T40C440 Epson Singlepack UltraChrome XD2 Yellow Ink (26ml) delivering vibrant, archival-grade prints with wide color gamut."
Consumable,C13T40C240,C13T40C240 Epson Singlepack UltraChrome XD2 Cyan Ink (26ml),Epson,Ink Cartridge,Cyan,https://www.keplertechllc.com/product/c13t40c240-epson-singlepack-ultrachrome-xd2-cyan-ink-26ml/,https://www.keplertechllc.com/wp-content/uploads/2023/08/C13T40C240-Epson-Singlepack-UltraChrome-XD2-Cyan-Ink-26ml.webp,,220.0,Colour: Cyan | Yield/Cap:  | Stock: 0,Fits 3 printers: Epson SureColor SC-T3100 (epson-sc-t3100); Epson SureColor SC-T5100 (epson-sc-t5100); Epson SureColor SC-T5100M (epson-sc-t5100m),"Genuine OEM C13T40C240 Epson Singlepack UltraChrome XD2 Cyan Ink (26ml) delivering vibrant, archival-grade prints with wide color gamut."
Consumable,C13T40C340,C13T40C340 Epson Singlepack UltraChrome XD2 Magenta Ink (26ml),Epson,Ink Cartridge,Magenta,https://www.keplertechllc.com/product/c13t40c340-epson-singlepack-magenta-ink-26ml/,https://www.keplertechllc.com/wp-content/uploads/2023/08/C13T40C340-Epson-Singlepack-UltraChrome-XD2-Magenta-Ink-26ml.webp,,220.0,Colour: Magenta | Yield/Cap:  | Stock: 10,Fits 3 printers: Epson SureColor SC-T3100 (epson-sc-t3100); Epson SureColor SC-T5100 (epson-sc-t5100); Epson SureColor SC-T5100M (epson-sc-t5100m),"Genuine OEM C13T40C340 Epson Singlepack UltraChrome XD2 Magenta Ink (26ml) delivering vibrant, archival-grade prints with wide color gamut."
Consumable,C13T40D140,C13T40D140 Epson Singlepack UltraChrome XD2 Black Ink (80ml),Epson,Ink Cartridge,Black,https://www.keplertechllc.com/product/c13t40d140-epson-singlepack-black-ink/,https://www.keplertechllc.com/wp-content/uploads/2023/08/C13T40D140-Epson-Singlepack-UltraChrome-XD2-Black-Ink-80ml.webp,,220.0,Colour: Black | Yield/Cap:  | Stock: 10,Fits 3 printers: Epson SureColor SC-T3100 (epson-sc-t3100); Epson SureColor SC-T5100 (epson-sc-t5100); Epson SureColor SC-T5100M (epson-sc-t5100m),"Genuine OEM C13T40D140 Epson Singlepack UltraChrome XD2 Black Ink (80ml) delivering vibrant, archival-grade prints with wide color gamut."
Consumable,C13T40D340,C13T40D340 Epson Singlepack UltraChrome XD2 Magenta Ink (50ml),Epson,Ink Cartridge,Magenta,https://www.keplertechllc.com/product/c13t40d340-epson-singlepack-magenta-ink-50ml/,https://www.keplertechllc.com/wp-content/uploads/2023/08/C13T40D340-Epson-Singlepack-UltraChrome-XD2-Magenta-Ink-50ml.webp,,220.0,Colour: Magenta | Yield/Cap:  | Stock: 10,Fits 3 printers: Epson SureColor SC-T3100 (epson-sc-t3100); Epson SureColor SC-T5100 (epson-sc-t5100); Epson SureColor SC-T5100M (epson-sc-t5100m),"Genuine OEM C13T40D340 Epson Singlepack UltraChrome XD2 Magenta Ink (50ml) delivering vibrant, archival-grade prints with wide color gamut."
Consumable,C13T40D240,C13T40D240 Epson Singlepack UltraChrome XD2 Cyan Ink (50ml),Epson,Ink Cartridge,Cyan,https://www.keplertechllc.com/product/c13t40d240-epson-singlepack-cyan-ink-50ml/,https://www.keplertechllc.com/wp-content/uploads/2023/08/C13T40C240-Epson-Singlepack-UltraChrome-XD2-Cyan-Ink-26ml-1.webp,,220.0,Colour: Cyan | Yield/Cap:  | Stock: 10,Fits 3 printers: Epson SureColor SC-T3100 (epson-sc-t3100); Epson SureColor SC-T5100 (epson-sc-t5100); Epson SureColor SC-T5100M (epson-sc-t5100m),"Genuine OEM C13T40D240 Epson Singlepack UltraChrome XD2 Cyan Ink (50ml) delivering vibrant, archival-grade prints with wide color gamut."
Consumable,C13T40D440,C13T40D440 Epson Singlepack UltraChrome XD2 Yellow Ink (50ml),Epson,Ink Cartridge,Yellow,https://www.keplertechllc.com/product/c13t40d440-epson-singlepack-yellow-ink-50ml/,https://www.keplertechllc.com/wp-content/uploads/2023/08/C13T40D440-Epson-Singlepack-UltraChrome-XD2-Yellow-Ink-50ml.webp,,220.0,Colour: Yellow | Yield/Cap:  | Stock: 10,Fits 3 printers: Epson SureColor SC-T3100 (epson-sc-t3100); Epson SureColor SC-T5100 (epson-sc-t5100); Epson SureColor SC-T5100M (epson-sc-t5100m),"Genuine OEM C13T40D440 Epson Singlepack UltraChrome XD2 Yellow Ink (50ml) delivering vibrant, archival-grade prints with wide color gamut."
Consumable,C13T40C140,C13T40C140 Epson Singlepack UltraChrome XD2 Black Ink (50ml),Epson,Ink Cartridge,Black,https://www.keplertechllc.com/product/c13t40c140-epson-singlepack-black-ink-50ml/,https://www.keplertechllc.com/wp-content/uploads/2023/08/C13T40C140-Epson-Singlepack-UltraChrome-XD2-Black-Ink-50ml.webp,,220.0,Colour: Black | Yield/Cap:  | Stock: 10,Fits 3 printers: Epson SureColor SC-T3100 (epson-sc-t3100); Epson SureColor SC-T5100 (epson-sc-t5100); Epson SureColor SC-T5100M (epson-sc-t5100m),"Genuine OEM C13T40C140 Epson Singlepack UltraChrome XD2 Black Ink (50ml) delivering vibrant, archival-grade prints with wide color gamut."
Consumable,C13S210057,C13S210057 Epson Maintenance box : LFP Desktop,Epson,Maintenance Box,Maintenance/Supply,https://www.keplertechllc.com/product/c13s210057-epson-maintenance-box-lfp-desktop/,https://www.keplertechllc.com/wp-content/uploads/2023/08/C13S210057-Epson-Maintenance-box-LFP-Desktop.webp,,180.0,Colour:  | Yield/Cap:  | Stock: 0,Fits 4 printers: Epson SureColor SC-T3100 (epson-sc-t3100); Epson SureColor SC-T5100 (epson-sc-t5100); Epson SureColor SC-T5100M (epson-sc-t5100m); Epson SureColor SC-F500 (epson-sc-f500),Genuine OEM C13S210057 Epson Maintenance box : LFP Desktop designed for reliable printer maintenance and waste ink collection.
Consumable,C13T54X600,C13T54X600 Epson Singlepack Vivid Light Magenta 350ml Ink,Epson,Ink Cartridge,Magenta,https://www.keplertechllc.com/product/c13t54x600-epson-singlepack-vivid-light-magenta-ink/,https://www.keplertechllc.com/wp-content/uploads/2023/08/C13T54X600-Epson-Singlepack-Vivid-Light-Magenta-UltraChrome-HDXHD-350ml-Ink.webp,,220.0,Colour: Magenta | Yield/Cap:  | Stock: 10,Fits 0 printers: ,"Genuine OEM C13T54X600 Epson Singlepack Vivid Light Magenta 350ml Ink delivering vibrant, archival-grade prints with wide color gamut."
Consumable,C13T54X800,C13T54X800 Epson Singlepack Matte Black Ink 350ml,Epson,Ink Cartridge,Black,https://www.keplertechllc.com/product/c13t54x800-epson-singlepack-matte-black-ink-350ml/,https://www.keplertechllc.com/wp-content/uploads/2023/08/C13T54X800-Epson-Singlepack-Matte-Black-Ink-350ml.webp,,220.0,Colour: Black | Yield/Cap:  | Stock: 0,Fits 0 printers: ,"Genuine OEM C13T54X800 Epson Singlepack Matte Black Ink 350ml delivering vibrant, archival-grade prints with wide color gamut."
Consumable,C13T54X900,C13T54X900 Epson Singlepack Light Light Black Ink 350ml,Epson,Ink Cartridge,Black,https://www.keplertechllc.com/product/c13t54x900-epson-singlepack-light-light-black-350ml-ink/,https://www.keplertechllc.com/wp-content/uploads/2023/08/C13T54X900-Epson-Singlepack-Light-Light-Black-Ink-350ml.webp,,220.0,Colour: Black | Yield/Cap:  | Stock: 10,Fits 0 printers: ,"Genuine OEM C13T54X900 Epson Singlepack Light Light Black Ink 350ml delivering vibrant, archival-grade prints with wide color gamut."
Consumable,C13T55KB00,C13T55KB00 Epson Singlepack Green UltraChrome HDX/HD 700ml Ink,Epson,Ink Cartridge,Green,https://www.keplertechllc.com/product/c13t55kb00-epson-singlepack-green-700ml-ink/,https://www.keplertechllc.com/wp-content/uploads/2023/08/C13T55KB00-Epson-Singlepack-Green-UltraChrome-HDXHD-700ml-Ink.webp,,450.0,Colour: Green | Yield/Cap:  | Stock: 10,Fits 0 printers: ,"Genuine OEM C13T55KB00 Epson Singlepack Green UltraChrome HDX/HD 700ml Ink delivering vibrant, archival-grade prints with wide color gamut."
Consumable,C13T55KA00,C13T55KA00 Epson Singlepack Orange UltraChrome HDX/HD 700ml Ink,Epson,Ink Cartridge,Orange,https://www.keplertechllc.com/product/c13t55ka00-epson-singlepack-orange-700ml-ink/,https://www.keplertechllc.com/wp-content/uploads/2023/08/C13T55KA00-Epson-Singlepack-Orange-UltraChrome-HDXHD-700ml-Ink.webp,,450.0,Colour: Orange | Yield/Cap:  | Stock: 10,Fits 0 printers: ,"Genuine OEM C13T55KA00 Epson Singlepack Orange UltraChrome HDX/HD 700ml Ink delivering vibrant, archival-grade prints with wide color gamut."
Consumable,C13T54XB00,C13T54XB00 Epson Singlepack Green UltraChrome HDX/HD 350ml Ink,Epson,Ink Cartridge,Green,https://www.keplertechllc.com/product/c13t54xb00-epson-singlepack-green-350ml-ink/,https://www.keplertechllc.com/wp-content/uploads/2023/08/C13T54XB00-Epson-Singlepack-Green-UltraChrome-HDXHD-350ml-Ink.webp,,220.0,Colour: Green | Yield/Cap:  | Stock: 10,Fits 0 printers: ,"Genuine OEM C13T54XB00 Epson Singlepack Green UltraChrome HDX/HD 350ml Ink delivering vibrant, archival-grade prints with wide color gamut."
Consumable,C13T54XA00,C13T54XA00 Epson Singlepack Orange 350ml Ink,Epson,Ink Cartridge,Orange,https://www.keplertechllc.com/product/c13t54xa00-epson-singlepack-orange-350ml-ink/,https://www.keplertechllc.com/wp-content/uploads/2023/08/C13T54XA00-Epson-Singlepack-Orange-UltraChrome-HDXHD-350ml-Ink.webp,,220.0,Colour: Orange | Yield/Cap:  | Stock: 0,Fits 0 printers: ,"Genuine OEM C13T54XA00 Epson Singlepack Orange 350ml Ink delivering vibrant, archival-grade prints with wide color gamut."
Consumable,C13T55KD00,C13T55KD00 Epson Singlepack Violet UltraChrome HDX/HD 700ml Ink,Epson,Ink Cartridge,Violet,https://www.keplertechllc.com/product/c13t55kd00-epson-singlepack-violet-t55kd00-700ml-ink/,https://www.keplertechllc.com/wp-content/uploads/2023/08/C13T55KD00-Epson-Singlepack-Violet-UltraChrome-HDXHD-700ml-Ink.webp,,450.0,Colour: Violet | Yield/Cap:  | Stock: 10,Fits 0 printers: ,"Genuine OEM C13T55KD00 Epson Singlepack Violet UltraChrome HDX/HD 700ml Ink delivering vibrant, archival-grade prints with wide color gamut."
Consumable,C13T54XD00,C13T54XD00 Epson Singlepack Violet UltraChrome HDX/HD 350ml Ink,Epson,Ink Cartridge,Violet,https://www.keplertechllc.com/product/c13t54xd00-epson-singlepack-violet-ultrachrome-hdx-hd-350ml-ink/,https://www.keplertechllc.com/wp-content/uploads/2023/08/Singlepack-Violet-T54XD00-UltraChrome-HDXHD-350ml.webp,,220.0,Colour: Violet | Yield/Cap:  | Stock: 0,Fits 0 printers: ,"Genuine OEM C13T54XD00 Epson Singlepack Violet UltraChrome HDX/HD 350ml Ink delivering vibrant, archival-grade prints with wide color gamut."
Consumable,KJC390ES,Korejet Eco-Solvent Polycotton Inkjet Matte Canvas 390 GSM,Epson,Ink Cartridge,Maintenance/Supply,https://www.keplertechllc.com/product/korejet-polycotton-inkjet-matte-canvas-390-gsm/,https://www.keplertechllc.com/wp-content/uploads/2023/10/Korejet-Papers.webp,,220.0,Colour:  | Yield/Cap:  | Stock: 10,Fits 0 printers: ,"Genuine OEM Korejet Eco-Solvent Polycotton Inkjet Matte Canvas 390 GSM delivering vibrant, archival-grade prints with wide color gamut."
Consumable,KJC390ES60,"Korejet Eco-Solvent Polycotton Inkjet Matte Canvas 390 GSM - 60""X25 M",Epson,Ink Cartridge,Maintenance/Supply,https://www.keplertechllc.com/product/korejet-polycotton-inkjet-matte-canvas-390-gsm/,https://www.keplertechllc.com/wp-content/uploads/2023/10/Korejet-Papers.webp,,220.0,Colour:  | Yield/Cap:  | Stock: 10,Fits 0 printers: ,"Genuine OEM Korejet Eco-Solvent Polycotton Inkjet Matte Canvas 390 GSM - 60""X25 M delivering vibrant, archival-grade prints with wide color gamut."
Consumable,C13T973120,C13T973120 Epson WorkForce Black XL Ink Cartridge,Epson,Ink Cartridge,Black,https://www.keplertechllc.com/product/c13t973120-epson-workforce-black-xl-ink-cartridge/,https://www.keplertechllc.com/wp-content/uploads/2023/10/C13T973120-Epson-WorkForce-Black-XL-Ink-Cartridge.webp,,220.0,Colour: Black | Yield/Cap:  | Stock: 0,Fits 0 printers: ,"Genuine OEM C13T973120 Epson WorkForce Black XL Ink Cartridge delivering vibrant, archival-grade prints with wide color gamut."
Consumable,C13T973220,C13T973220 Epson WorkForce Cyan XL Ink Cartridge,Epson,Ink Cartridge,Cyan,https://www.keplertechllc.com/product/c13t973220-epson-workforce-cyan-xl-ink-cartridge/,https://www.keplertechllc.com/wp-content/uploads/2023/10/C13T973220-Epson-WorkForce-Cyan-XL-Ink-Cartridge.webp,,220.0,Colour: Cyan | Yield/Cap:  | Stock: 0,Fits 0 printers: ,"Genuine OEM C13T973220 Epson WorkForce Cyan XL Ink Cartridge delivering vibrant, archival-grade prints with wide color gamut."
Consumable,C13T973320,C13T973320 Epson WorkForce Magenta XL Ink Cartridge,Epson,Ink Cartridge,Magenta,https://www.keplertechllc.com/product/c13t973320-epson-workforce-magenta-xl-ink-cartridge/,https://www.keplertechllc.com/wp-content/uploads/2023/10/C13T973320-Epson-Magenta-XL-Ink.webp,,220.0,Colour: Magenta | Yield/Cap:  | Stock: 0,Fits 0 printers: ,"Genuine OEM C13T973320 Epson WorkForce Magenta XL Ink Cartridge delivering vibrant, archival-grade prints with wide color gamut."
Consumable,C13T973420,C13T973420 Epson WorkForce Yellow XL Ink Cartridge,Epson,Ink Cartridge,Yellow,https://www.keplertechllc.com/product/c13t973420-epson-workforce-yellow-xl-ink-cartridge/,https://www.keplertechllc.com/wp-content/uploads/2023/10/C13T973420-Epson-WorkForce-Yellow-XL-Ink-Cartridge.png,,220.0,Colour: Yellow | Yield/Cap:  | Stock: 0,Fits 0 printers: ,"Genuine OEM C13T973420 Epson WorkForce Yellow XL Ink Cartridge delivering vibrant, archival-grade prints with wide color gamut."
Consumable,C13T974120,C13T974120 Epson WorkForce Black XXL Ink Cartridge,Epson,Ink Cartridge,Black,https://www.keplertechllc.com/product/c13t974120-epson-workforce-black-xxl-ink-cartridge/,https://www.keplertechllc.com/wp-content/uploads/2023/10/C13T974120-Epson-WorkForce-Black-XXL-Ink-Cartridge.webp,,450.0,Colour: Black | Yield/Cap:  | Stock: 0,Fits 0 printers: ,"Genuine OEM C13T974120 Epson WorkForce Black XXL Ink Cartridge delivering vibrant, archival-grade prints with wide color gamut."
Consumable,C13T974220,C13T974220 Epson WorkForce Cyan XXL Ink Cartridge,Epson,Ink Cartridge,Cyan,https://www.keplertechllc.com/product/c13t974220-epson-workforce-cyan-xxl-ink-cartridge/,https://www.keplertechllc.com/wp-content/uploads/2023/10/C13T974220-Epson-WorkForce-Cyan-XXL-Ink-Cartridge.webp,,450.0,Colour: Cyan | Yield/Cap:  | Stock: 0,Fits 0 printers: ,"Genuine OEM C13T974220 Epson WorkForce Cyan XXL Ink Cartridge delivering vibrant, archival-grade prints with wide color gamut."
Consumable,C13T974320,C13T974320 Epson WorkForce Magenta XXL Ink Cartridge,Epson,Ink Cartridge,Magenta,https://www.keplertechllc.com/product/c13t974320-epson-workforce-magenta-xxl-ink-cartridge/,https://www.keplertechllc.com/wp-content/uploads/2023/10/C13T974320-Epson-WorkForce-Magenta-XXL-Ink-Cartridge.webp,,450.0,Colour: Magenta | Yield/Cap:  | Stock: 0,Fits 0 printers: ,"Genuine OEM C13T974320 Epson WorkForce Magenta XXL Ink Cartridge delivering vibrant, archival-grade prints with wide color gamut."
Consumable,C13T974420,C13T974420 Epson WorkForce Yellow XXL Ink Cartridge,Epson,Ink Cartridge,Yellow,https://www.keplertechllc.com/product/c13t974420-epson-workforce-yellow-xxl-ink-cartridge/,https://www.keplertechllc.com/wp-content/uploads/2023/10/C13T974420-Epson-WorkForce-Yellow-XXL-Ink-Cartridge.webp,,450.0,Colour: Yellow | Yield/Cap:  | Stock: 0,Fits 0 printers: ,"Genuine OEM C13T974420 Epson WorkForce Yellow XXL Ink Cartridge delivering vibrant, archival-grade prints with wide color gamut."
Consumable,C33S020580,C33S020580 : SJMB3500 Epson Maintenance box,Epson,Maintenance Box,Maintenance/Supply,https://www.keplertechllc.com/product/c33s020580-sjmb3500-epson-maintenance-box/,https://www.keplertechllc.com/wp-content/uploads/2023/12/C33S020580-SJMB3500-Epson-Maintenance-box.webp,,180.0,Colour:  | Yield/Cap:  | Stock: 0,Fits 0 printers: ,Genuine OEM C33S020580 : SJMB3500 Epson Maintenance box designed for reliable printer maintenance and waste ink collection.
Consumable,C12C890191,C12C890191 Epson Ink Maintenance Tank,Epson,Maintenance Box,Maintenance/Supply,https://www.keplertechllc.com/product/c12c890191-epson-ink-maintenance-tank/,https://www.keplertechllc.com/wp-content/uploads/2023/12/C12C890191-Epson-Ink-Maintenance-Tank.webp,,220.0,Colour:  | Yield/Cap:  | Stock: 0,Fits 0 printers: ,"Genuine OEM C12C890191 Epson Ink Maintenance Tank delivering vibrant, archival-grade prints with wide color gamut."
Consumable,C13S400086,C13S400086 Epson SureLab D1070 Maintenance Cartridge,Epson,Ink Cartridge,Maintenance/Supply,https://www.keplertechllc.com/product/c13s400086-epson-maintenance-cartridge/,https://www.keplertechllc.com/wp-content/uploads/2023/12/C13S400086-Epson-SureLab-D1070-Maintenance-Cartridge.webp,,220.0,Colour:  | Yield/Cap:  | Stock: 10,Fits 0 printers: ,"Genuine OEM C13S400086 Epson SureLab D1070 Maintenance Cartridge delivering vibrant, archival-grade prints with wide color gamut."
Consumable,C13T04D100,C13T04D100 Epson Maintenance Box,Epson,Maintenance Box,Maintenance/Supply,https://www.keplertechllc.com/product/c13t04d100-epson-maintenance-box/,https://www.keplertechllc.com/wp-content/uploads/2023/12/C13T04D100-Epson-Maintenance-Box.webp,,180.0,Colour:  | Yield/Cap:  | Stock: 0,Fits 0 printers: ,Genuine OEM C13T04D100 Epson Maintenance Box designed for reliable printer maintenance and waste ink collection.
Consumable,C13T671100,C13T671100 Epson Ink Maintenance Box,Epson,Maintenance Box,Maintenance/Supply,https://www.keplertechllc.com/product/c13t671100-epson-ink-maintenance-box/,https://www.keplertechllc.com/wp-content/uploads/2023/12/C13T671100-Epson-Ink-Maintenance-Box.webp,,220.0,Colour:  | Yield/Cap:  | Stock: 0,Fits 0 printers: ,"Genuine OEM C13T671100 Epson Ink Maintenance Box delivering vibrant, archival-grade prints with wide color gamut."
Consumable,C13T58200,C13T58200 Epson Maintenance Tank,Epson,Maintenance Box,Maintenance/Supply,https://www.keplertechllc.com/product/c13t58200-epson-maintenance-tank/,https://www.keplertechllc.com/wp-content/uploads/2023/12/C13T58200-Epson-Maintenance-Tank.webp,,180.0,Colour:  | Yield/Cap:  | Stock: 0,Fits 0 printers: ,Genuine OEM C13T58200 Epson Maintenance Tank designed for reliable printer maintenance and waste ink collection.
Consumable,C13T671200,C13T671200 Epson Maintenance Box,Epson,Maintenance Box,Maintenance/Supply,https://www.keplertechllc.com/product/c13t671200-epson-maintenance-box/,https://www.keplertechllc.com/wp-content/uploads/2023/12/C13T671200-Epson-Maintenance-Box.webp,,180.0,Colour:  | Yield/Cap:  | Stock: 0,Fits 0 printers: ,Genuine OEM C13T671200 Epson Maintenance Box designed for reliable printer maintenance and waste ink collection.
Consumable,C13T50M400,C13T50M400 Epson Singlepack UltraChrome XD3 Yellow Ink,Epson,Ink Cartridge,Yellow,https://www.keplertechllc.com/product/c13t50m400-epson-singlepack-yellow-ink/,https://www.keplertechllc.com/wp-content/uploads/2024/01/C13T50M400-Epson-Yellow-Ink.png,,220.0,Colour: Yellow | Yield/Cap:  | Stock: 10,Fits 7 printers: Epson SureColor SC-T3700E (epson-sc-t3700e); Epson SureColor SC-T3700D (epson-sc-t3700d); Epson SureColor SC-T3700DE (epson-sc-t3700de); Epson SureColor SC-T5700D (epson-sc-t5700d); Epson SureColor SC-T5700DM (epson-sc-t5700dm); Epson SureColor SC-T7700D (epson-sc-t7700d); Epson SureColor SC-T7700DM (epson-sc-t7700dm),"Genuine OEM C13T50M400 Epson Singlepack UltraChrome XD3 Yellow Ink delivering vibrant, archival-grade prints with wide color gamut."
Consumable,C13T50M800,C13T50M800 Epson Singlepack UltraChrome XD3 Matte Black Ink,Epson,Ink Cartridge,Black,https://www.keplertechllc.com/product/c13t50m800-epson-singlepack-black-ink/,https://www.keplertechllc.com/wp-content/uploads/2024/01/C13T50M800-Epson-Singlepack-UltraChrome-XD3-Matte-Black-Ink.webp,,220.0,Colour: Black | Yield/Cap:  | Stock: 10,Fits 7 printers: Epson SureColor SC-T3700E (epson-sc-t3700e); Epson SureColor SC-T3700D (epson-sc-t3700d); Epson SureColor SC-T3700DE (epson-sc-t3700de); Epson SureColor SC-T5700D (epson-sc-t5700d); Epson SureColor SC-T5700DM (epson-sc-t5700dm); Epson SureColor SC-T7700D (epson-sc-t7700d); Epson SureColor SC-T7700DM (epson-sc-t7700dm),"Genuine OEM C13T50M800 Epson Singlepack UltraChrome XD3 Matte Black Ink delivering vibrant, archival-grade prints with wide color gamut."
Consumable,C13T50M300,C13T50M300 Epson Singlepack UltraChrome XD3 Magenta Ink,Epson,Ink Cartridge,Magenta,https://www.keplertechllc.com/product/c13t50m300-epson-singlepack-magenta-ink/,https://www.keplertechllc.com/wp-content/uploads/2024/01/C13T50M300-Epson-Singlepack-UltraChrome-XD3-Magenta-Ink.webp,,220.0,Colour: Magenta | Yield/Cap:  | Stock: 10,Fits 7 printers: Epson SureColor SC-T3700E (epson-sc-t3700e); Epson SureColor SC-T3700D (epson-sc-t3700d); Epson SureColor SC-T3700DE (epson-sc-t3700de); Epson SureColor SC-T5700D (epson-sc-t5700d); Epson SureColor SC-T5700DM (epson-sc-t5700dm); Epson SureColor SC-T7700D (epson-sc-t7700d); Epson SureColor SC-T7700DM (epson-sc-t7700dm),"Genuine OEM C13T50M300 Epson Singlepack UltraChrome XD3 Magenta Ink delivering vibrant, archival-grade prints with wide color gamut."
Consumable,10-ACP2X,AirCastPro II Express Edition - Wireless Print Server,Epson,Accessory,Maintenance/Supply,https://www.keplertechllc.com/product/aircastpro-3-wireless-print-server/,https://www.keplertechllc.com/wp-content/uploads/2024/10/AirCastPro3-Wireless-Print-Server.webp,,150.0,Colour:  | Yield/Cap:  | Stock: 10,Fits 0 printers: ,Authentic AirCastPro II Express Edition - Wireless Print Server for professional printing equipment.
Consumable,C13T50M100,C13T50M100 Epson Singlepack UltraChrome XD3 Photo Black Ink,Epson,Ink Cartridge,Black,https://www.keplertechllc.com/product/c13t50m100-epson-singlepack-photo-black-ink/,https://www.keplertechllc.com/wp-content/uploads/2024/01/C13T50M100-Epson-Singlepack-UltraChrome-XD3-Photo-Black-Ink-1.webp,,220.0,Colour: Black | Yield/Cap:  | Stock: 10,Fits 7 printers: Epson SureColor SC-T3700E (epson-sc-t3700e); Epson SureColor SC-T3700D (epson-sc-t3700d); Epson SureColor SC-T3700DE (epson-sc-t3700de); Epson SureColor SC-T5700D (epson-sc-t5700d); Epson SureColor SC-T5700DM (epson-sc-t5700dm); Epson SureColor SC-T7700D (epson-sc-t7700d); Epson SureColor SC-T7700DM (epson-sc-t7700dm),"Genuine OEM C13T50M100 Epson Singlepack UltraChrome XD3 Photo Black Ink delivering vibrant, archival-grade prints with wide color gamut."
Consumable,C13T50M200,C13T50M200 Epson Singlepack UltraChrome XD3 Cyan Ink,Epson,Ink Cartridge,Cyan,https://www.keplertechllc.com/product/c13t50m200-epson-singlepack-cyan-ink/,https://www.keplertechllc.com/wp-content/uploads/2024/01/C13T50M200-Epson-Singlepack-Cyan-Ink.webp,,220.0,Colour: Cyan | Yield/Cap:  | Stock: 10,Fits 7 printers: Epson SureColor SC-T3700E (epson-sc-t3700e); Epson SureColor SC-T3700D (epson-sc-t3700d); Epson SureColor SC-T3700DE (epson-sc-t3700de); Epson SureColor SC-T5700D (epson-sc-t5700d); Epson SureColor SC-T5700DM (epson-sc-t5700dm); Epson SureColor SC-T7700D (epson-sc-t7700d); Epson SureColor SC-T7700DM (epson-sc-t7700dm),"Genuine OEM C13T50M200 Epson Singlepack UltraChrome XD3 Cyan Ink delivering vibrant, archival-grade prints with wide color gamut."
Consumable,C13T50MF00,C13T50MF00 Epson Singlepack UltraChrome XD3 Red Ink,Epson,Ink Cartridge,Maintenance/Supply,https://www.keplertechllc.com/product/c13t50mf00-epson-singlepack-red-ink/,https://www.keplertechllc.com/wp-content/uploads/2024/01/C13T50MF00-Epson-Singlepack-UltraChrome-XD3-Red-Ink.webp,,220.0,Colour:  | Yield/Cap:  | Stock: 10,Fits 7 printers: Epson SureColor SC-T3700E (epson-sc-t3700e); Epson SureColor SC-T3700D (epson-sc-t3700d); Epson SureColor SC-T3700DE (epson-sc-t3700de); Epson SureColor SC-T5700D (epson-sc-t5700d); Epson SureColor SC-T5700DM (epson-sc-t5700dm); Epson SureColor SC-T7700D (epson-sc-t7700d); Epson SureColor SC-T7700DM (epson-sc-t7700dm),"Genuine OEM C13T50MF00 Epson Singlepack UltraChrome XD3 Red Ink delivering vibrant, archival-grade prints with wide color gamut."
Consumable,C13T50U100,C13T50U100 Epson Singlepack UltraChrome XD3 Photo Black Ink,Epson,Ink Cartridge,Black,https://www.keplertechllc.com/product/c13t50u100-epson-photo-black-ink/,https://www.keplertechllc.com/wp-content/uploads/2024/01/C13T50U100-Epson-Singlepack-UltraChrome-XD3-Photo-Black-Ink.webp,,220.0,Colour: Black | Yield/Cap:  | Stock: 10,Fits 7 printers: Epson SureColor SC-T3700E (epson-sc-t3700e); Epson SureColor SC-T3700D (epson-sc-t3700d); Epson SureColor SC-T3700DE (epson-sc-t3700de); Epson SureColor SC-T5700D (epson-sc-t5700d); Epson SureColor SC-T5700DM (epson-sc-t5700dm); Epson SureColor SC-T7700D (epson-sc-t7700d); Epson SureColor SC-T7700DM (epson-sc-t7700dm),"Genuine OEM C13T50U100 Epson Singlepack UltraChrome XD3 Photo Black Ink delivering vibrant, archival-grade prints with wide color gamut."
Consumable,C13T50U300,C13T50U300 Epson Singlepack UltraChrome XD3 Magenta Ink,Epson,Ink Cartridge,Magenta,https://www.keplertechllc.com/product/c13t50u300-epson-singlepack-magenta-ink/,https://www.keplertechllc.com/wp-content/uploads/2024/01/C13T50U300-Epson-Singlepack-UltraChrome-XD3-Magenta-Ink.webp,,220.0,Colour: Magenta | Yield/Cap:  | Stock: 10,Fits 7 printers: Epson SureColor SC-T3700E (epson-sc-t3700e); Epson SureColor SC-T3700D (epson-sc-t3700d); Epson SureColor SC-T3700DE (epson-sc-t3700de); Epson SureColor SC-T5700D (epson-sc-t5700d); Epson SureColor SC-T5700DM (epson-sc-t5700dm); Epson SureColor SC-T7700D (epson-sc-t7700d); Epson SureColor SC-T7700DM (epson-sc-t7700dm),"Genuine OEM C13T50U300 Epson Singlepack UltraChrome XD3 Magenta Ink delivering vibrant, archival-grade prints with wide color gamut."
Consumable,C13T50U400,C13T50U400 Epson Singlepack UltraChrome XD3 Yellow Ink,Epson,Ink Cartridge,Yellow,https://www.keplertechllc.com/product/c13t50u400-epson-singlepack-yellow-ink/,https://www.keplertechllc.com/wp-content/uploads/2024/01/C13T50U400-Epson-Singlepack-UltraChrome-XD3-Yellow-Ink.webp,,220.0,Colour: Yellow | Yield/Cap:  | Stock: 10,Fits 7 printers: Epson SureColor SC-T3700E (epson-sc-t3700e); Epson SureColor SC-T3700D (epson-sc-t3700d); Epson SureColor SC-T3700DE (epson-sc-t3700de); Epson SureColor SC-T5700D (epson-sc-t5700d); Epson SureColor SC-T5700DM (epson-sc-t5700dm); Epson SureColor SC-T7700D (epson-sc-t7700d); Epson SureColor SC-T7700DM (epson-sc-t7700dm),"Genuine OEM C13T50U400 Epson Singlepack UltraChrome XD3 Yellow Ink delivering vibrant, archival-grade prints with wide color gamut."
Consumable,C13T50U200,C13T50U200 Epson Singlepack UltraChrome XD3 Cyan Ink,Epson,Ink Cartridge,Cyan,https://www.keplertechllc.com/product/c13t50u200-epson-singlepack-cyan-ink/,https://www.keplertechllc.com/wp-content/uploads/2024/02/C13T50U200-Epson-Singlepack-UltraChrome-XD3-Cyan-Ink.webp,,220.0,Colour: Cyan | Yield/Cap:  | Stock: 10,Fits 7 printers: Epson SureColor SC-T3700E (epson-sc-t3700e); Epson SureColor SC-T3700D (epson-sc-t3700d); Epson SureColor SC-T3700DE (epson-sc-t3700de); Epson SureColor SC-T5700D (epson-sc-t5700d); Epson SureColor SC-T5700DM (epson-sc-t5700dm); Epson SureColor SC-T7700D (epson-sc-t7700d); Epson SureColor SC-T7700DM (epson-sc-t7700dm),"Genuine OEM C13T50U200 Epson Singlepack UltraChrome XD3 Cyan Ink delivering vibrant, archival-grade prints with wide color gamut."
Consumable,C13T50UF00,C13T50UF00 Epson Singlepack UltraChrome XD3 Red Ink,Epson,Ink Cartridge,Maintenance/Supply,https://www.keplertechllc.com/product/c13t50uf00-epson-singlepack-red-ink/,https://www.keplertechllc.com/wp-content/uploads/2024/02/C13T50UF00-Epson-Singlepack-UltraChrome-XD3-Red-Ink.webp,,220.0,Colour:  | Yield/Cap:  | Stock: 10,Fits 7 printers: Epson SureColor SC-T3700E (epson-sc-t3700e); Epson SureColor SC-T3700D (epson-sc-t3700d); Epson SureColor SC-T3700DE (epson-sc-t3700de); Epson SureColor SC-T5700D (epson-sc-t5700d); Epson SureColor SC-T5700DM (epson-sc-t5700dm); Epson SureColor SC-T7700D (epson-sc-t7700d); Epson SureColor SC-T7700DM (epson-sc-t7700dm),"Genuine OEM C13T50UF00 Epson Singlepack UltraChrome XD3 Red Ink delivering vibrant, archival-grade prints with wide color gamut."
Consumable,C13T50U80N,C13T50U80N Epson Singlepack UltraChrome XD3 Matte Black Ink,Epson,Ink Cartridge,Black,https://www.keplertechllc.com/product/c13t50u80n-epson-singlepack-ultrachrome-xd3-matte-black-ink/,https://www.keplertechllc.com/wp-content/uploads/2024/02/C13T50U80N-Epson-Singlepack-UltraChrome-XD3-Matte-Black-Ink.webp,,220.0,Colour: Black | Yield/Cap:  | Stock: 0,Fits 7 printers: Epson SureColor SC-T3700E (epson-sc-t3700e); Epson SureColor SC-T3700D (epson-sc-t3700d); Epson SureColor SC-T3700DE (epson-sc-t3700de); Epson SureColor SC-T5700D (epson-sc-t5700d); Epson SureColor SC-T5700DM (epson-sc-t5700dm); Epson SureColor SC-T7700D (epson-sc-t7700d); Epson SureColor SC-T7700DM (epson-sc-t7700dm),"Genuine OEM C13T50U80N Epson Singlepack UltraChrome XD3 Matte Black Ink delivering vibrant, archival-grade prints with wide color gamut."
Consumable,C13S210116,C13S210116 Epson Borderless Maintenance Box,Epson,Maintenance Box,Maintenance/Supply,https://www.keplertechllc.com/product/c13s210116-epson-borderless-maintenance-box/,https://www.keplertechllc.com/wp-content/uploads/2024/02/C13S210116-Epson-Borderless-Maintenance-Box.webp,,180.0,Colour:  | Yield/Cap:  | Stock: 0,Fits 14 printers: Epson SureColor SC-T3700E (epson-sc-t3700e); Epson SureColor SC-T3700D (epson-sc-t3700d); Epson SureColor SC-T3700DE (epson-sc-t3700de); Epson SureColor SC-T5700D (epson-sc-t5700d); Epson SureColor SC-T5700DM (epson-sc-t5700dm); Epson SureColor SC-T7700D (epson-sc-t7700d); Epson SureColor SC-T7700DL (epson-sc-t7700dl); Epson SureColor SC-T7700DM (epson-sc-t7700dm); Epson SureColor SC-P6500E (epson-sc-p6500e); Epson SureColor SC-P6500D (epson-sc-p6500d); Epson SureColor SC-P6500DE (epson-sc-p6500de); Epson SureColor SC-P8500D (epson-sc-p8500d); Epson SureColor SC-P8500DM (epson-sc-p8500dm); Epson SureColor SC-P20500 (epson-sc-p20500),Genuine OEM C13S210116 Epson Borderless Maintenance Box designed for reliable printer maintenance and waste ink collection.
Consumable,C13S210115,C13S210115 Epson Maintenance Box (Tx700/Px500),Epson,Maintenance Box,Maintenance/Supply,https://www.keplertechllc.com/product/c13s210115-epson-maintenance-box/,https://www.keplertechllc.com/wp-content/uploads/2024/02/C13S210115-Epson-Maintenance-Box.webp,,180.0,Colour:  | Yield/Cap:  | Stock: 10,Fits 14 printers: Epson SureColor SC-T3700E (epson-sc-t3700e); Epson SureColor SC-T3700D (epson-sc-t3700d); Epson SureColor SC-T3700DE (epson-sc-t3700de); Epson SureColor SC-T5700D (epson-sc-t5700d); Epson SureColor SC-T5700DM (epson-sc-t5700dm); Epson SureColor SC-T7700D (epson-sc-t7700d); Epson SureColor SC-T7700DL (epson-sc-t7700dl); Epson SureColor SC-T7700DM (epson-sc-t7700dm); Epson SureColor SC-P6500E (epson-sc-p6500e); Epson SureColor SC-P6500D (epson-sc-p6500d); Epson SureColor SC-P6500DE (epson-sc-p6500de); Epson SureColor SC-P8500D (epson-sc-p8500d); Epson SureColor SC-P8500DM (epson-sc-p8500dm); Epson SureColor SC-P20500 (epson-sc-p20500),Genuine OEM C13S210115 Epson Maintenance Box (Tx700/Px500) designed for reliable printer maintenance and waste ink collection.
Consumable,C13S210117,C13S210117 Epson Auto Cutter Blade,Epson,Accessory,Maintenance/Supply,https://www.keplertechllc.com/product/c13s210117-epson-auto-cutter-blade/,https://www.keplertechllc.com/wp-content/uploads/2024/02/C13S210117-Epson-Auto-Cutter-Blade.webp,,150.0,Colour:  | Yield/Cap:  | Stock: 0,Fits 13 printers: Epson SureColor SC-T3700E (epson-sc-t3700e); Epson SureColor SC-T3700D (epson-sc-t3700d); Epson SureColor SC-T3700DE (epson-sc-t3700de); Epson SureColor SC-T5700D (epson-sc-t5700d); Epson SureColor SC-T5700DM (epson-sc-t5700dm); Epson SureColor SC-T7700D (epson-sc-t7700d); Epson SureColor SC-T7700DL (epson-sc-t7700dl); Epson SureColor SC-T7700DM (epson-sc-t7700dm); Epson SureColor SC-P6500E (epson-sc-p6500e); Epson SureColor SC-P6500D (epson-sc-p6500d); Epson SureColor SC-P6500DE (epson-sc-p6500de); Epson SureColor SC-P8500D (epson-sc-p8500d); Epson SureColor SC-P8500DM (epson-sc-p8500dm),Authentic C13S210117 Epson Auto Cutter Blade for professional printing equipment.
Consumable,C13T53A100,C13T53A100 Epson Ink PK 1.6L RIPS 6 Col,Epson,Ink Cartridge,Maintenance/Supply,https://www.keplertechllc.com/product/c13t53a100-epson-sc-t7700dl-photo-black-ink/,https://www.keplertechllc.com/wp-content/uploads/2024/02/C13T53A100-Epson-Ink-PK-1.6L-RIPS-6-Col-T7700DL.webp,,220.0,Colour:  | Yield/Cap:  | Stock: 0,Fits 1 printers: Epson SureColor SC-T7700DL (epson-sc-t7700dl),"Genuine OEM C13T53A100 Epson Ink PK 1.6L RIPS 6 Col delivering vibrant, archival-grade prints with wide color gamut."
Consumable,C13T53A200,C13T53A200 Epson Ink Cyan 1.6L RIPS 6 Col,Epson,Ink Cartridge,Cyan,https://www.keplertechllc.com/product/c13t53a200-epson-sc-t7700dl-cyan-ink/,https://www.keplertechllc.com/wp-content/uploads/2024/02/C13T53A200-Epson-Ink-Cyan-1.6L-RIPS-6-Col.webp,,220.0,Colour: Cyan | Yield/Cap:  | Stock: 0,Fits 1 printers: Epson SureColor SC-T7700DL (epson-sc-t7700dl),"Genuine OEM C13T53A200 Epson Ink Cyan 1.6L RIPS 6 Col delivering vibrant, archival-grade prints with wide color gamut."
Consumable,C13T53A800,C13T53A800 Epson Ink MK 1.6L RIPS 6 Col,Epson,Ink Cartridge,Maintenance/Supply,https://www.keplertechllc.com/product/c13t53a800-epson-sc-t7700dl-matte-black-ink/,https://www.keplertechllc.com/wp-content/uploads/2024/02/C13T53A800-Epson-Ink-MK-1.6L-RIPS-6-Col.webp,,220.0,Colour:  | Yield/Cap:  | Stock: 0,Fits 1 printers: Epson SureColor SC-T7700DL (epson-sc-t7700dl),"Genuine OEM C13T53A800 Epson Ink MK 1.6L RIPS 6 Col delivering vibrant, archival-grade prints with wide color gamut."
Consumable,C13T53A300,C13T53A300 Epson Ink MAG 1.6L RIPS 6 Col,Epson,Ink Cartridge,Maintenance/Supply,https://www.keplertechllc.com/product/c13t53a300-epson-ink-mag-1-6l-rips-6-col/,https://www.keplertechllc.com/wp-content/uploads/2024/02/C13T53A300-Epson-Ink-MAG-1.6L-RIPS-6-Col.webp,,220.0,Colour:  | Yield/Cap:  | Stock: 0,Fits 1 printers: Epson SureColor SC-T7700DL (epson-sc-t7700dl),"Genuine OEM C13T53A300 Epson Ink MAG 1.6L RIPS 6 Col delivering vibrant, archival-grade prints with wide color gamut."
Consumable,C13T53A400,C13T53A400 Epson Ink YEL 1.6L RIPS 6 Col,Epson,Ink Cartridge,Maintenance/Supply,https://www.keplertechllc.com/product/c13t53a400-epson-sc-t7700dl-yellow-ink/,https://www.keplertechllc.com/wp-content/uploads/2024/02/C13T53A400-Epson-Ink-YEL-1.6L-RIPS-6-Col.webp,,220.0,Colour:  | Yield/Cap:  | Stock: 10,Fits 1 printers: Epson SureColor SC-T7700DL (epson-sc-t7700dl),"Genuine OEM C13T53A400 Epson Ink YEL 1.6L RIPS 6 Col delivering vibrant, archival-grade prints with wide color gamut."
Consumable,C13T53A900,C13T53A900 Epson Ink Red 1.6L RIPS 6 Col,Epson,Ink Cartridge,Maintenance/Supply,https://www.keplertechllc.com/product/c13t53a900-epson-sc-t7700dl-red-ink/,https://www.keplertechllc.com/wp-content/uploads/2024/02/C13T53A900-Epson-Ink-Red-1.6L-RIPS-6-Col.webp,,220.0,Colour:  | Yield/Cap:  | Stock: 10,Fits 1 printers: Epson SureColor SC-T7700DL (epson-sc-t7700dl),"Genuine OEM C13T53A900 Epson Ink Red 1.6L RIPS 6 Col delivering vibrant, archival-grade prints with wide color gamut."
Consumable,C13T48M100,C13T48M100 Epson Singlepack UltraChrome Pro 6 Photo Black Ink,Epson,Ink Cartridge,Black,https://www.keplertechllc.com/product/c13t48m100-epson-singlepack-photo-black-ink/,https://www.keplertechllc.com/wp-content/uploads/2024/02/C13T48M100-Epson-Singlepack-UltraChrome-Pro-6-Photo-Black-Ink.webp,,220.0,Colour: Black | Yield/Cap:  | Stock: 10,Fits 5 printers: Epson SureColor SC-P6500E (epson-sc-p6500e); Epson SureColor SC-P6500D (epson-sc-p6500d); Epson SureColor SC-P6500DE (epson-sc-p6500de); Epson SureColor SC-P8500D (epson-sc-p8500d); Epson SureColor SC-P8500DM (epson-sc-p8500dm),"Genuine OEM C13T48M100 Epson Singlepack UltraChrome Pro 6 Photo Black Ink delivering vibrant, archival-grade prints with wide color gamut."
Consumable,C13T48M200,C13T48M200 Epson Singlepack UltraChrome Pro 6 Cyan Ink,Epson,Ink Cartridge,Cyan,https://www.keplertechllc.com/product/c13t48m200-singlepack-cyan-700ml-ink/,https://www.keplertechllc.com/wp-content/uploads/2024/02/C13T48M200-Epson-Singlepack-UltraChrome-Pro-6-Cyan-Ink.webp,,220.0,Colour: Cyan | Yield/Cap:  | Stock: 10,Fits 5 printers: Epson SureColor SC-P6500E (epson-sc-p6500e); Epson SureColor SC-P6500D (epson-sc-p6500d); Epson SureColor SC-P6500DE (epson-sc-p6500de); Epson SureColor SC-P8500D (epson-sc-p8500d); Epson SureColor SC-P8500DM (epson-sc-p8500dm),"Genuine OEM C13T48M200 Epson Singlepack UltraChrome Pro 6 Cyan Ink delivering vibrant, archival-grade prints with wide color gamut."
Consumable,C13T48M300,C13T48M300 Epson Singlepack UltraChrome Pro 6 Magenta Ink,Epson,Ink Cartridge,Magenta,https://www.keplertechllc.com/product/c13t48m300-epson-singlepack-ultrachrome-pro-6-magenta-ink/,https://www.keplertechllc.com/wp-content/uploads/2024/02/C13T48M300-Epson-Singlepack-UltraChrome-Pro-6-Magenta-Ink.webp,,220.0,Colour: Magenta | Yield/Cap:  | Stock: 0,Fits 5 printers: Epson SureColor SC-P6500E (epson-sc-p6500e); Epson SureColor SC-P6500D (epson-sc-p6500d); Epson SureColor SC-P6500DE (epson-sc-p6500de); Epson SureColor SC-P8500D (epson-sc-p8500d); Epson SureColor SC-P8500DM (epson-sc-p8500dm),"Genuine OEM C13T48M300 Epson Singlepack UltraChrome Pro 6 Magenta Ink delivering vibrant, archival-grade prints with wide color gamut."
Consumable,C13T48M800,C13T48M800 Epson Singlepack UltraChrome Pro 6 Matte Black Ink,Epson,Ink Cartridge,Black,https://www.keplertechllc.com/product/c13t48m800-epson-singlepack-matte-black-ink/,https://www.keplertechllc.com/wp-content/uploads/2024/02/C13T48M800-Epson-Singlepack-UltraChrome-Pro-6-Matte-Black-Ink.webp,,220.0,Colour: Black | Yield/Cap:  | Stock: 0,Fits 5 printers: Epson SureColor SC-P6500E (epson-sc-p6500e); Epson SureColor SC-P6500D (epson-sc-p6500d); Epson SureColor SC-P6500DE (epson-sc-p6500de); Epson SureColor SC-P8500D (epson-sc-p8500d); Epson SureColor SC-P8500DM (epson-sc-p8500dm),"Genuine OEM C13T48M800 Epson Singlepack UltraChrome Pro 6 Matte Black Ink delivering vibrant, archival-grade prints with wide color gamut."
Consumable,C13T48ME00,C13T48ME00 Epson Singlepack UltraChrome Pro 6 Gray Ink,Epson,Ink Cartridge,Gray,https://www.keplertechllc.com/product/c13t48me00-epson-singlepack-gray-ink/,https://www.keplertechllc.com/wp-content/uploads/2024/02/C13T48ME00-Epson-Singlepack-UltraChrome-Pro-6-Gray-Ink.webp,,220.0,Colour: Gray | Yield/Cap:  | Stock: 0,Fits 5 printers: Epson SureColor SC-P6500E (epson-sc-p6500e); Epson SureColor SC-P6500D (epson-sc-p6500d); Epson SureColor SC-P6500DE (epson-sc-p6500de); Epson SureColor SC-P8500D (epson-sc-p8500d); Epson SureColor SC-P8500DM (epson-sc-p8500dm),"Genuine OEM C13T48ME00 Epson Singlepack UltraChrome Pro 6 Gray Ink delivering vibrant, archival-grade prints with wide color gamut."
Consumable,C13T48M400,C13T48M400 Epson Singlepack UltraChrome Pro 6 Yellow Ink,Epson,Ink Cartridge,Yellow,https://www.keplertechllc.com/product/c13t48m400-epson-singlepack-yellow-ink/,https://www.keplertechllc.com/wp-content/uploads/2024/02/C13T48M400-Epson-Singlepack-UltraChrome-Pro-6-Yellow-Ink.webp,,220.0,Colour: Yellow | Yield/Cap:  | Stock: 0,Fits 5 printers: Epson SureColor SC-P6500E (epson-sc-p6500e); Epson SureColor SC-P6500D (epson-sc-p6500d); Epson SureColor SC-P6500DE (epson-sc-p6500de); Epson SureColor SC-P8500D (epson-sc-p8500d); Epson SureColor SC-P8500DM (epson-sc-p8500dm),"Genuine OEM C13T48M400 Epson Singlepack UltraChrome Pro 6 Yellow Ink delivering vibrant, archival-grade prints with wide color gamut."
Consumable,C13T48U200,C13T48U200 Epson Singlepack UltraChrome Pro 6 Cyan Ink,Epson,Ink Cartridge,Cyan,https://www.keplertechllc.com/product/c13t48u200-epson-singlepack-cyan-ink/,https://www.keplertechllc.com/wp-content/uploads/2024/02/C13T48U200-Epson-Singlepack-UltraChrome-Pro-6-Cyan-Ink.webp,,220.0,Colour: Cyan | Yield/Cap:  | Stock: 10,Fits 5 printers: Epson SureColor SC-P6500E (epson-sc-p6500e); Epson SureColor SC-P6500D (epson-sc-p6500d); Epson SureColor SC-P6500DE (epson-sc-p6500de); Epson SureColor SC-P8500D (epson-sc-p8500d); Epson SureColor SC-P8500DM (epson-sc-p8500dm),"Genuine OEM C13T48U200 Epson Singlepack UltraChrome Pro 6 Cyan Ink delivering vibrant, archival-grade prints with wide color gamut."
Consumable,C13T48U100,C13T48U100 Epson Singlepack UltraChrome Pro 6 Photo Black Ink,Epson,Ink Cartridge,Black,https://www.keplertechllc.com/product/c13t48u100-epson-singlepack-photo-black-ink/,https://www.keplertechllc.com/wp-content/uploads/2024/02/C13T48U100-Epson-Singlepack-UltraChrome-Pro-6-Photo-Black-Ink.webp,,220.0,Colour: Black | Yield/Cap:  | Stock: 10,Fits 5 printers: Epson SureColor SC-P6500E (epson-sc-p6500e); Epson SureColor SC-P6500D (epson-sc-p6500d); Epson SureColor SC-P6500DE (epson-sc-p6500de); Epson SureColor SC-P8500D (epson-sc-p8500d); Epson SureColor SC-P8500DM (epson-sc-p8500dm),"Genuine OEM C13T48U100 Epson Singlepack UltraChrome Pro 6 Photo Black Ink delivering vibrant, archival-grade prints with wide color gamut."
Consumable,C13T48U300,C13T48U300 Epson Singlepack UltraChrome Pro 6 Magenta Ink,Epson,Ink Cartridge,Magenta,https://www.keplertechllc.com/product/c13t48u300-epson-singlepack-magenta-ink/,https://www.keplertechllc.com/wp-content/uploads/2024/02/C13T48U300-Epson-Singlepack-UltraChrome-Pro-6-Magenta-Ink-1.webp,,220.0,Colour: Magenta | Yield/Cap:  | Stock: 10,Fits 5 printers: Epson SureColor SC-P6500E (epson-sc-p6500e); Epson SureColor SC-P6500D (epson-sc-p6500d); Epson SureColor SC-P6500DE (epson-sc-p6500de); Epson SureColor SC-P8500D (epson-sc-p8500d); Epson SureColor SC-P8500DM (epson-sc-p8500dm),"Genuine OEM C13T48U300 Epson Singlepack UltraChrome Pro 6 Magenta Ink delivering vibrant, archival-grade prints with wide color gamut."
Consumable,C13T48U400,C13T48U400 Epson Singlepack UltraChrome Pro 6 Yellow Ink,Epson,Ink Cartridge,Yellow,https://www.keplertechllc.com/product/c13t48u400-epson-singlepack-yellow-ink/,https://www.keplertechllc.com/wp-content/uploads/2024/02/C13T48U400-Epson-Singlepack-UltraChrome-Pro-6-Yellow-Ink.webp,,220.0,Colour: Yellow | Yield/Cap:  | Stock: 10,Fits 5 printers: Epson SureColor SC-P6500E (epson-sc-p6500e); Epson SureColor SC-P6500D (epson-sc-p6500d); Epson SureColor SC-P6500DE (epson-sc-p6500de); Epson SureColor SC-P8500D (epson-sc-p8500d); Epson SureColor SC-P8500DM (epson-sc-p8500dm),"Genuine OEM C13T48U400 Epson Singlepack UltraChrome Pro 6 Yellow Ink delivering vibrant, archival-grade prints with wide color gamut."
Consumable,C13T48U800,C13T48U800 Epson Singlepack UltraChrome Pro 6 Matte Black Ink,Epson,Ink Cartridge,Black,https://www.keplertechllc.com/product/c13t48u800-epson-singlepack-ultrachrome-pro-6-matte-black-ink/,https://www.keplertechllc.com/wp-content/uploads/2024/02/C13T48U800-Epson-Singlepack-UltraChrome-Pro-6-Matte-Black-Ink.webp,,220.0,Colour: Black | Yield/Cap:  | Stock: 0,Fits 5 printers: Epson SureColor SC-P6500E (epson-sc-p6500e); Epson SureColor SC-P6500D (epson-sc-p6500d); Epson SureColor SC-P6500DE (epson-sc-p6500de); Epson SureColor SC-P8500D (epson-sc-p8500d); Epson SureColor SC-P8500DM (epson-sc-p8500dm),"Genuine OEM C13T48U800 Epson Singlepack UltraChrome Pro 6 Matte Black Ink delivering vibrant, archival-grade prints with wide color gamut."
Consumable,C13T48UE00,C13T48UE00 Epson Singlepack UltraChrome Pro 6 Gray Ink,Epson,Ink Cartridge,Gray,https://www.keplertechllc.com/product/c13t48ue00-epson-singlepack-gray-ink/,https://www.keplertechllc.com/wp-content/uploads/2024/02/C13T48UE00-Epson-Singlepack-UltraChrome-Pro-6-Gray-Ink.webp,,220.0,Colour: Gray | Yield/Cap:  | Stock: 10,Fits 5 printers: Epson SureColor SC-P6500E (epson-sc-p6500e); Epson SureColor SC-P6500D (epson-sc-p6500d); Epson SureColor SC-P6500DE (epson-sc-p6500de); Epson SureColor SC-P8500D (epson-sc-p8500d); Epson SureColor SC-P8500DM (epson-sc-p8500dm),"Genuine OEM C13T48UE00 Epson Singlepack UltraChrome Pro 6 Gray Ink delivering vibrant, archival-grade prints with wide color gamut."
Consumable,C13T55W200,C13T55W200 Epson Cyan Ink Cartridge,Epson,Ink Cartridge,Cyan,https://www.keplertechllc.com/product/c13t55w200-epson-cyan-ink-cartridge/,https://www.keplertechllc.com/wp-content/uploads/2024/02/C13T55W200-Epson-Cyan-Ink-Cartridge.webp,,220.0,Colour: Cyan | Yield/Cap:  | Stock: 0,Fits 1 printers: Epson SureColor SC-P5300 (epson-sc-p5300),"Genuine OEM C13T55W200 Epson Cyan Ink Cartridge delivering vibrant, archival-grade prints with wide color gamut."
Consumable,C13T55W100,C13T55W100 Epson Photo Black Ink Cartridge,Epson,Ink Cartridge,Black,https://www.keplertechllc.com/product/c13t55w100-epson-photo-black-ink-cartridge/,https://www.keplertechllc.com/wp-content/uploads/2024/02/C13T55W100-Epson-Photo-Black-Ink-Cartridge.webp,,220.0,Colour: Black | Yield/Cap:  | Stock: 0,Fits 1 printers: Epson SureColor SC-P5300 (epson-sc-p5300),"Genuine OEM C13T55W100 Epson Photo Black Ink Cartridge delivering vibrant, archival-grade prints with wide color gamut."
Consumable,C13T55W300,C13T55W300 Epson Vivid Magenta Ink Cartridge,Epson,Ink Cartridge,Magenta,https://www.keplertechllc.com/product/c13t55w300-epson-vivid-magenta-ink-cartridge/,https://www.keplertechllc.com/wp-content/uploads/2024/02/C13T55W300-Epson-Vivid-Magenta-Ink-Cartridge.webp,,220.0,Colour: Magenta | Yield/Cap:  | Stock: 0,Fits 1 printers: Epson SureColor SC-P5300 (epson-sc-p5300),"Genuine OEM C13T55W300 Epson Vivid Magenta Ink Cartridge delivering vibrant, archival-grade prints with wide color gamut."
Consumable,C13T55W500,C13T55W500 Epson Light Cyan Ink Cartridge,Epson,Ink Cartridge,Cyan,https://www.keplertechllc.com/product/c13t55w500-epson-light-cyan-ink-cartridge/,https://www.keplertechllc.com/wp-content/uploads/2024/02/C13T55W500-Epson-Light-Cyan-Ink-Cartridge.webp,,220.0,Colour: Cyan | Yield/Cap:  | Stock: 0,Fits 1 printers: Epson SureColor SC-P5300 (epson-sc-p5300),"Genuine OEM C13T55W500 Epson Light Cyan Ink Cartridge delivering vibrant, archival-grade prints with wide color gamut."
Consumable,C13T55W400,C13T55W400 Epson Yellow Ink Cartridge,Epson,Ink Cartridge,Yellow,https://www.keplertechllc.com/product/c13t55w400-epson-yellow-ink-cartridge/,https://www.keplertechllc.com/wp-content/uploads/2024/02/C13T55W400-Epson-Yellow-Ink-Cartridge.webp,,220.0,Colour: Yellow | Yield/Cap:  | Stock: 0,Fits 1 printers: Epson SureColor SC-P5300 (epson-sc-p5300),"Genuine OEM C13T55W400 Epson Yellow Ink Cartridge delivering vibrant, archival-grade prints with wide color gamut."
Consumable,C13T55W600,C13T55W600 Epson Vivid Light Magenta Ink Cartridge,Epson,Ink Cartridge,Magenta,https://www.keplertechllc.com/product/c13t55w600-epson-vivid-light-magenta-ink/,https://www.keplertechllc.com/wp-content/uploads/2024/02/C13T55W600-Epson-Vivid-Light-Magenta-Ink.webp,,220.0,Colour: Magenta | Yield/Cap:  | Stock: 10,Fits 1 printers: Epson SureColor SC-P5300 (epson-sc-p5300),"Genuine OEM C13T55W600 Epson Vivid Light Magenta Ink Cartridge delivering vibrant, archival-grade prints with wide color gamut."
Consumable,C13T55W800,C13T55W800 Epson Matte Black Ink Cartridge,Epson,Ink Cartridge,Black,https://www.keplertechllc.com/product/c13t55w800-epson-matte-black-ink/,https://www.keplertechllc.com/wp-content/uploads/2024/02/C13T55W800-Epson-Matte-Black-Ink-Cartridge.webp,,220.0,Colour: Black | Yield/Cap:  | Stock: 10,Fits 1 printers: Epson SureColor SC-P5300 (epson-sc-p5300),"Genuine OEM C13T55W800 Epson Matte Black Ink Cartridge delivering vibrant, archival-grade prints with wide color gamut."
Consumable,C13T55W700,C13T55W700 Epson Gray Ink Cartridge,Epson,Ink Cartridge,Gray,https://www.keplertechllc.com/product/c13t55w700-epson-gray-ink-cartridge/,https://www.keplertechllc.com/wp-content/uploads/2024/02/C13T55W700-Epson-Gray-Ink.webp,,220.0,Colour: Gray | Yield/Cap:  | Stock: 0,Fits 1 printers: Epson SureColor SC-P5300 (epson-sc-p5300),"Genuine OEM C13T55W700 Epson Gray Ink Cartridge delivering vibrant, archival-grade prints with wide color gamut."
Consumable,C13T55W900,C13T55W900 Epson Light Gray Ink Cartridge,Epson,Ink Cartridge,Gray,https://www.keplertechllc.com/product/c13t55w900-epson-light-gray-ink-cartridge/,https://www.keplertechllc.com/wp-content/uploads/2024/02/C13T55W900-Epson-Light-Gray-Ink.webp,,220.0,Colour: Gray | Yield/Cap:  | Stock: 0,Fits 1 printers: Epson SureColor SC-P5300 (epson-sc-p5300),"Genuine OEM C13T55W900 Epson Light Gray Ink Cartridge delivering vibrant, archival-grade prints with wide color gamut."
Consumable,C13T55WD00,C13T55WD00 Epson Violet Ink Cartridge,Epson,Ink Cartridge,Violet,https://www.keplertechllc.com/product/c13t55wd00-epson-violet-ink-cartridge/,https://www.keplertechllc.com/wp-content/uploads/2024/02/C13T55WD00-Epson-Violet-Ink-Cartridge.webp,,220.0,Colour: Violet | Yield/Cap:  | Stock: 0,Fits 1 printers: Epson SureColor SC-P5300 (epson-sc-p5300),"Genuine OEM C13T55WD00 Epson Violet Ink Cartridge delivering vibrant, archival-grade prints with wide color gamut."
Consumable,C13T56F100,"C13T56F100 Epson P-Series 64"" Photo Black IIPS Ink 1600ml",Epson,Ink Cartridge,Black,https://www.keplertechllc.com/product/c13t56f100-epson-photo-black-ink-1600ml/,https://www.keplertechllc.com/wp-content/uploads/2024/08/PK.jpg.jpeg,,450.0,Colour: Black | Yield/Cap:  | Stock: 10,Fits 1 printers: Epson SureColor SC-P20500 (epson-sc-p20500),"Genuine OEM C13T56F100 Epson P-Series 64"" Photo Black IIPS Ink 1600ml delivering vibrant, archival-grade prints with wide color gamut."
Consumable,C13T56F200,"C13T56F200 Epson P-Series 64"" Cyan IIPS Ink 1600ml",Epson,Ink Cartridge,Cyan,https://www.keplertechllc.com/product/c13t56f200-epson-cyan-iips-ink-1600ml/,https://www.keplertechllc.com/wp-content/uploads/2024/08/C.jpg.jpeg,,450.0,Colour: Cyan | Yield/Cap:  | Stock: 10,Fits 1 printers: Epson SureColor SC-P20500 (epson-sc-p20500),"Genuine OEM C13T56F200 Epson P-Series 64"" Cyan IIPS Ink 1600ml delivering vibrant, archival-grade prints with wide color gamut."
Consumable,C13T56F300,"C13T56F300 Epson P-Series 64"" Vivid Magenta IIPS Ink 1600ml",Epson,Ink Cartridge,Magenta,https://www.keplertechllc.com/product/c13t56f300-epson-vivid-magenta-iips-ink/,https://www.keplertechllc.com/wp-content/uploads/2024/08/VM.jpg.jpeg,,450.0,Colour: Magenta | Yield/Cap:  | Stock: 10,Fits 1 printers: Epson SureColor SC-P20500 (epson-sc-p20500),"Genuine OEM C13T56F300 Epson P-Series 64"" Vivid Magenta IIPS Ink 1600ml delivering vibrant, archival-grade prints with wide color gamut."
Consumable,C13T56F400,"C13T56F400 Epson P-Series 64"" Yellow IIPS Ink 1600ml",Epson,Ink Cartridge,Yellow,https://www.keplertechllc.com/product/c13t56f400-epson-yellow-iips-ink/,https://www.keplertechllc.com/wp-content/uploads/2024/08/Y.jpg.jpeg,,450.0,Colour: Yellow | Yield/Cap:  | Stock: 10,Fits 1 printers: Epson SureColor SC-P20500 (epson-sc-p20500),"Genuine OEM C13T56F400 Epson P-Series 64"" Yellow IIPS Ink 1600ml delivering vibrant, archival-grade prints with wide color gamut."
Consumable,C13T56F500,"C13T56F500 Epson P-Series 64"" Light Cyan IIPS Ink 1600ml",Epson,Ink Cartridge,Cyan,https://www.keplertechllc.com/product/c13t56f500-epson-light-cyan-iips-ink-1600ml/,https://www.keplertechllc.com/wp-content/uploads/2024/08/LC.jpg.jpeg,,450.0,Colour: Cyan | Yield/Cap:  | Stock: 0,Fits 1 printers: Epson SureColor SC-P20500 (epson-sc-p20500),"Genuine OEM C13T56F500 Epson P-Series 64"" Light Cyan IIPS Ink 1600ml delivering vibrant, archival-grade prints with wide color gamut."
Consumable,C13T56F600,C13T56F600 Epson Vivid Light Magenta IIPS Ink 1600ml,Epson,Ink Cartridge,Magenta,https://www.keplertechllc.com/product/c13t56f600-epson-vivid-light-magenta-iips-ink/,https://www.keplertechllc.com/wp-content/uploads/2024/08/VLM.jpg.jpeg,,450.0,Colour: Magenta | Yield/Cap:  | Stock: 10,Fits 1 printers: Epson SureColor SC-P20500 (epson-sc-p20500),"Genuine OEM C13T56F600 Epson Vivid Light Magenta IIPS Ink 1600ml delivering vibrant, archival-grade prints with wide color gamut."
Consumable,C13T56F700,"C13T56F700 Epson P-Series 64"" Gray IIPS Ink 1600ml",Epson,Ink Cartridge,Gray,https://www.keplertechllc.com/product/c13t56f700-epson-gray-iips-ink/,https://www.keplertechllc.com/wp-content/uploads/2024/08/GY.jpg.jpeg,,450.0,Colour: Gray | Yield/Cap:  | Stock: 10,Fits 1 printers: Epson SureColor SC-P20500 (epson-sc-p20500),"Genuine OEM C13T56F700 Epson P-Series 64"" Gray IIPS Ink 1600ml delivering vibrant, archival-grade prints with wide color gamut."
Consumable,C13T56F800,"C13T56F800 Epson P-Series 64"" Matte Black IIPS Ink 1600ml",Epson,Ink Cartridge,Black,https://www.keplertechllc.com/product/c13t56f800-epson-matte-black-iips-ink/,https://www.keplertechllc.com/wp-content/uploads/2024/08/MK.jpg.jpeg,,450.0,Colour: Black | Yield/Cap:  | Stock: 10,Fits 1 printers: Epson SureColor SC-P20500 (epson-sc-p20500),"Genuine OEM C13T56F800 Epson P-Series 64"" Matte Black IIPS Ink 1600ml delivering vibrant, archival-grade prints with wide color gamut."
Consumable,C13T56F900,"C13T56F900 Epson P-Series 64"" Light Gray IIPS Ink 1600ml",Epson,Ink Cartridge,Gray,https://www.keplertechllc.com/product/c13t56f900-epson-light-gray-iips-ink/,https://www.keplertechllc.com/wp-content/uploads/2024/08/LGY.jpg.jpeg,,450.0,Colour: Gray | Yield/Cap:  | Stock: 10,Fits 1 printers: Epson SureColor SC-P20500 (epson-sc-p20500),"Genuine OEM C13T56F900 Epson P-Series 64"" Light Gray IIPS Ink 1600ml delivering vibrant, archival-grade prints with wide color gamut."
Consumable,C13T56FA00,"C13T56FA00 Epson P-Series 64"" Orange IIPS Ink 1600ml",Epson,Ink Cartridge,Orange,https://www.keplertechllc.com/product/c13t56fa00-epson-orange-iips-ink/,https://www.keplertechllc.com/wp-content/uploads/2024/08/OR.jpg.jpeg,,450.0,Colour: Orange | Yield/Cap:  | Stock: 0,Fits 1 printers: Epson SureColor SC-P20500 (epson-sc-p20500),"Genuine OEM C13T56FA00 Epson P-Series 64"" Orange IIPS Ink 1600ml delivering vibrant, archival-grade prints with wide color gamut."
Consumable,C13T56FB00,"C13T56FB00 Epson P-Series 64"" Green IIPS Ink 1600ml",Epson,Ink Cartridge,Green,https://www.keplertechllc.com/product/c13t56fb00-epson-green-iips-ink/,https://www.keplertechllc.com/wp-content/uploads/2024/08/GR.jpg.jpeg,,450.0,Colour: Green | Yield/Cap:  | Stock: 0,Fits 1 printers: Epson SureColor SC-P20500 (epson-sc-p20500),"Genuine OEM C13T56FB00 Epson P-Series 64"" Green IIPS Ink 1600ml delivering vibrant, archival-grade prints with wide color gamut."
Consumable,C13T56FD00,"C13T56FD00 Epson P-Series 64"" Violet IIPS Ink 1600ml",Epson,Ink Cartridge,Violet,https://www.keplertechllc.com/product/c13t56fd00-epson-violet-iips-ink/,https://www.keplertechllc.com/wp-content/uploads/2024/08/V.jpg.jpeg,,450.0,Colour: Violet | Yield/Cap:  | Stock: 10,Fits 1 printers: Epson SureColor SC-P20500 (epson-sc-p20500),"Genuine OEM C13T56FD00 Epson P-Series 64"" Violet IIPS Ink 1600ml delivering vibrant, archival-grade prints with wide color gamut."
Consumable,10-ACP3X,AirCastPro3 - Mobile and Desktop Wireless Print Server,Epson,Accessory,Maintenance/Supply,https://www.keplertechllc.com/product/aircastpro-3-wireless-print-server/,https://www.keplertechllc.com/wp-content/uploads/2024/10/AirCastPro3-Wireless-Print-Server.webp,,150.0,Colour:  | Yield/Cap:  | Stock: 10,Fits 0 printers: ,Authentic AirCastPro3 - Mobile and Desktop Wireless Print Server for professional printing equipment.
Consumable,C13T08N440,C13T08N440 Epson WorkForce AM-C400 Yellow Ink,Epson,Ink Cartridge,Yellow,https://www.keplertechllc.com/product/c13t08n440-epson-workforce-am-c400-yellow-ink/,https://www.keplertechllc.com/wp-content/uploads/2025/01/C13T08N440-Epson-WorkForce-AM-C400-Yellow-Ink.webp,,220.0,"Colour: Yellow | Yield/Cap: Up to 31,500 pages Black / 28,000 pages Colour (High-Yield Industrial Ink Packs) | Stock: 0",Fits 1 printers: Epson WorkForce AM-C400 (epson-am-c400),"Genuine OEM C13T08N440 Epson WorkForce AM-C400 Yellow Ink delivering vibrant, archival-grade prints with wide color gamut."
Consumable,C13T08N240,C13T08N240 Epson WorkForce AM-C400 Cyan Ink,Epson,Ink Cartridge,Cyan,https://www.keplertechllc.com/product/c13t08n240-epson-workforce-am-c400-cyan-ink/,https://www.keplertechllc.com/wp-content/uploads/2025/01/C13T08N240-Epson-WorkForce-AM-C400-Cyan-Ink.webp,,220.0,"Colour: Cyan | Yield/Cap: Up to 31,500 pages Black / 28,000 pages Colour (High-Yield Industrial Ink Packs) | Stock: 0",Fits 1 printers: Epson WorkForce AM-C400 (epson-am-c400),"Genuine OEM C13T08N240 Epson WorkForce AM-C400 Cyan Ink delivering vibrant, archival-grade prints with wide color gamut."
Consumable,C13T08N340,C13T08N340 Epson WorkForce AM-C400 Magenta Ink,Epson,Ink Cartridge,Magenta,https://www.keplertechllc.com/product/c13t08n340-epson-wf-am-c400-magenta-ink/,https://www.keplertechllc.com/wp-content/uploads/2025/01/C13T08N340-Epson-WorkForce-AM-C400-Magenta-Ink.webp,,220.0,"Colour: Magenta | Yield/Cap: Up to 31,500 pages Black / 28,000 pages Colour (High-Yield Industrial Ink Packs) | Stock: 0",Fits 1 printers: Epson WorkForce AM-C400 (epson-am-c400),"Genuine OEM C13T08N340 Epson WorkForce AM-C400 Magenta Ink delivering vibrant, archival-grade prints with wide color gamut."
Consumable,C13T08N140,C13T08N140 Epson WorkForce AM-C400 Black Ink,Epson,Ink Cartridge,Black,https://www.keplertechllc.com/product/c13t08n140-epson-wf-am-c400-black-ink/,https://www.keplertechllc.com/wp-content/uploads/2025/01/C13T08N140-Epson-WorkForce-AM-C400-Black-Ink.webp,,220.0,"Colour: Black | Yield/Cap: Up to 31,500 pages Black / 28,000 pages Colour (High-Yield Industrial Ink Packs) | Stock: 0",Fits 1 printers: Epson WorkForce AM-C400 (epson-am-c400),"Genuine OEM C13T08N140 Epson WorkForce AM-C400 Black Ink delivering vibrant, archival-grade prints with wide color gamut."
Consumable,C12C937201,C12C937201 Epson Maintenance Box AM-C400/550,Epson,Maintenance Box,Maintenance/Supply,https://www.keplertechllc.com/product/c12c937201-epson-maintenance-box/,https://www.keplertechllc.com/wp-content/uploads/2025/01/C12C937201-Epson-Maintenance-Box-AM-C400550.webp,,180.0,"Colour:  | Yield/Cap: Up to 31,500 pages Black / 28,000 pages Colour (High-Yield Industrial Ink Packs) | Stock: 0",Fits 2 printers: Epson WorkForce AM-C400 (epson-am-c400); Epson WorkForce AM-C550 (epson-am-c550),Genuine OEM C12C937201 Epson Maintenance Box AM-C400/550 designed for reliable printer maintenance and waste ink collection.
Consumable,C13T08Q140,C13T08Q140 Epson WorkForce AM-C550 Black Ink,Epson,Ink Cartridge,Black,https://www.keplertechllc.com/product/c13t08q140-epson-wf-am-c550-black-ink/,https://www.keplertechllc.com/wp-content/uploads/2025/01/C13T08Q140-Epson-WorkForce-AM-C550-Black-Ink.webp,,220.0,"Colour: Black | Yield/Cap: Up to 31,500 pages Black / 28,000 pages Colour (High-Yield Industrial Ink Packs) | Stock: 0",Fits 1 printers: Epson WorkForce AM-C550 (epson-am-c550),"Genuine OEM C13T08Q140 Epson WorkForce AM-C550 Black Ink delivering vibrant, archival-grade prints with wide color gamut."
Consumable,C13T08Q440,C13T08Q440 Epson WorkForce AM-C550 Yellow Ink,Epson,Ink Cartridge,Yellow,https://www.keplertechllc.com/product/c13t08q440-epson-wf-am-c550-yellow-ink/,https://www.keplertechllc.com/wp-content/uploads/2025/01/C13T08Q440-Epson-WorkForce-AM-C550-Yellow-Ink.webp,,220.0,"Colour: Yellow | Yield/Cap: Up to 31,500 pages Black / 28,000 pages Colour (High-Yield Industrial Ink Packs) | Stock: 0",Fits 1 printers: Epson WorkForce AM-C550 (epson-am-c550),"Genuine OEM C13T08Q440 Epson WorkForce AM-C550 Yellow Ink delivering vibrant, archival-grade prints with wide color gamut."
Consumable,C13T08Q340,C13T08Q340 Epson WorkForce AM-C550 Magenta Ink,Epson,Ink Cartridge,Magenta,https://www.keplertechllc.com/product/c13t08q340-epson-wf-am-c550-cyan-ink/,https://www.keplertechllc.com/wp-content/uploads/2025/01/C13T08Q340-Epson-WorkForce-AM-C550-Cyan-Ink.webp,,220.0,"Colour: Magenta | Yield/Cap: Up to 31,500 pages Black / 28,000 pages Colour (High-Yield Industrial Ink Packs) | Stock: 0",Fits 1 printers: Epson WorkForce AM-C550 (epson-am-c550),"Genuine OEM C13T08Q340 Epson WorkForce AM-C550 Magenta Ink delivering vibrant, archival-grade prints with wide color gamut."
Consumable,C13T08Q240,C13T08Q240 Epson WorkForce AM-C550 Cyan Ink,Epson,Ink Cartridge,Cyan,https://www.keplertechllc.com/product/c13t08q340-epson-wf-am-c550-cyan-ink/,https://www.keplertechllc.com/wp-content/uploads/2025/01/C13T08Q340-Epson-WorkForce-AM-C550-Cyan-Ink.webp,,220.0,"Colour: Cyan | Yield/Cap: Up to 31,500 pages Black / 28,000 pages Colour (High-Yield Industrial Ink Packs) | Stock: 0",Fits 1 printers: Epson WorkForce AM-C550 (epson-am-c550),"Genuine OEM C13T08Q240 Epson WorkForce AM-C550 Cyan Ink delivering vibrant, archival-grade prints with wide color gamut."
Consumable,C13T11N140,C13T11N140 Epson WorkForce Pro EM-C800R Black XL Ink,Epson,Ink Cartridge,Black,https://www.keplertechllc.com/product/c13t11p140-epson-workforce-pro-em-c800r-black-xxl-ink/,https://www.keplertechllc.com/wp-content/uploads/2025/08/7.jpg,,220.0,"Colour: Black | Yield/Cap: Up to 50,000 pages Black / 20,000 pages Colour (Replaceable Ink Supply Bags (RIPS)) | Stock: 10",Fits 1 printers: Epson WorkForce Pro EM-C800 (epson-em-c800),"Genuine OEM C13T11N140 Epson WorkForce Pro EM-C800R Black XL Ink delivering vibrant, archival-grade prints with wide color gamut."
Consumable,C13T11P140,C13T11P140 Epson WorkForce Pro EM-C800R Black XXL Ink,Epson,Ink Cartridge,Black,https://www.keplertechllc.com/product/c13t11p140-epson-workforce-pro-em-c800r-black-xxl-ink/,https://www.keplertechllc.com/wp-content/uploads/2025/08/7.jpg,,450.0,"Colour: Black | Yield/Cap: Up to 50,000 pages Black / 20,000 pages Colour (Replaceable Ink Supply Bags (RIPS)) | Stock: 0",Fits 1 printers: Epson WorkForce Pro EM-C800 (epson-em-c800),"Genuine OEM C13T11P140 Epson WorkForce Pro EM-C800R Black XXL Ink delivering vibrant, archival-grade prints with wide color gamut."
Consumable,C13T11N240,C13T11N240 Epson WorkForce Pro EM-C800R Cyan XL Ink,Epson,Ink Cartridge,Cyan,https://www.keplertechllc.com/product/c13t11n240-epson-workforce-pro-em-c800r-cyan-xl-ink/,https://www.keplertechllc.com/wp-content/uploads/2025/08/3.jpg,,220.0,"Colour: Cyan | Yield/Cap: Up to 50,000 pages Black / 20,000 pages Colour (Replaceable Ink Supply Bags (RIPS)) | Stock: 0",Fits 1 printers: Epson WorkForce Pro EM-C800 (epson-em-c800),"Genuine OEM C13T11N240 Epson WorkForce Pro EM-C800R Cyan XL Ink delivering vibrant, archival-grade prints with wide color gamut."
Consumable,C13T11P240,C13T11P240 Epson WorkForce Pro EM-C800R Cyan XXL Ink,Epson,Ink Cartridge,Cyan,https://www.keplertechllc.com/product/c13t11p240-epson-workforce-pro-em-c800r-cyan-xxl-ink/,https://www.keplertechllc.com/wp-content/uploads/2025/08/2.jpg,,450.0,"Colour: Cyan | Yield/Cap: Up to 50,000 pages Black / 20,000 pages Colour (Replaceable Ink Supply Bags (RIPS)) | Stock: 0",Fits 1 printers: Epson WorkForce Pro EM-C800 (epson-em-c800),"Genuine OEM C13T11P240 Epson WorkForce Pro EM-C800R Cyan XXL Ink delivering vibrant, archival-grade prints with wide color gamut."
Consumable,C13T11N340,C13T11N340 Epson WorkForce Pro EM-C800R Magenta XL Ink,Epson,Ink Cartridge,Magenta,https://www.keplertechllc.com/product/c13t11n340-epson-workforce-pro-em-c800r-magenta-xl-ink/,https://www.keplertechllc.com/wp-content/uploads/2025/08/5.jpg,,220.0,"Colour: Magenta | Yield/Cap: Up to 50,000 pages Black / 20,000 pages Colour (Replaceable Ink Supply Bags (RIPS)) | Stock: 0",Fits 1 printers: Epson WorkForce Pro EM-C800 (epson-em-c800),"Genuine OEM C13T11N340 Epson WorkForce Pro EM-C800R Magenta XL Ink delivering vibrant, archival-grade prints with wide color gamut."
Consumable,C13T11P340,C13T11P340 Epson WorkForce Pro EM-C800R Magenta XXL Ink,Epson,Ink Cartridge,Magenta,https://www.keplertechllc.com/product/c13t11p340-epson-workforce-pro-em-c800r-magenta-xxl-ink/,https://www.keplertechllc.com/wp-content/uploads/2025/08/4.jpg,,450.0,"Colour: Magenta | Yield/Cap: Up to 50,000 pages Black / 20,000 pages Colour (Replaceable Ink Supply Bags (RIPS)) | Stock: 0",Fits 1 printers: Epson WorkForce Pro EM-C800 (epson-em-c800),"Genuine OEM C13T11P340 Epson WorkForce Pro EM-C800R Magenta XXL Ink delivering vibrant, archival-grade prints with wide color gamut."
Consumable,C13T11N440,C13T11N440 Epson WorkForce Pro EM-C800R Yellow XL Ink,Epson,Ink Cartridge,Yellow,https://www.keplertechllc.com/product/c13t11n440-epson-workforce-pro-em-c800r-yellow-xl-ink/,https://www.keplertechllc.com/wp-content/uploads/2025/08/6.jpg,,220.0,"Colour: Yellow | Yield/Cap: Up to 50,000 pages Black / 20,000 pages Colour (Replaceable Ink Supply Bags (RIPS)) | Stock: 0",Fits 1 printers: Epson WorkForce Pro EM-C800 (epson-em-c800),"Genuine OEM C13T11N440 Epson WorkForce Pro EM-C800R Yellow XL Ink delivering vibrant, archival-grade prints with wide color gamut."
Consumable,C13T11P440,C13T11P440 Epson WorkForce Pro EM-C800R Yellow XXL Ink,Epson,Ink Cartridge,Yellow,https://www.keplertechllc.com/product/c13t11p440-epson-workforce-pro-em-c800r-yellow-xxl-ink/,https://www.keplertechllc.com/wp-content/uploads/2025/08/1.jpg,,450.0,"Colour: Yellow | Yield/Cap: Up to 50,000 pages Black / 20,000 pages Colour (Replaceable Ink Supply Bags (RIPS)) | Stock: 0",Fits 1 printers: Epson WorkForce Pro EM-C800 (epson-em-c800),"Genuine OEM C13T11P440 Epson WorkForce Pro EM-C800R Yellow XXL Ink delivering vibrant, archival-grade prints with wide color gamut."
Consumable,C13S400082,C13S400082 DS Transfer General Purpose 210mm×30.5m,Epson,Accessory,Maintenance/Supply,https://www.keplertechllc.com/product/c13s400082-ds-transfer-general-purpose-210mmx30-5m/,https://www.keplertechllc.com/wp-content/uploads/2026/04/C13S400082-1.jpg,,150.0,Colour:  | Yield/Cap:  | Stock: 10,Fits 1 printers: Epson SureColor SC-F500 (epson-sc-f500),Authentic C13S400082 DS Transfer General Purpose 210mm×30.5m for professional printing equipment.
Consumable,C13S400081,C13S400081 DS Transfer General Purpose 297mm × 30.5m,Epson,Accessory,Maintenance/Supply,https://www.keplertechllc.com/product/c13s400081-ds-transfer-general-purpose-297mm-x-30-5m/,https://www.keplertechllc.com/wp-content/uploads/2026/04/C13S400081.jpg,,150.0,Colour:  | Yield/Cap:  | Stock: 10,Fits 1 printers: Epson SureColor SC-F500 (epson-sc-f500),Authentic C13S400081 DS Transfer General Purpose 297mm × 30.5m for professional printing equipment.
Consumable,C13S400079,C13S400079 DS Transfer General Purpose 432mm×30.5m,Epson,Accessory,Maintenance/Supply,https://www.keplertechllc.com/product/c13s400079-ds-transfer-general-purpose-432mmx30-5m/,https://www.keplertechllc.com/wp-content/uploads/2026/04/C13S400079.jpg,,150.0,Colour:  | Yield/Cap:  | Stock: 10,Fits 1 printers: Epson SureColor SC-F500 (epson-sc-f500),Authentic C13S400079 DS Transfer General Purpose 432mm×30.5m for professional printing equipment.
Consumable,C13S400080,C13S400080 DS Transfer General Purpose 610mm × 30.5m,Epson,Accessory,Maintenance/Supply,https://www.keplertechllc.com/product/c13s400080-ds-transfer-general-purpose-610mm-x-30-5m/,https://www.keplertechllc.com/wp-content/uploads/2026/04/C13S400080.jpg,,150.0,Colour:  | Yield/Cap:  | Stock: 10,Fits 1 printers: Epson SureColor SC-F500 (epson-sc-f500),Authentic C13S400080 DS Transfer General Purpose 610mm × 30.5m for professional printing equipment.
Consumable,C13S400077,C13S400077 DS Transfer General Purpose A3 Sheets,Epson,Accessory,Maintenance/Supply,https://www.keplertechllc.com/product/c13s400077-ds-transfer-general-purpose-a3-sheets/,https://www.keplertechllc.com/wp-content/uploads/2026/04/C13S400077.jpg,,150.0,Colour:  | Yield/Cap:  | Stock: 0,Fits 2 printers: Epson SureColor SC-F100 (epson-sc-f100); Epson SureColor SC-F500 (epson-sc-f500),Authentic C13S400077 DS Transfer General Purpose A3 Sheets for professional printing equipment.
Consumable,C13S400078,C13S400078 DS Transfer General Purpose A4 Sheets,Epson,Accessory,Maintenance/Supply,https://www.keplertechllc.com/product/c13s400078-ds-transfer-general-purpose-a4-sheets/,https://www.keplertechllc.com/wp-content/uploads/2026/04/C13S400078.jpg,,150.0,Colour:  | Yield/Cap:  | Stock: 0,Fits 2 printers: Epson SureColor SC-F100 (epson-sc-f100); Epson SureColor SC-F500 (epson-sc-f500),Authentic C13S400078 DS Transfer General Purpose A4 Sheets for professional printing equipment.
Consumable,C13S210055,C13S210055 Auto Cutter Spare Blade LFP desktop,Epson,Accessory,Maintenance/Supply,https://www.keplertechllc.com/product/c13s210055-auto-cutter-spare-blade-lfp-desktop/,https://www.keplertechllc.com/wp-content/uploads/2026/04/C13S210055.jpg,,150.0,Colour:  | Yield/Cap:  | Stock: 0,Fits 4 printers: Epson SureColor SC-T3100 (epson-sc-t3100); Epson SureColor SC-T5100 (epson-sc-t5100); Epson SureColor SC-T5100M (epson-sc-t5100m); Epson SureColor SC-F500 (epson-sc-f500),Authentic C13S210055 Auto Cutter Spare Blade LFP desktop for professional printing equipment.
Consumable,18745,C13S210057 Maintenance Box: LPF desktop,Epson,Maintenance Box,Maintenance/Supply,https://www.keplertechllc.com/product/c13s210057-epson-maintenance-box-lfp-desktop/,https://www.keplertechllc.com/wp-content/uploads/2023/08/C13S210057-Epson-Maintenance-box-LFP-Desktop.webp,,180.0,Colour:  | Yield/Cap:  | Stock: 10,Fits 0 printers: ,Genuine OEM C13S210057 Maintenance Box: LPF desktop designed for reliable printer maintenance and waste ink collection.
Consumable,C13T946240,C13T946240 Epson WF-C5290/WF-C5790 Series XXL Cyan Ink Cartridge,Epson,Ink Cartridge,Cyan,https://www.keplertechllc.com/product/c13t946140-epson-wf-c5290-wf-c5790-series-ink-cartridge-xxl-black/,https://www.keplertechllc.com/wp-content/uploads/2023/04/WF-C5290-WF-C5790-Ink-Cartridge-XXL-Black-C13T946140.webp,,380.0,Colour: Cyan | Yield/Cap:  | Stock: 10,Fits 0 printers: ,"Genuine OEM C13T946240 Epson WorkForce Pro WF-C5290 / WF-C5790 XXL Cyan Ink Cartridge (5,000 pages)."
Consumable,C13T946340,C13T946340 Epson WF-C5290/WF-C5790 Series XXL Magenta Ink Cartridge,Epson,Ink Cartridge,Magenta,https://www.keplertechllc.com/product/c13t946140-epson-wf-c5290-wf-c5790-series-ink-cartridge-xxl-black/,https://www.keplertechllc.com/wp-content/uploads/2023/04/WF-C5290-WF-C5790-Ink-Cartridge-XXL-Black-C13T946140.webp,,380.0,Colour: Magenta | Yield/Cap:  | Stock: 10,Fits 0 printers: ,"Genuine OEM C13T946340 Epson WorkForce Pro WF-C5290 / WF-C5790 XXL Magenta Ink Cartridge (5,000 pages)."
Consumable,C13T946440,C13T946440 Epson WF-C5290/WF-C5790 Series XXL Yellow Ink Cartridge,Epson,Ink Cartridge,Yellow,https://www.keplertechllc.com/product/c13t946140-epson-wf-c5290-wf-c5790-series-ink-cartridge-xxl-black/,https://www.keplertechllc.com/wp-content/uploads/2023/04/WF-C5290-WF-C5790-Ink-Cartridge-XXL-Black-C13T946140.webp,,380.0,Colour: Yellow | Yield/Cap:  | Stock: 10,Fits 0 printers: ,"Genuine OEM C13T946440 Epson WorkForce Pro WF-C5290 / WF-C5790 XXL Yellow Ink Cartridge (5,000 pages)."
