sku,name,family_code,brand,category,surface_finish,weight_gsm,format_type,size_label,width_inches,ink_compatibility,compatible_printers,product_url,image_url,price_aed
C13S042138,"C13S042138 Epson Double Weight Matte Paper Roll 64""X25M",C13S042138,Epson,photo,Matte,,roll,"64""×25m",64.0,"aqueous_pigment, aqueous_dye",epson-sc-p20500,https://www.keplertechllc.com/product/epson-double-weight-matte-paper-roll-44x25m/,https://www.keplertechllc.com/wp-content/uploads/2023/04/Doubleweight-Matte-Paper-Roll-64x25-180-GSM.webp,320.0
C13S041385,"C13S041385 Epson Double Weight Matte Paper Roll 24""x25M",C13S041385,Epson,photo,Matte,,roll,"24""×25m",24.0,"aqueous_pigment, aqueous_dye","epson-sc-p7500, epson-sc-p7500-spectro, epson-sc-p6500e, epson-sc-p6500d, epson-sc-t3100, epson-sc-t3700e, epson-sc-t3700d, epson-sc-t5100, epson-sc-t5405, epson-sc-t5700d, epson-sc-t5100m, epson-sc-t5700dm, epson-sc-p9500, epson-sc-p9500-spectro, epson-sc-p8500d, epson-sc-p8500dm, epson-sc-t7700d, epson-sc-t7700dl, epson-sc-t7700dm, epson-sc-p20500",https://www.keplertechllc.com/product/epson-double-weight-matte-paper-roll-44x25m/,https://www.keplertechllc.com/wp-content/uploads/2023/04/Doubleweight-Matte-Paper-Roll-64x25-180-GSM.webp,320.0
C13S041387,"C13S041387 Epson Double Weight Matte Paper Roll 44""x25M",C13S041387,Epson,photo,Matte,,roll,"44""×25m",44.0,"aqueous_pigment, aqueous_dye","epson-sc-p9500, epson-sc-p9500-spectro, epson-sc-p8500d, epson-sc-p8500dm, epson-sc-t7700d, epson-sc-t7700dl, epson-sc-t7700dm, epson-sc-p20500",https://www.keplertechllc.com/product/epson-double-weight-matte-paper-roll-44x25m/,https://www.keplertechllc.com/wp-content/uploads/2023/04/Doubleweight-Matte-Paper-Roll-64x25-180-GSM.webp,320.0
C13S041597,"C13S041597 Epson Enhanced Matte Paper 44""X30.5M",C13S041597,Epson,technical,Matte,,roll,"44""×30m",44.0,"aqueous_pigment, aqueous_dye","epson-sc-p9500, epson-sc-p9500-spectro, epson-sc-p8500d, epson-sc-p8500dm, epson-sc-t7700d, epson-sc-t7700dl, epson-sc-t7700dm, epson-sc-p20500",https://www.keplertechllc.com/product/c13s041597-epson-enhanced-matte-paper/,https://www.keplertechllc.com/wp-content/uploads/2023/04/Enhanced-Matte-Paper-44-Inch-x-305-m-189-GSM.webp,320.0
C13S041846,"C13S041846 Epson Premium Canvas Satin, 17''X12.2m",C13S041846,Epson,canvas,Satin,,roll,"17""×12m",17.0,"aqueous_pigment, aqueous_dye","epson-sc-p900, epson-sc-p900-roll, epson-sc-p5300, epson-sc-p7500, epson-sc-p7500-spectro, epson-sc-p6500e, epson-sc-p6500d, epson-sc-t3100, epson-sc-t3700e, epson-sc-t3700d, epson-sc-t5100, epson-sc-t5405, epson-sc-t5700d, epson-sc-t5100m, epson-sc-t5700dm, epson-sc-p9500, epson-sc-p9500-spectro, epson-sc-p8500d, epson-sc-p8500dm, epson-sc-t7700d, epson-sc-t7700dl, epson-sc-t7700dm, epson-sc-p20500",https://www.keplertechllc.com/product/c13s041846-epson-premium-canvas-satin-17/,https://www.keplertechllc.com/wp-content/uploads/2023/04/C13S041846-Epson-Canvas-Satin-17.webp,320.0
C13S045065,C13S045065 Epson Premium Canvas Satin 60''X12.2M,C13S045065,Epson,canvas,Satin,,roll,"60""×12m",60.0,"aqueous_pigment, aqueous_dye",epson-sc-p20500,https://www.keplertechllc.com/product/c13s045065-epson-premium-canvas-satin-60x12-2m-350gsm/,https://www.keplertechllc.com/wp-content/uploads/2023/04/C13S045065-Epson-Canvas-Satin-60.webp,320.0
C13S041848,"C13S041848 Epson Premium Canvas Satin, 44''X12.2M",C13S041848,Epson,canvas,Satin,,roll,"44""×12m",44.0,"aqueous_pigment, aqueous_dye","epson-sc-p9500, epson-sc-p9500-spectro, epson-sc-p8500d, epson-sc-p8500dm, epson-sc-t7700d, epson-sc-t7700dl, epson-sc-t7700dm, epson-sc-p20500",https://www.keplertechllc.com/product/c13s041848-epson-premium-canvas-satin-44x12-2m/,https://www.keplertechllc.com/wp-content/uploads/2023/04/C13S045065-Epson-Canvas-Satin-44.webp,320.0
C13S041847,C13S041847 Epson Premium Canvas Satin 24''X12.2M,C13S041847,Epson,canvas,Satin,,roll,"24""×12m",24.0,"aqueous_pigment, aqueous_dye","epson-sc-p7500, epson-sc-p7500-spectro, epson-sc-p6500e, epson-sc-p6500d, epson-sc-t3100, epson-sc-t3700e, epson-sc-t3700d, epson-sc-t5100, epson-sc-t5405, epson-sc-t5700d, epson-sc-t5100m, epson-sc-t5700dm, epson-sc-p9500, epson-sc-p9500-spectro, epson-sc-p8500d, epson-sc-p8500dm, epson-sc-t7700d, epson-sc-t7700dl, epson-sc-t7700dm, epson-sc-p20500",https://www.keplertechllc.com/product/c13s041847-epson-premium-canvas-satin-24x12-2m-350gsm/,https://www.keplertechllc.com/wp-content/uploads/2023/04/C13S041847-Epson-Canvas-Satin-24.webp,320.0
C13S041845,C13S041845 Epson Premium Canvas Satin 13''X6.1m 350gsm,C13S041845,Epson,canvas,Satin,350,roll,"13""×6m",13.0,"aqueous_pigment, aqueous_dye","epson-sc-p700, epson-sc-p900, epson-sc-p900-roll, epson-sc-p5300, epson-sc-p7500, epson-sc-p7500-spectro, epson-sc-p6500e, epson-sc-p6500d, epson-sc-t3100, epson-sc-t3700e, epson-sc-t3700d, epson-sc-t5100, epson-sc-t5405, epson-sc-t5700d, epson-sc-t5100m, epson-sc-t5700dm, epson-sc-p9500, epson-sc-p9500-spectro, epson-sc-p8500d, epson-sc-p8500dm, epson-sc-t7700d, epson-sc-t7700dl, epson-sc-t7700dm, epson-sc-p20500",https://www.keplertechllc.com/product/c13s041845-epson-premium-canvas-satin-13x6-1m-350gsm/,https://www.keplertechllc.com/wp-content/uploads/2023/04/C13S041845-Epson-Premium-Canvas-Satin-13.webp,320.0
C13S041725,"C13S041725 Epson Enhanced Matte Paper Roll, 17""x30.5 M",C13S041725,Epson,technical,Matte,,roll,"17""×30m",17.0,"aqueous_pigment, aqueous_dye","epson-sc-p900, epson-sc-p900-roll, epson-sc-p5300, epson-sc-p7500, epson-sc-p7500-spectro, epson-sc-p6500e, epson-sc-p6500d, epson-sc-t3100, epson-sc-t3700e, epson-sc-t3700d, epson-sc-t5100, epson-sc-t5405, epson-sc-t5700d, epson-sc-t5100m, epson-sc-t5700dm, epson-sc-p9500, epson-sc-p9500-spectro, epson-sc-p8500d, epson-sc-p8500dm, epson-sc-t7700d, epson-sc-t7700dl, epson-sc-t7700dm, epson-sc-p20500",https://www.keplertechllc.com/product/c13s041725-epson-enhanced-matte-paper-roll-17-x-305-m-189-gsm/,https://www.keplertechllc.com/wp-content/uploads/2023/04/Epson-Enhanced-Matte-Paper-Roll.webp,320.0
C13S041595,"C13S041595 Epson Enhanced Matte Paper Roll 24""x30.5M",C13S041595,Epson,technical,Matte,,roll,"24""×30m",24.0,"aqueous_pigment, aqueous_dye","epson-sc-p7500, epson-sc-p7500-spectro, epson-sc-p6500e, epson-sc-p6500d, epson-sc-t3100, epson-sc-t3700e, epson-sc-t3700d, epson-sc-t5100, epson-sc-t5405, epson-sc-t5700d, epson-sc-t5100m, epson-sc-t5700dm, epson-sc-p9500, epson-sc-p9500-spectro, epson-sc-p8500d, epson-sc-p8500dm, epson-sc-t7700d, epson-sc-t7700dl, epson-sc-t7700dm, epson-sc-p20500",https://www.keplertechllc.com/product/c13s041595-epson-enhanced-matte-paper-roll/,https://www.keplertechllc.com/wp-content/uploads/2023/04/Epson-Enhanced-Matte-Paper-Roll.webp,320.0
C13S042135,"C13S042135 Epson Enhanced Matte Paper Roll 64""x30.5M",C13S042135,Epson,technical,Matte,,roll,"64""×30m",64.0,"aqueous_pigment, aqueous_dye",epson-sc-p20500,https://www.keplertechllc.com/product/c13s042135-epson-enhanced-matte-paper-roll/,https://www.keplertechllc.com/wp-content/uploads/2023/04/Epson-Enhanced-Matte-Paper-Roll.webp,320.0
C13S041785,C13S041785 Epson Premium Luster Photo Paper DIN A3+,EPSON-PREMIUM-LUSTER,Epson,photo,Lustre,,sheet,A3+,13.0,"aqueous_pigment, aqueous_dye","epson-sc-p700, epson-sc-p900, epson-sc-p5300",https://www.keplertechllc.com/product/c13s041785-epson-premium-luster-photo-paper-din-a3/,https://www.keplertechllc.com/wp-content/uploads/2023/04/C13S041785-Epson-Premium-Luster-Photo-A3.webp,320.0
C13S041784,C13S041784 Epson Premium Luster Photo Paper DIN A4,EPSON-PREMIUM-LUSTER,Epson,photo,Lustre,,sheet,A4,8.3,"aqueous_pigment, aqueous_dye","epson-sc-p700, epson-sc-p900, epson-sc-p5300",https://www.keplertechllc.com/product/c13s041784-epson-premium-luster-photo-paper-din-a4-sheets/,https://www.keplertechllc.com/wp-content/uploads/2023/04/C13S041785-Epson-Premium-Luster-Photo-A3.webp,320.0
C13S042123,C13S042123 Epson Premium Luster Photo Paper DIN A2,EPSON-PREMIUM-LUSTER,Epson,photo,Lustre,,sheet,A2,16.5,"aqueous_pigment, aqueous_dye","epson-sc-p700, epson-sc-p900, epson-sc-p5300",https://www.keplertechllc.com/product/c13s042123-epson-premium-luster-photo-paper-din-a2/,https://www.keplertechllc.com/wp-content/uploads/2023/04/C13S042123-Epson-Premium-Luster-Photo-A2.webp,320.0
C13S041263,C13S041263 Epson Premium Presentation Paper Matte 13''x 19'',C13S041263,Epson,photo,Matte,,roll,"13""×19m",13.0,"aqueous_pigment, aqueous_dye","epson-sc-p700, epson-sc-p900, epson-sc-p900-roll, epson-sc-p5300, epson-sc-p7500, epson-sc-p7500-spectro, epson-sc-p6500e, epson-sc-p6500d, epson-sc-t3100, epson-sc-t3700e, epson-sc-t3700d, epson-sc-t5100, epson-sc-t5405, epson-sc-t5700d, epson-sc-t5100m, epson-sc-t5700dm, epson-sc-p9500, epson-sc-p9500-spectro, epson-sc-p8500d, epson-sc-p8500dm, epson-sc-t7700d, epson-sc-t7700dl, epson-sc-t7700dm, epson-sc-p20500",https://www.keplertechllc.com/product/c13s041263-epson-premium-presentation-paper-matte-13x19/,https://www.keplertechllc.com/wp-content/uploads/2023/05/Epson-Premium-Presentation-Paper-Matte.webp,320.0
C13S041257,"C13S041257 Epson Premium Presentation Paper Matte 8.5"" x 11""",C13S041257,Epson,photo,Matte,,roll,"5""×11m",5.0,"aqueous_pigment, aqueous_dye","epson-sc-p700, epson-sc-p900, epson-sc-p900-roll, epson-sc-p5300, epson-sc-p7500, epson-sc-p7500-spectro, epson-sc-p6500e, epson-sc-p6500d, epson-sc-t3100, epson-sc-t3700e, epson-sc-t3700d, epson-sc-t5100, epson-sc-t5405, epson-sc-t5700d, epson-sc-t5100m, epson-sc-t5700dm, epson-sc-p9500, epson-sc-p9500-spectro, epson-sc-p8500d, epson-sc-p8500dm, epson-sc-t7700d, epson-sc-t7700dl, epson-sc-t7700dm, epson-sc-p20500",https://www.keplertechllc.com/product/c13s041257-epson-premium-presentation-paper-matte-8-5-x-11/,https://www.keplertechllc.com/wp-content/uploads/2023/05/Epson-Premium-Presentation-Paper-Matte.webp,320.0
C13S041260,"C13S041260 Epson Premium Presentation Paper Matte 11.7""x16.5""",C13S041260,Epson,photo,Matte,,roll,"7""×16m",7.0,"aqueous_pigment, aqueous_dye","epson-sc-p700, epson-sc-p900, epson-sc-p900-roll, epson-sc-p5300, epson-sc-p7500, epson-sc-p7500-spectro, epson-sc-p6500e, epson-sc-p6500d, epson-sc-t3100, epson-sc-t3700e, epson-sc-t3700d, epson-sc-t5100, epson-sc-t5405, epson-sc-t5700d, epson-sc-t5100m, epson-sc-t5700dm, epson-sc-p9500, epson-sc-p9500-spectro, epson-sc-p8500d, epson-sc-p8500dm, epson-sc-t7700d, epson-sc-t7700dl, epson-sc-t7700dm, epson-sc-p20500",https://www.keplertechllc.com/product/c13s041260-epson-premium-presentation-paper-matte/,https://www.keplertechllc.com/wp-content/uploads/2023/05/Epson-Premium-Presentation-Paper-Matte.webp,320.0
C13S041467,"C13S041467 Epson Premium Presentation Paper Matte 8""x10""",C13S041467,Epson,photo,Matte,,roll,"8""×10m",8.0,"aqueous_pigment, aqueous_dye","epson-sc-p700, epson-sc-p900, epson-sc-p900-roll, epson-sc-p5300, epson-sc-p7500, epson-sc-p7500-spectro, epson-sc-p6500e, epson-sc-p6500d, epson-sc-t3100, epson-sc-t3700e, epson-sc-t3700d, epson-sc-t5100, epson-sc-t5405, epson-sc-t5700d, epson-sc-t5100m, epson-sc-t5700dm, epson-sc-p9500, epson-sc-p9500-spectro, epson-sc-p8500d, epson-sc-p8500dm, epson-sc-t7700d, epson-sc-t7700dl, epson-sc-t7700dm, epson-sc-p20500",https://www.keplertechllc.com/product/c13s041467-epson-premium-presentation-paper-matte-8-x-10/,https://www.keplertechllc.com/wp-content/uploads/2023/05/Epson-Premium-Presentation-Paper-Matte.webp,320.0
C13S041468,"C13S041468 Epson Premium Presentation Paper Matte 11""X14""",C13S041468,Epson,photo,Matte,,roll,"11""×14m",11.0,"aqueous_pigment, aqueous_dye","epson-sc-p700, epson-sc-p900, epson-sc-p900-roll, epson-sc-p5300, epson-sc-p7500, epson-sc-p7500-spectro, epson-sc-p6500e, epson-sc-p6500d, epson-sc-t3100, epson-sc-t3700e, epson-sc-t3700d, epson-sc-t5100, epson-sc-t5405, epson-sc-t5700d, epson-sc-t5100m, epson-sc-t5700dm, epson-sc-p9500, epson-sc-p9500-spectro, epson-sc-p8500d, epson-sc-p8500dm, epson-sc-t7700d, epson-sc-t7700dl, epson-sc-t7700dm, epson-sc-p20500",https://www.keplertechllc.com/product/c13s041468-epson-premium-presentation-paper-matte/,https://www.keplertechllc.com/wp-content/uploads/2023/05/Epson-Premium-Presentation-Paper-Matte.webp,320.0
C13S042180,C13S042180 Epson Premium Presentation Paper Matte,C13S042180,Epson,photo,Matte,,roll,,,"aqueous_pigment, aqueous_dye",,https://www.keplertechllc.com/product/c13s041568-epson-premium-presentation-paper-matte/,https://www.keplertechllc.com/wp-content/uploads/2023/05/Epson-Premium-Presentation-Paper-Matte.webp,320.0
C13S041568,C13S041568 Epson Premium Presentation Paper Matte,C13S041568,Epson,photo,Matte,,roll,,,"aqueous_pigment, aqueous_dye",,https://www.keplertechllc.com/product/c13s041568-epson-premium-presentation-paper-matte/,https://www.keplertechllc.com/wp-content/uploads/2023/05/Epson-Premium-Presentation-Paper-Matte.webp,320.0
C13S041220,"C13S041220 Epson Presentation Matte Paper Roll, 44""x25M",C13S041220,Epson,photo,Matte,,roll,"44""×25m",44.0,"aqueous_pigment, aqueous_dye","epson-sc-p9500, epson-sc-p9500-spectro, epson-sc-p8500d, epson-sc-p8500dm, epson-sc-t7700d, epson-sc-t7700dl, epson-sc-t7700dm, epson-sc-p20500",https://www.keplertechllc.com/product/c13s041220-epson-presentation-matte-paper-roll-44x25/,https://www.keplertechllc.com/wp-content/uploads/2023/05/Epson-Presentation-Matte-Paper-Roll.webp,320.0
C13S041295,"C13S041295 Epson Presentation Matte Paper Roll 24""x25M",C13S041295,Epson,photo,Matte,,roll,"24""×25m",24.0,"aqueous_pigment, aqueous_dye","epson-sc-p7500, epson-sc-p7500-spectro, epson-sc-p6500e, epson-sc-p6500d, epson-sc-t3100, epson-sc-t3700e, epson-sc-t3700d, epson-sc-t5100, epson-sc-t5405, epson-sc-t5700d, epson-sc-t5100m, epson-sc-t5700dm, epson-sc-p9500, epson-sc-p9500-spectro, epson-sc-p8500d, epson-sc-p8500dm, epson-sc-t7700d, epson-sc-t7700dl, epson-sc-t7700dm, epson-sc-p20500",https://www.keplertechllc.com/product/c13s041295-epson-presentation-matte-paper-roll-24x25/,https://www.keplertechllc.com/wp-content/uploads/2023/05/Epson-Presentation-Matte-Paper-Roll.webp,320.0
C13S041332,"C13S041332 Epson Premium Semigloss Photo Paper, DIN A4",C13S041332,Epson,photo,Glossy,,sheet,A4,8.3,"aqueous_pigment, aqueous_dye","epson-sc-p700, epson-sc-p900, epson-sc-p5300",https://www.keplertechllc.com/product/c13s041332-epson-premium-semigloss-photo-paper-din-a4-251gsm-20-sheets/,https://www.keplertechllc.com/wp-content/uploads/2023/05/C13S041332-Epson-Premium-Semigloss-Photo-Paper-DIN-A4.webp,320.0
C13S041328,"C13S041328 Epson Premium Semigloss Photo Paper, DIN A3+",C13S041328,Epson,photo,Glossy,,sheet,A3+,13.0,"aqueous_pigment, aqueous_dye","epson-sc-p700, epson-sc-p900, epson-sc-p5300",https://www.keplertechllc.com/product/c13s041328-epson-premium-semigloss-photo-paper-din-a3/,https://www.keplertechllc.com/wp-content/uploads/2023/05/C13S041328-Epson-Premium-Semigloss-Photo-Paper-DIN-A3.webp,320.0
C13S041334,C13S041334 Epson Premium Semigloss Photo Paper DIN A3,C13S041334,Epson,photo,Glossy,,sheet,A3,11.7,"aqueous_pigment, aqueous_dye","epson-sc-p700, epson-sc-p900, epson-sc-p5300",https://www.keplertechllc.com/product/c13s041334-epson-premium-semigloss-photo-paper-din-a3-250-gsm-20-sheets/,https://www.keplertechllc.com/wp-content/uploads/2023/05/C13S041334-Epson-Premium-Semigloss-Photo-Paper-DIN-A3.webp,320.0
C13S041765,C13S041765 Epson Premium Semi-Gloss Photo Paper 10x15cm,C13S041765,Epson,photo,Glossy,,roll,,,"aqueous_pigment, aqueous_dye",,https://www.keplertechllc.com/product/c13s041765-epson-premium-semi-gloss-photo-paper-10x15cm-50-sheets/,https://www.keplertechllc.com/wp-content/uploads/2023/05/C13S041765-Epson-Premium-Semi-Gloss-Photo-Paper-10x15cm-.webp,320.0
C13S042093,C13S042093 Epson Premium SemiGloss Photo Paper DIN A2,C13S042093,Epson,photo,Glossy,,sheet,A2,16.5,"aqueous_pigment, aqueous_dye","epson-sc-p700, epson-sc-p900, epson-sc-p5300",https://www.keplertechllc.com/product/c13s042093-epson-premium-semigloss-photo-paper-din-a2/,https://www.keplertechllc.com/wp-content/uploads/2023/05/C13S041765-Epson-Premium-Semigloss-Photo-Paper-DIN-A2.webp,320.0
C13S042152,C13S042152 Epson Premium Semimatte 44'' Photo Paper Roll,C13S042152,Epson,photo,Matte,,roll,44″ Roll,44.0,"aqueous_pigment, aqueous_dye","epson-sc-p9500, epson-sc-p9500-spectro, epson-sc-p8500d, epson-sc-p8500dm, epson-sc-t7700d, epson-sc-t7700dl, epson-sc-t7700dm, epson-sc-p20500",https://www.keplertechllc.com/product/c13s042152-epson-premium-semimatte-photo-paper-roll-44x30/,https://www.keplertechllc.com/wp-content/uploads/2023/05/C13S042152-Epson-Premium-Semimatte-44-Photo-Paper-Roll.webp,320.0
C13S042149,C13S042149 Epson Premium Semimatte 16'' Photo Paper,C13S042149,Epson,photo,Matte,,roll,6″ Roll,6.0,"aqueous_pigment, aqueous_dye","epson-sc-p700, epson-sc-p900, epson-sc-p900-roll, epson-sc-p5300, epson-sc-p7500, epson-sc-p7500-spectro, epson-sc-p6500e, epson-sc-p6500d, epson-sc-t3100, epson-sc-t3700e, epson-sc-t3700d, epson-sc-t5100, epson-sc-t5405, epson-sc-t5700d, epson-sc-t5100m, epson-sc-t5700dm, epson-sc-p9500, epson-sc-p9500-spectro, epson-sc-p8500d, epson-sc-p8500dm, epson-sc-t7700d, epson-sc-t7700dl, epson-sc-t7700dm, epson-sc-p20500",https://www.keplertechllc.com/product/c13s042149-epson-premium-semimatte-photo-paper-roll-16x30-5m-260gsm/,https://www.keplertechllc.com/wp-content/uploads/2023/05/C13S042149-Epson-Premium-Semimatte-16-Photo-Paper-Roll.webp,320.0
C13S042150,C13S042150 Epson Premium Semimatte 24'' Photo Paper Roll,C13S042150,Epson,photo,Matte,,roll,24″ Roll,24.0,"aqueous_pigment, aqueous_dye","epson-sc-p7500, epson-sc-p7500-spectro, epson-sc-p6500e, epson-sc-p6500d, epson-sc-t3100, epson-sc-t3700e, epson-sc-t3700d, epson-sc-t5100, epson-sc-t5405, epson-sc-t5700d, epson-sc-t5100m, epson-sc-t5700dm, epson-sc-p9500, epson-sc-p9500-spectro, epson-sc-p8500d, epson-sc-p8500dm, epson-sc-t7700d, epson-sc-t7700dl, epson-sc-t7700dm, epson-sc-p20500",https://www.keplertechllc.com/product/c13s042150-epson-semimatte-photo-paper-roll-24/,https://www.keplertechllc.com/wp-content/uploads/2023/05/C13S042149-Epson-Premium-Semimatte-16-Photo-Paper-Roll.webp,320.0
C13S045083,"C13S045083 Epson Matte Backlit Film 24""x30.5M",C13S045083,Epson,technical,Matte,,roll,"24""×30m",24.0,"aqueous_pigment, aqueous_dye","epson-sc-p7500, epson-sc-p7500-spectro, epson-sc-p6500e, epson-sc-p6500d, epson-sc-t3100, epson-sc-t3700e, epson-sc-t3700d, epson-sc-t5100, epson-sc-t5405, epson-sc-t5700d, epson-sc-t5100m, epson-sc-t5700dm, epson-sc-p9500, epson-sc-p9500-spectro, epson-sc-p8500d, epson-sc-p8500dm, epson-sc-t7700d, epson-sc-t7700dl, epson-sc-t7700dm, epson-sc-p20500",https://www.keplertechllc.com/product/c13s045083-epson-matte-backlit-film-24x30-5/,https://www.keplertechllc.com/wp-content/uploads/2023/05/C13S045083-Epson-Matte-Backlit-Film-24-Inch-44-inch.webp,320.0
C13S045084,"C13S045084 Epson Matte Backlit Film 44""x30.5M",C13S045084,Epson,technical,Matte,,roll,"44""×30m",44.0,"aqueous_pigment, aqueous_dye","epson-sc-p9500, epson-sc-p9500-spectro, epson-sc-p8500d, epson-sc-p8500dm, epson-sc-t7700d, epson-sc-t7700dl, epson-sc-t7700dm, epson-sc-p20500",https://www.keplertechllc.com/product/c13s045084-epson-matte-backlit-film-44x30-5m/,https://www.keplertechllc.com/wp-content/uploads/2023/05/C13S045083-Epson-Matte-Backlit-Film-24-Inch-44-inch.webp,320.0
S041746,S041746 Epson Singleweight 17'' Matte Paper,S041746,Epson,photo,Matte,,roll,17″ Roll,17.0,"aqueous_pigment, aqueous_dye","epson-sc-p900, epson-sc-p900-roll, epson-sc-p5300, epson-sc-p7500, epson-sc-p7500-spectro, epson-sc-p6500e, epson-sc-p6500d, epson-sc-t3100, epson-sc-t3700e, epson-sc-t3700d, epson-sc-t5100, epson-sc-t5405, epson-sc-t5700d, epson-sc-t5100m, epson-sc-t5700dm, epson-sc-p9500, epson-sc-p9500-spectro, epson-sc-p8500d, epson-sc-p8500dm, epson-sc-t7700d, epson-sc-t7700dl, epson-sc-t7700dm, epson-sc-p20500",https://www.keplertechllc.com/product/s041746-epson-singleweight-17-inch-matte-paper/,https://www.keplertechllc.com/wp-content/uploads/2023/05/Epson-Singleweight-Matte-Paper.webp,320.0
C13S041853,C13S041853 Epson Singleweight 24'' Matte Paper,C13S041853,Epson,photo,Matte,,roll,24″ Roll,24.0,"aqueous_pigment, aqueous_dye","epson-sc-p7500, epson-sc-p7500-spectro, epson-sc-p6500e, epson-sc-p6500d, epson-sc-t3100, epson-sc-t3700e, epson-sc-t3700d, epson-sc-t5100, epson-sc-t5405, epson-sc-t5700d, epson-sc-t5100m, epson-sc-t5700dm, epson-sc-p9500, epson-sc-p9500-spectro, epson-sc-p8500d, epson-sc-p8500dm, epson-sc-t7700d, epson-sc-t7700dl, epson-sc-t7700dm, epson-sc-p20500",https://www.keplertechllc.com/product/s041855-epson-singleweight-26-inch-matte-paper/,https://www.keplertechllc.com/wp-content/uploads/2023/05/Epson-Singleweight-Matte-Paper.webp,320.0
C13S041855,C13S041855 Epson Singleweight 44'' Matte Paper,C13S041855,Epson,photo,Matte,,roll,44″ Roll,44.0,"aqueous_pigment, aqueous_dye","epson-sc-p9500, epson-sc-p9500-spectro, epson-sc-p8500d, epson-sc-p8500dm, epson-sc-t7700d, epson-sc-t7700dl, epson-sc-t7700dm, epson-sc-p20500",https://www.keplertechllc.com/product/s041854-epson-singleweight-44-inch-matte-paper/,https://www.keplertechllc.com/wp-content/uploads/2023/05/Epson-Singleweight-Matte-Paper.webp,320.0
S041854,S041854 Epson Singleweight 36'' Matte Paper,S041854,Epson,photo,Matte,,roll,36″ Roll,36.0,"aqueous_pigment, aqueous_dye","epson-sc-t5100, epson-sc-t5405, epson-sc-t5700d, epson-sc-t5100m, epson-sc-t5700dm, epson-sc-p9500, epson-sc-p9500-spectro, epson-sc-p8500d, epson-sc-p8500dm, epson-sc-t7700d, epson-sc-t7700dl, epson-sc-t7700dm, epson-sc-p20500",https://www.keplertechllc.com/product/s041854-epson-singleweight-44-inch-matte-paper/,https://www.keplertechllc.com/wp-content/uploads/2023/05/Epson-Singleweight-Matte-Paper.webp,320.0
C13S045151,"C13S045151 Epson Crystal Clear Film 17""x30.5M",C13S045151,Epson,technical,Matte,,roll,"17""×30m",17.0,"aqueous_pigment, aqueous_dye","epson-sc-p900, epson-sc-p900-roll, epson-sc-p5300, epson-sc-p7500, epson-sc-p7500-spectro, epson-sc-p6500e, epson-sc-p6500d, epson-sc-t3100, epson-sc-t3700e, epson-sc-t3700d, epson-sc-t5100, epson-sc-t5405, epson-sc-t5700d, epson-sc-t5100m, epson-sc-t5700dm, epson-sc-p9500, epson-sc-p9500-spectro, epson-sc-p8500d, epson-sc-p8500dm, epson-sc-t7700d, epson-sc-t7700dl, epson-sc-t7700dm, epson-sc-p20500",https://www.keplertechllc.com/product/c13s045151-epson-crystal-clear-film-17x30-5m/,https://www.keplertechllc.com/wp-content/uploads/2023/05/Epson-Crystal-Clear-Film-Roll.webp,320.0
C13S042372,"C13S042372 Epson ClearProof® Film 24""x30.5M",C13S042372,Epson,technical,Matte,,roll,"24""×30m",24.0,"aqueous_pigment, aqueous_dye","epson-sc-p7500, epson-sc-p7500-spectro, epson-sc-p6500e, epson-sc-p6500d, epson-sc-t3100, epson-sc-t3700e, epson-sc-t3700d, epson-sc-t5100, epson-sc-t5405, epson-sc-t5700d, epson-sc-t5100m, epson-sc-t5700dm, epson-sc-p9500, epson-sc-p9500-spectro, epson-sc-p8500d, epson-sc-p8500dm, epson-sc-t7700d, epson-sc-t7700dl, epson-sc-t7700dm, epson-sc-p20500",https://www.keplertechllc.com/product/c13s042372-epson-clearproof-film-24x30-5m/,https://www.keplertechllc.com/wp-content/uploads/2023/05/Epson-Crystal-Clear-Film-Roll-1.webp,320.0
C13S045152,"C13S045152 Epson Crystal Clear Film 24""x30.5M",C13S045152,Epson,technical,Matte,,roll,"24""×30m",24.0,"aqueous_pigment, aqueous_dye","epson-sc-p7500, epson-sc-p7500-spectro, epson-sc-p6500e, epson-sc-p6500d, epson-sc-t3100, epson-sc-t3700e, epson-sc-t3700d, epson-sc-t5100, epson-sc-t5405, epson-sc-t5700d, epson-sc-t5100m, epson-sc-t5700dm, epson-sc-p9500, epson-sc-p9500-spectro, epson-sc-p8500d, epson-sc-p8500dm, epson-sc-t7700d, epson-sc-t7700dl, epson-sc-t7700dm, epson-sc-p20500",https://www.keplertechllc.com/product/c13s045152-epson-crystal-clear-film-24x30-5m/,https://www.keplertechllc.com/wp-content/uploads/2023/05/Epson-Crystal-Clear-Film-Roll.webp,320.0
C13S042377,"C13S042377 Epson MetallicProof® Film 24""x30.5M",C13S042377,Epson,photo,Matte,,roll,"24""×30m",24.0,"aqueous_pigment, aqueous_dye","epson-sc-p7500, epson-sc-p7500-spectro, epson-sc-p6500e, epson-sc-p6500d, epson-sc-t3100, epson-sc-t3700e, epson-sc-t3700d, epson-sc-t5100, epson-sc-t5405, epson-sc-t5700d, epson-sc-t5100m, epson-sc-t5700dm, epson-sc-p9500, epson-sc-p9500-spectro, epson-sc-p8500d, epson-sc-p8500dm, epson-sc-t7700d, epson-sc-t7700dl, epson-sc-t7700dm, epson-sc-p20500",https://www.keplertechllc.com/product/c13s042377-epson-metallicproof-film-24x30-5m/,https://www.keplertechllc.com/wp-content/uploads/2023/05/Epson-Crystal-Clear-Film-Roll-2.webp,320.0
C13S042408,"C13S042408 Epson ClearProof® Thin Film 24""x30.5M",C13S042408,Epson,technical,Matte,,roll,"24""×30m",24.0,"aqueous_pigment, aqueous_dye","epson-sc-p7500, epson-sc-p7500-spectro, epson-sc-p6500e, epson-sc-p6500d, epson-sc-t3100, epson-sc-t3700e, epson-sc-t3700d, epson-sc-t5100, epson-sc-t5405, epson-sc-t5700d, epson-sc-t5100m, epson-sc-t5700dm, epson-sc-p9500, epson-sc-p9500-spectro, epson-sc-p8500d, epson-sc-p8500dm, epson-sc-t7700d, epson-sc-t7700dl, epson-sc-t7700dm, epson-sc-p20500",https://www.keplertechllc.com/product/c13s042408-epson-clearproof-thin-film-24x30-5m/,https://www.keplertechllc.com/wp-content/uploads/2023/05/Epson-Crystal-Clear-Film-Roll-1.webp,320.0
C13S042016,"C13S042016 Epson WaterResistant Matte Canvas Roll 44""x12.2M",C13S042016,Epson,canvas,Matte Canvas,,roll,"44""×12m",44.0,"aqueous_pigment, aqueous_dye","epson-sc-p9500, epson-sc-p9500-spectro, epson-sc-p8500d, epson-sc-p8500dm, epson-sc-t7700d, epson-sc-t7700dl, epson-sc-t7700dm, epson-sc-p20500",https://www.keplertechllc.com/product/c13s042016-epson-waterresistant-matte-canvas-roll/,https://www.keplertechllc.com/wp-content/uploads/2023/05/C13S042016-Epson-WaterResistant-Matte-Canvas-Roll-.webp,320.0
C13S042013,"C13S042013 Epson WaterResistant Matte Canvas Roll 17""x12.2M",C13S042013,Epson,canvas,Matte Canvas,,roll,"17""×12m",17.0,"aqueous_pigment, aqueous_dye","epson-sc-p900, epson-sc-p900-roll, epson-sc-p5300, epson-sc-p7500, epson-sc-p7500-spectro, epson-sc-p6500e, epson-sc-p6500d, epson-sc-t3100, epson-sc-t3700e, epson-sc-t3700d, epson-sc-t5100, epson-sc-t5405, epson-sc-t5700d, epson-sc-t5100m, epson-sc-t5700dm, epson-sc-p9500, epson-sc-p9500-spectro, epson-sc-p8500d, epson-sc-p8500dm, epson-sc-t7700d, epson-sc-t7700dl, epson-sc-t7700dm, epson-sc-p20500",https://www.keplertechllc.com/product/c13s042013-epson-waterresistant-matte-canvas-roll/,https://www.keplertechllc.com/wp-content/uploads/2023/05/C13S042013-Epson-WaterResistant-Matte-Canvas-Roll.webp,320.0
C13S042014,"C13S042014 Epson WaterResistant Matte Canvas Roll 24""x12.2 M",C13S042014,Epson,canvas,Matte Canvas,,roll,"24""×12m",24.0,"aqueous_pigment, aqueous_dye","epson-sc-p7500, epson-sc-p7500-spectro, epson-sc-p6500e, epson-sc-p6500d, epson-sc-t3100, epson-sc-t3700e, epson-sc-t3700d, epson-sc-t5100, epson-sc-t5405, epson-sc-t5700d, epson-sc-t5100m, epson-sc-t5700dm, epson-sc-p9500, epson-sc-p9500-spectro, epson-sc-p8500d, epson-sc-p8500dm, epson-sc-t7700d, epson-sc-t7700dl, epson-sc-t7700dm, epson-sc-p20500",https://www.keplertechllc.com/product/c13s042014-epson-waterresistant-matte-canvas-roll/,https://www.keplertechllc.com/wp-content/uploads/2023/05/C13S042014-Epson-WaterResistant-Matte-Canvas-Roll.webp,320.0
C13S045064,"C13S045064 Epson WaterResistant Matte Canvas Roll 60""x12.2M",C13S045064,Epson,canvas,Matte Canvas,,roll,"60""×12m",60.0,"aqueous_pigment, aqueous_dye",epson-sc-p20500,https://www.keplertechllc.com/product/c13s045064-epson-waterresistant-matte-canvas-60-roll/,https://www.keplertechllc.com/wp-content/uploads/2023/05/C13S045064-Epson-WaterResistant-Matte-Canvas-Roll.webp,320.0
C13S041624,C13S041624 Epson Premium Glossy Photo Paper A4,C13S041624,Epson,photo,Glossy,,roll,,,"aqueous_pigment, aqueous_dye",,https://www.keplertechllc.com/product/c13s041624-epson-premium-glossy-photo-paper-a4/,https://www.keplertechllc.com/wp-content/uploads/2023/05/C13S041624-Epson-Premium-Glossy-Photo-Paper-A4.webp,320.0
C13S041287,C13S041287 Epson Premium Glossy Photo Paper A4,C13S041287,Epson,photo,Glossy,,roll,,,"aqueous_pigment, aqueous_dye",,https://www.keplertechllc.com/product/c13s041287-epson-premium-glossy-photo-paper-a4/,https://www.keplertechllc.com/wp-content/uploads/2023/05/C13S041287-Epson-Premium-Glossy-Photo-Paper-A4.webp,320.0
C13S041315,C13S041315 Epson Premium Glossy Photo Paper DIN A3,C13S041315,Epson,photo,Glossy,,sheet,A3,11.7,"aqueous_pigment, aqueous_dye","epson-sc-p700, epson-sc-p900, epson-sc-p5300",https://www.keplertechllc.com/product/c13s041316-epson-premium-glossy-photo-paper-din-a3/,https://www.keplertechllc.com/wp-content/uploads/2023/05/C13S041315-Epson-Premium-Glossy-Photo-Paper-DIN-A3.webp,320.0
C13S041316,C13S041316 Epson Premium Glossy Photo Paper DIN A3+,C13S041316,Epson,photo,Glossy,,sheet,A3+,13.0,"aqueous_pigment, aqueous_dye","epson-sc-p700, epson-sc-p900, epson-sc-p5300",https://www.keplertechllc.com/product/c13s041316-epson-premium-glossy-photo-paper-din-a3/,https://www.keplertechllc.com/wp-content/uploads/2023/05/C13S041315-Epson-Premium-Glossy-Photo-Paper-DIN-A3.webp,320.0
C13S041729,C13S041729 Epson Premium Glossy Photo Paper 10x15cm,C13S041729,Epson,photo,Glossy,,roll,,,"aqueous_pigment, aqueous_dye",,https://www.keplertechllc.com/product/c13s041729-epson-premium-glossy-photo-paper-10x15cm/,https://www.keplertechllc.com/wp-content/uploads/2023/05/C13S041729-Epson-Premium-Glossy-Photo-Paper-10x15cm.webp,320.0
C13S041706,C13S041706 Epson Premium Glossy Photo Paper 10x15cm,C13S041706,Epson,photo,Glossy,,roll,,,"aqueous_pigment, aqueous_dye",,https://www.keplertechllc.com/product/c13s041706-epson-premium-glossy-photo-paper-10x15cm/,https://www.keplertechllc.com/wp-content/uploads/2023/05/C13S041706-Epson-Premium-Glossy-Photo-Paper-10x15cm.webp,320.0
C13S041875,C13S041875 Epson Premium Glossy Photo Paper 13x18cm,C13S041875,Epson,photo,Glossy,,roll,,,"aqueous_pigment, aqueous_dye",,https://www.keplertechllc.com/product/c13s041875-epson-premium-glossy-photo-paper-13x18cm/,https://www.keplertechllc.com/wp-content/uploads/2023/05/C13S041875-Epson-Premium-Glossy-Photo-Paper-13x18cm.webp,320.0
C13S042091,C13S042091 Epson Premium Glossy Photo Paper DIN A2,C13S042091,Epson,photo,Glossy,,sheet,A2,16.5,"aqueous_pigment, aqueous_dye","epson-sc-p700, epson-sc-p900, epson-sc-p5300",https://www.keplertechllc.com/product/c13s042091-epson-premium-glossy-photo-paper-din-a2/,https://www.keplertechllc.com/wp-content/uploads/2023/05/C13S042091-Epson-Premium-Glossy-Photo-Paper-DIN-A2.webp,320.0
C13S042079,"C13S042079 Epson Premium Luster Photo Paper 16""x30.5 M",EPSON-PREMIUM-LUSTER,Epson,photo,Lustre,,roll,"16""×30m",16.0,"aqueous_pigment, aqueous_dye","epson-sc-p900, epson-sc-p900-roll, epson-sc-p5300, epson-sc-p7500, epson-sc-p7500-spectro, epson-sc-p6500e, epson-sc-p6500d, epson-sc-t3100, epson-sc-t3700e, epson-sc-t3700d, epson-sc-t5100, epson-sc-t5405, epson-sc-t5700d, epson-sc-t5100m, epson-sc-t5700dm, epson-sc-p9500, epson-sc-p9500-spectro, epson-sc-p8500d, epson-sc-p8500dm, epson-sc-t7700d, epson-sc-t7700dl, epson-sc-t7700dm, epson-sc-p20500",https://www.keplertechllc.com/product/c13s042079-epson-premium-luster-16-photo-paper/,https://www.keplertechllc.com/wp-content/uploads/2023/05/Epson-Premium-Luster-Photo-Paper-Roll.webp,320.0
C13S042081,"C13S042081 Epson Premium Luster Photo Paper 24""x30.5M",EPSON-PREMIUM-LUSTER,Epson,photo,Lustre,,roll,"24""×30m",24.0,"aqueous_pigment, aqueous_dye","epson-sc-p7500, epson-sc-p7500-spectro, epson-sc-p6500e, epson-sc-p6500d, epson-sc-t3100, epson-sc-t3700e, epson-sc-t3700d, epson-sc-t5100, epson-sc-t5405, epson-sc-t5700d, epson-sc-t5100m, epson-sc-t5700dm, epson-sc-p9500, epson-sc-p9500-spectro, epson-sc-p8500d, epson-sc-p8500dm, epson-sc-t7700d, epson-sc-t7700dl, epson-sc-t7700dm, epson-sc-p20500",https://www.keplertechllc.com/product/c13s042081-epson-premium-luster-24-photo-paper/,https://www.keplertechllc.com/wp-content/uploads/2023/05/Epson-Premium-Luster-Photo-Paper-Roll.webp,320.0
C13S042083,"C13S042083 Epson Premium Luster Photo Paper 44""x30.5M",EPSON-PREMIUM-LUSTER,Epson,photo,Lustre,,roll,"44""×30m",44.0,"aqueous_pigment, aqueous_dye","epson-sc-p9500, epson-sc-p9500-spectro, epson-sc-p8500d, epson-sc-p8500dm, epson-sc-t7700d, epson-sc-t7700dl, epson-sc-t7700dm, epson-sc-p20500",https://www.keplertechllc.com/product/c13s042083-epson-premium-luster-44-photo-paper/,https://www.keplertechllc.com/wp-content/uploads/2023/05/Epson-Premium-Luster-Photo-Paper-Roll.webp,320.0
C13S042078,C13S042078 Epson Premium Luster Photo Paper 30''x30.5M,EPSON-PREMIUM-LUSTER,Epson,photo,Lustre,,roll,"30""×30m",30.0,"aqueous_pigment, aqueous_dye","epson-sc-t5100, epson-sc-t5405, epson-sc-t5700d, epson-sc-t5100m, epson-sc-t5700dm, epson-sc-p9500, epson-sc-p9500-spectro, epson-sc-p8500d, epson-sc-p8500dm, epson-sc-t7700d, epson-sc-t7700dl, epson-sc-t7700dm, epson-sc-p20500",https://www.keplertechllc.com/product/c13s042078-epson-premium-luster-30-photo-paper/,https://www.keplertechllc.com/wp-content/uploads/2023/05/Epson-Premium-Luster-Photo-Paper-Roll.webp,320.0
C13S042080,"C13S042080 Epson Premium Luster Photo Paper 20""x30.5M",EPSON-PREMIUM-LUSTER,Epson,photo,Lustre,,roll,"20""×30m",20.0,"aqueous_pigment, aqueous_dye","epson-sc-p7500, epson-sc-p7500-spectro, epson-sc-p6500e, epson-sc-p6500d, epson-sc-t3100, epson-sc-t3700e, epson-sc-t3700d, epson-sc-t5100, epson-sc-t5405, epson-sc-t5700d, epson-sc-t5100m, epson-sc-t5700dm, epson-sc-p9500, epson-sc-p9500-spectro, epson-sc-p8500d, epson-sc-p8500dm, epson-sc-t7700d, epson-sc-t7700dl, epson-sc-t7700dm, epson-sc-p20500",https://www.keplertechllc.com/product/c13s042080-epson-premium-luster-photo-paper-20x30-5m/,https://www.keplertechllc.com/wp-content/uploads/2023/05/Epson-Premium-Luster-Photo-Paper-Roll.webp,320.0
C13S042134,"C13S042134 Epson Premium Luster Photo Paper 60""x30.5M",EPSON-PREMIUM-LUSTER,Epson,photo,Lustre,,roll,"60""×30m",60.0,"aqueous_pigment, aqueous_dye",epson-sc-p20500,https://www.keplertechllc.com/product/c13s042134-epson-premium-luster-60-inch-photo-paper/,https://www.keplertechllc.com/wp-content/uploads/2023/05/Epson-Premium-Luster-Photo-Paper-Roll.webp,320.0
S045260,"S045260 Epson Exhibition Canvas Matte Paper 60""x40' Roll",EPSON-EXHIBITION-CANVAS,Epson,canvas,Matte Canvas,,roll,"60""×40m",60.0,"aqueous_pigment, aqueous_dye",epson-sc-p20500,https://www.keplertechllc.com/product/s045260-epson-exhibition-canvas-matte-paper-60x-40-roll/,https://www.keplertechllc.com/wp-content/uploads/2023/05/Epson-Exhibition-Canvas-Matte-Paper.webp,320.0
S045255,"S045255 Epson Exhibition Canvas Matte Paper 13""x20' Roll",EPSON-EXHIBITION-CANVAS,Epson,canvas,Matte Canvas,,roll,"13""×20m",13.0,"aqueous_pigment, aqueous_dye","epson-sc-p700, epson-sc-p900, epson-sc-p900-roll, epson-sc-p5300, epson-sc-p7500, epson-sc-p7500-spectro, epson-sc-p6500e, epson-sc-p6500d, epson-sc-t3100, epson-sc-t3700e, epson-sc-t3700d, epson-sc-t5100, epson-sc-t5405, epson-sc-t5700d, epson-sc-t5100m, epson-sc-t5700dm, epson-sc-p9500, epson-sc-p9500-spectro, epson-sc-p8500d, epson-sc-p8500dm, epson-sc-t7700d, epson-sc-t7700dl, epson-sc-t7700dm, epson-sc-p20500",https://www.keplertechllc.com/product/s045255-epson-exhibition-canvas-matte-paper-13x20-roll/,https://www.keplertechllc.com/wp-content/uploads/2023/05/Epson-Exhibition-Canvas-Matte-Paper.webp,320.0
S045256,"S045256 Epson Exhibition Canvas Matte Paper 17""x40' Roll",EPSON-EXHIBITION-CANVAS,Epson,canvas,Matte Canvas,,roll,"17""×40m",17.0,"aqueous_pigment, aqueous_dye","epson-sc-p900, epson-sc-p900-roll, epson-sc-p5300, epson-sc-p7500, epson-sc-p7500-spectro, epson-sc-p6500e, epson-sc-p6500d, epson-sc-t3100, epson-sc-t3700e, epson-sc-t3700d, epson-sc-t5100, epson-sc-t5405, epson-sc-t5700d, epson-sc-t5100m, epson-sc-t5700dm, epson-sc-p9500, epson-sc-p9500-spectro, epson-sc-p8500d, epson-sc-p8500dm, epson-sc-t7700d, epson-sc-t7700dl, epson-sc-t7700dm, epson-sc-p20500",https://www.keplertechllc.com/product/s045256-epson-exhibition-canvas-matte-paper-17x40-roll/,https://www.keplertechllc.com/wp-content/uploads/2023/05/Epson-Exhibition-Canvas-Matte-Paper.webp,320.0
S045257,"S045257 Epson Exhibition Canvas Matte Paper 24""x40' Roll",EPSON-EXHIBITION-CANVAS,Epson,canvas,Matte Canvas,,roll,"24""×40m",24.0,"aqueous_pigment, aqueous_dye","epson-sc-p7500, epson-sc-p7500-spectro, epson-sc-p6500e, epson-sc-p6500d, epson-sc-t3100, epson-sc-t3700e, epson-sc-t3700d, epson-sc-t5100, epson-sc-t5405, epson-sc-t5700d, epson-sc-t5100m, epson-sc-t5700dm, epson-sc-p9500, epson-sc-p9500-spectro, epson-sc-p8500d, epson-sc-p8500dm, epson-sc-t7700d, epson-sc-t7700dl, epson-sc-t7700dm, epson-sc-p20500",https://www.keplertechllc.com/product/s045257-epson-exhibition-canvas-matte-paper-24x40-roll/,https://www.keplertechllc.com/wp-content/uploads/2023/05/Epson-Exhibition-Canvas-Matte-Paper.webp,320.0
S045258,"S045258 Epson Exhibition Canvas Matte Paper 36""x40' Roll",EPSON-EXHIBITION-CANVAS,Epson,canvas,Matte Canvas,,roll,"36""×40m",36.0,"aqueous_pigment, aqueous_dye","epson-sc-t5100, epson-sc-t5405, epson-sc-t5700d, epson-sc-t5100m, epson-sc-t5700dm, epson-sc-p9500, epson-sc-p9500-spectro, epson-sc-p8500d, epson-sc-p8500dm, epson-sc-t7700d, epson-sc-t7700dl, epson-sc-t7700dm, epson-sc-p20500",https://www.keplertechllc.com/product/s045258-epson-exhibition-canvas-matte-paper-36x40-roll/,https://www.keplertechllc.com/wp-content/uploads/2023/05/Epson-Exhibition-Canvas-Matte-Paper.webp,320.0
S045259,"S045259 Epson Exhibition Canvas Matte Paper  44""x40' Roll",EPSON-EXHIBITION-CANVAS,Epson,canvas,Matte Canvas,,roll,"44""×40m",44.0,"aqueous_pigment, aqueous_dye","epson-sc-p9500, epson-sc-p9500-spectro, epson-sc-p8500d, epson-sc-p8500dm, epson-sc-t7700d, epson-sc-t7700dl, epson-sc-t7700dm, epson-sc-p20500",https://www.keplertechllc.com/product/s045259-epson-exhibition-canvas-matte-paper-44x40-roll/,https://www.keplertechllc.com/wp-content/uploads/2023/05/Epson-Exhibition-Canvas-Matte-Paper.webp,320.0
S045261,"S045261 Epson Exhibition Canvas Matte Paper 17""x22""",EPSON-EXHIBITION-CANVAS,Epson,canvas,Matte Canvas,,sheet,17×22″,17.0,"aqueous_pigment, aqueous_dye","epson-sc-p700, epson-sc-p900, epson-sc-p5300",https://www.keplertechllc.com/product/s045261-epson-exhibition-canvas-matte-paper-17x22/,https://www.keplertechllc.com/wp-content/uploads/2023/05/S045261-Epson-Exhibition-Canvas-Matte-Paper-17-Inch.webp,320.0
C13S041893,"C13S041893 Epson Photo Paper Gloss 24""x30.5M",C13S041893,Epson,photo,Glossy,,roll,"24""×30m",24.0,"aqueous_pigment, aqueous_dye","epson-sc-p7500, epson-sc-p7500-spectro, epson-sc-p6500e, epson-sc-p6500d, epson-sc-t3100, epson-sc-t3700e, epson-sc-t3700d, epson-sc-t5100, epson-sc-t5405, epson-sc-t5700d, epson-sc-t5100m, epson-sc-t5700dm, epson-sc-p9500, epson-sc-p9500-spectro, epson-sc-p8500d, epson-sc-p8500dm, epson-sc-t7700d, epson-sc-t7700dl, epson-sc-t7700dm, epson-sc-p20500",https://www.keplertechllc.com/product/c13s041893-epson-photo-paper-gloss-24x30-5m-250gsm/,https://www.keplertechllc.com/wp-content/uploads/2023/05/Epson-Photo-Paper-Gloss.webp,320.0
C13S041895,"C13S041895 Epson Photo Paper Gloss 44""x30.5M",C13S041895,Epson,photo,Glossy,,roll,"44""×30m",44.0,"aqueous_pigment, aqueous_dye","epson-sc-p9500, epson-sc-p9500-spectro, epson-sc-p8500d, epson-sc-p8500dm, epson-sc-t7700d, epson-sc-t7700dl, epson-sc-t7700dm, epson-sc-p20500",https://www.keplertechllc.com/product/c13s041895-epson-photo-paper-gloss-44x30-5m/,https://www.keplertechllc.com/wp-content/uploads/2023/05/Epson-Photo-Paper-Gloss.webp,320.0
C13S041894,"C13S041894 Epson Photo Paper Gloss 36""x30.5M",C13S041894,Epson,photo,Glossy,,roll,"36""×30m",36.0,"aqueous_pigment, aqueous_dye","epson-sc-t5100, epson-sc-t5405, epson-sc-t5700d, epson-sc-t5100m, epson-sc-t5700dm, epson-sc-p9500, epson-sc-p9500-spectro, epson-sc-p8500d, epson-sc-p8500dm, epson-sc-t7700d, epson-sc-t7700dl, epson-sc-t7700dm, epson-sc-p20500",https://www.keplertechllc.com/product/c13s041894-epson-photo-paper-gloss-36x30-5m/,https://www.keplertechllc.com/wp-content/uploads/2023/05/Epson-Photo-Paper-Gloss.webp,320.0
C13S041892,"C13S041892 Epson Photo Paper Gloss 17""x30.5M",C13S041892,Epson,photo,Glossy,,roll,"17""×30m",17.0,"aqueous_pigment, aqueous_dye","epson-sc-p900, epson-sc-p900-roll, epson-sc-p5300, epson-sc-p7500, epson-sc-p7500-spectro, epson-sc-p6500e, epson-sc-p6500d, epson-sc-t3100, epson-sc-t3700e, epson-sc-t3700d, epson-sc-t5100, epson-sc-t5405, epson-sc-t5700d, epson-sc-t5100m, epson-sc-t5700dm, epson-sc-p9500, epson-sc-p9500-spectro, epson-sc-p8500d, epson-sc-p8500dm, epson-sc-t7700d, epson-sc-t7700dl, epson-sc-t7700dm, epson-sc-p20500",https://www.keplertechllc.com/product/c13s041892-epson-photo-paper-gloss-17x30-5m/,https://www.keplertechllc.com/wp-content/uploads/2023/05/Epson-Photo-Paper-Gloss.webp,320.0
C13S041393,C13S041393 Epson Premium Semigloss 24'' Photo Paper Roll,C13S041393,Epson,photo,Glossy,,roll,24″ Roll,24.0,"aqueous_pigment, aqueous_dye","epson-sc-p7500, epson-sc-p7500-spectro, epson-sc-p6500e, epson-sc-p6500d, epson-sc-t3100, epson-sc-t3700e, epson-sc-t3700d, epson-sc-t5100, epson-sc-t5405, epson-sc-t5700d, epson-sc-t5100m, epson-sc-t5700dm, epson-sc-p9500, epson-sc-p9500-spectro, epson-sc-p8500d, epson-sc-p8500dm, epson-sc-t7700d, epson-sc-t7700dl, epson-sc-t7700dm, epson-sc-p20500",https://www.keplertechllc.com/product/c13s041393-epson-premium-semigloss-photo-paper-roll-24x-30-5m/,https://www.keplertechllc.com/wp-content/uploads/2023/05/Epson-Premium-Semigloss-Photo-Paper-Roll.webp,320.0
C13S041338,C13S041338 Epson Premium Semigloss Photo Paper Roll,C13S041338,Epson,photo,Glossy,,roll,,,"aqueous_pigment, aqueous_dye",,https://www.keplertechllc.com/product/c13s041338-epson-premium-semigloss-photo-paper-roll-329mmx10m/,https://www.keplertechllc.com/wp-content/uploads/2023/05/Epson-Premium-Semigloss-Photo-Paper-Roll.webp,320.0
C13S041395,C13S041395 Epson Premium Semigloss 44'' Photo Paper Roll,C13S041395,Epson,photo,Glossy,,roll,44″ Roll,44.0,"aqueous_pigment, aqueous_dye","epson-sc-p9500, epson-sc-p9500-spectro, epson-sc-p8500d, epson-sc-p8500dm, epson-sc-t7700d, epson-sc-t7700dl, epson-sc-t7700dm, epson-sc-p20500",https://www.keplertechllc.com/product/c13s041395-epson-premium-semigloss-photo-paper-roll-44x30-5m/,https://www.keplertechllc.com/wp-content/uploads/2023/05/Epson-Premium-Semigloss-Photo-Paper-Roll.webp,320.0
C13S041641,C13S041641 Epson Premium Semigloss 24'' Photo Paper Roll,C13S041641,Epson,photo,Glossy,,roll,24″ Roll,24.0,"aqueous_pigment, aqueous_dye","epson-sc-p7500, epson-sc-p7500-spectro, epson-sc-p6500e, epson-sc-p6500d, epson-sc-t3100, epson-sc-t3700e, epson-sc-t3700d, epson-sc-t5100, epson-sc-t5405, epson-sc-t5700d, epson-sc-t5100m, epson-sc-t5700dm, epson-sc-p9500, epson-sc-p9500-spectro, epson-sc-p8500d, epson-sc-p8500dm, epson-sc-t7700d, epson-sc-t7700dl, epson-sc-t7700dm, epson-sc-p20500",https://www.keplertechllc.com/product/c13s041641-epson-premium-semigloss-photo-24-paper-roll/,https://www.keplertechllc.com/wp-content/uploads/2023/05/Epson-Premium-Semigloss-Photo-Paper-Roll.webp,320.0
C13S041743,C13S041743 Epson Premium Semigloss 16'' Photo Paper Roll,C13S041743,Epson,photo,Glossy,,roll,6″ Roll,6.0,"aqueous_pigment, aqueous_dye","epson-sc-p700, epson-sc-p900, epson-sc-p900-roll, epson-sc-p5300, epson-sc-p7500, epson-sc-p7500-spectro, epson-sc-p6500e, epson-sc-p6500d, epson-sc-t3100, epson-sc-t3700e, epson-sc-t3700d, epson-sc-t5100, epson-sc-t5405, epson-sc-t5700d, epson-sc-t5100m, epson-sc-t5700dm, epson-sc-p9500, epson-sc-p9500-spectro, epson-sc-p8500d, epson-sc-p8500dm, epson-sc-t7700d, epson-sc-t7700dl, epson-sc-t7700dm, epson-sc-p20500",https://www.keplertechllc.com/product/c13s041743-epson-premium-semigloss-photo-paper-roll/,https://www.keplertechllc.com/wp-content/uploads/2023/05/Epson-Premium-Semigloss-Photo-Paper-Roll.webp,320.0
C13S042133,C13S042133 Epson Premium Semigloss 60'' Photo Paper Roll,C13S042133,Epson,photo,Glossy,,roll,60″ Roll,60.0,"aqueous_pigment, aqueous_dye",epson-sc-p20500,https://www.keplertechllc.com/product/c13s042133-epson-premium-semigloss-photo-paper-roll-60x30-5m-250gsm/,https://www.keplertechllc.com/wp-content/uploads/2023/05/Epson-Premium-Semigloss-Photo-Paper-Roll.webp,320.0
C13S042137,C13S042137 Epson Premium Semigloss 60'' Photo Paper Roll,C13S042137,Epson,photo,Glossy,,roll,60″ Roll,60.0,"aqueous_pigment, aqueous_dye",epson-sc-p20500,https://www.keplertechllc.com/product/c13s042137-epson-premium-semigloss-photo-60-paper-roll/,https://www.keplertechllc.com/wp-content/uploads/2023/05/Epson-Premium-Semigloss-Photo-Paper-Roll.webp,320.0
C13S042075,C13S042075 Epson Premium Semigloss 16.5'' Photo Paper Roll,C13S042075,Epson,photo,Glossy,,roll,5″ Roll,5.0,"aqueous_pigment, aqueous_dye","epson-sc-p700, epson-sc-p900, epson-sc-p900-roll, epson-sc-p5300, epson-sc-p7500, epson-sc-p7500-spectro, epson-sc-p6500e, epson-sc-p6500d, epson-sc-t3100, epson-sc-t3700e, epson-sc-t3700d, epson-sc-t5100, epson-sc-t5405, epson-sc-t5700d, epson-sc-t5100m, epson-sc-t5700dm, epson-sc-p9500, epson-sc-p9500-spectro, epson-sc-p8500d, epson-sc-p8500dm, epson-sc-t7700d, epson-sc-t7700dl, epson-sc-t7700dm, epson-sc-p20500",https://www.keplertechllc.com/product/c13s042075-epson-premium-semigloss-photo-paper-roll/,https://www.keplertechllc.com/wp-content/uploads/2023/05/Epson-Premium-Semigloss-Photo-Paper-Roll.webp,320.0
C13S041256,C13S041256 Epson Matte A4 Paper Heavy Weight,C13S041256,Epson,photo,Matte,,sheet,A4,8.3,"aqueous_pigment, aqueous_dye","epson-sc-p700, epson-sc-p900, epson-sc-p5300",https://www.keplertechllc.com/product/c13s041256-epson-matte-paper-heavy-weight-a4/,https://www.keplertechllc.com/wp-content/uploads/2023/05/C13S041256-Epson-Matte-Paper-Heavy-Weight-A4-.webp,320.0
IFA 11,Innova IFA 11 Photo Cotton Rag 315gsm,IFA-11,Innova Art,fine_art,Smooth Cotton,315,roll,,,"aqueous_pigment, aqueous_dye",,https://www.keplertechllc.com/product/innova-photo-cotton-rag-315gsm-ifa-11/,https://www.keplertechllc.com/wp-content/uploads/2023/05/IFA11-25-PHOTO-COTTON-RAG-315GSM.webp,320.0
IFA-11-610x15,"Innova IFA 11 Photo Cotton Rag 315gsm - 24""X15 M",IFA-11,Innova Art,fine_art,Smooth Cotton,315,roll,"24""×15m",24.0,"aqueous_pigment, aqueous_dye","epson-sc-p7500, epson-sc-p7500-spectro, epson-sc-p6500e, epson-sc-p6500d, epson-sc-t3100, epson-sc-t3700e, epson-sc-t3700d, epson-sc-t5100, epson-sc-t5405, epson-sc-t5700d, epson-sc-t5100m, epson-sc-t5700dm, epson-sc-p9500, epson-sc-p9500-spectro, epson-sc-p8500d, epson-sc-p8500dm, epson-sc-t7700d, epson-sc-t7700dl, epson-sc-t7700dm, epson-sc-p20500",https://www.keplertechllc.com/product/innova-photo-cotton-rag-315gsm-ifa-11/,https://www.keplertechllc.com/wp-content/uploads/2023/05/IFA11-25-PHOTO-COTTON-RAG-315GSM.webp,320.0
IFA-11-1118x15,"Innova IFA 11 Photo Cotton Rag 315gsm - 44""X15 M",IFA-11,Innova Art,fine_art,Smooth Cotton,315,roll,"44""×15m",44.0,"aqueous_pigment, aqueous_dye","epson-sc-p9500, epson-sc-p9500-spectro, epson-sc-p8500d, epson-sc-p8500dm, epson-sc-t7700d, epson-sc-t7700dl, epson-sc-t7700dm, epson-sc-p20500",https://www.keplertechllc.com/product/innova-photo-cotton-rag-315gsm-ifa-11/,https://www.keplertechllc.com/wp-content/uploads/2023/05/IFA11-25-PHOTO-COTTON-RAG-315GSM.webp,320.0
IFA 107,Innova IFA 107 Fabriano Printmaking Rag 310gsm,IFA-107,Innova Art,fine_art,Heritage Mould-Made Rag,310,roll,,,"aqueous_pigment, aqueous_dye",,https://www.keplertechllc.com/product/innova-fabriano-printmaking-rag-310gsm-ifa-107/,https://www.keplertechllc.com/wp-content/uploads/2023/06/Innova-Fabriano-Printmaking-Rag-310gsm-IFA-107.webp,320.0
IFA-107-A4-25,Innova IFA 107 Fabriano Printmaking Rag 310gsm - A4 - 25 Sheets,IFA-107,Innova Art,fine_art,Heritage Mould-Made Rag,310,sheet,A4,8.3,"aqueous_pigment, aqueous_dye","epson-sc-p700, epson-sc-p900, epson-sc-p5300",https://www.keplertechllc.com/product/innova-fabriano-printmaking-rag-310gsm-ifa-107/,https://www.keplertechllc.com/wp-content/uploads/2023/06/Innova-Fabriano-Printmaking-Rag-310gsm-IFA-107.webp,320.0
IFA-107-A3P-25,Innova IFA 107 Fabriano Printmaking Rag 310gsm - A3+ - 25 Sheets,IFA-107,Innova Art,fine_art,Heritage Mould-Made Rag,310,sheet,A3+,13.0,"aqueous_pigment, aqueous_dye","epson-sc-p700, epson-sc-p900, epson-sc-p5300",https://www.keplertechllc.com/product/innova-fabriano-printmaking-rag-310gsm-ifa-107/,https://www.keplertechllc.com/wp-content/uploads/2023/06/Innova-Fabriano-Printmaking-Rag-310gsm-IFA-107.webp,320.0
IFA-107-610x15,"Innova IFA 107 Fabriano Printmaking Rag 310gsm - 24""X15 M",IFA-107,Innova Art,fine_art,Heritage Mould-Made Rag,310,roll,"24""×15m",24.0,"aqueous_pigment, aqueous_dye","epson-sc-p7500, epson-sc-p7500-spectro, epson-sc-p6500e, epson-sc-p6500d, epson-sc-t3100, epson-sc-t3700e, epson-sc-t3700d, epson-sc-t5100, epson-sc-t5405, epson-sc-t5700d, epson-sc-t5100m, epson-sc-t5700dm, epson-sc-p9500, epson-sc-p9500-spectro, epson-sc-p8500d, epson-sc-p8500dm, epson-sc-t7700d, epson-sc-t7700dl, epson-sc-t7700dm, epson-sc-p20500",https://www.keplertechllc.com/product/innova-fabriano-printmaking-rag-310gsm-ifa-107/,https://www.keplertechllc.com/wp-content/uploads/2023/06/Innova-Fabriano-Printmaking-Rag-310gsm-IFA-107.webp,320.0
IFA-107-1118x15,"Innova IFA 107 Fabriano Printmaking Rag 310gsm - 44""X15 M",IFA-107,Innova Art,fine_art,Heritage Mould-Made Rag,310,roll,"44""×15m",44.0,"aqueous_pigment, aqueous_dye","epson-sc-p9500, epson-sc-p9500-spectro, epson-sc-p8500d, epson-sc-p8500dm, epson-sc-t7700d, epson-sc-t7700dl, epson-sc-t7700dm, epson-sc-p20500",https://www.keplertechllc.com/product/innova-fabriano-printmaking-rag-310gsm-ifa-107/,https://www.keplertechllc.com/wp-content/uploads/2023/06/Innova-Fabriano-Printmaking-Rag-310gsm-IFA-107.webp,320.0
IFA-11-A4-25,Innova IFA 11 Photo Cotton Rag 315gsm - A4 - 25 Sheets,IFA-11,Innova Art,fine_art,Smooth Cotton,315,sheet,A4,8.3,"aqueous_pigment, aqueous_dye","epson-sc-p700, epson-sc-p900, epson-sc-p5300",https://www.keplertechllc.com/product/innova-photo-cotton-rag-315gsm-ifa-11/,https://www.keplertechllc.com/wp-content/uploads/2023/05/IFA11-25-PHOTO-COTTON-RAG-315GSM.webp,320.0
IFA-11-A3P-25,Innova IFA 11 Photo Cotton Rag 315gsm - A3+ - 25 Sheets,IFA-11,Innova Art,fine_art,Smooth Cotton,315,sheet,A3+,13.0,"aqueous_pigment, aqueous_dye","epson-sc-p700, epson-sc-p900, epson-sc-p5300",https://www.keplertechllc.com/product/innova-photo-cotton-rag-315gsm-ifa-11/,https://www.keplertechllc.com/wp-content/uploads/2023/05/IFA11-25-PHOTO-COTTON-RAG-315GSM.webp,320.0
IFA 22,Innova IFA 22 Etching Cotton Rag 315gsm,IFA-22,Innova Art,fine_art,Etching Textured Cotton,315,roll,,,"aqueous_pigment, aqueous_dye",,https://www.keplertechllc.com/product/innova-etching-cotton-rag-315-gsm-ifa-22/,https://www.keplertechllc.com/wp-content/uploads/2023/06/Innova-Etching-Cotton-Rag-315-GSM-IFA-22.webp,320.0
IFA-22-A4-25,Innova IFA 22 Etching Cotton Rag 315gsm - A4 - 25 Sheets,IFA-22,Innova Art,fine_art,Etching Textured Cotton,315,sheet,A4,8.3,"aqueous_pigment, aqueous_dye","epson-sc-p700, epson-sc-p900, epson-sc-p5300",https://www.keplertechllc.com/product/innova-etching-cotton-rag-315-gsm-ifa-22/,https://www.keplertechllc.com/wp-content/uploads/2023/06/Innova-Etching-Cotton-Rag-315-GSM-IFA-22.webp,320.0
IFA-22-A3P-25,Innova IFA 22 Etching Cotton Rag 315gsm - A3+ - 25 Sheets,IFA-22,Innova Art,fine_art,Etching Textured Cotton,315,sheet,A3+,13.0,"aqueous_pigment, aqueous_dye","epson-sc-p700, epson-sc-p900, epson-sc-p5300",https://www.keplertechllc.com/product/innova-etching-cotton-rag-315-gsm-ifa-22/,https://www.keplertechllc.com/wp-content/uploads/2023/06/Innova-Etching-Cotton-Rag-315-GSM-IFA-22.webp,320.0
IFA-22-610x15,"Innova IFA 22 Etching Cotton Rag 315gsm - 24""X15 M",IFA-22,Innova Art,fine_art,Etching Textured Cotton,315,roll,"24""×15m",24.0,"aqueous_pigment, aqueous_dye","epson-sc-p7500, epson-sc-p7500-spectro, epson-sc-p6500e, epson-sc-p6500d, epson-sc-t3100, epson-sc-t3700e, epson-sc-t3700d, epson-sc-t5100, epson-sc-t5405, epson-sc-t5700d, epson-sc-t5100m, epson-sc-t5700dm, epson-sc-p9500, epson-sc-p9500-spectro, epson-sc-p8500d, epson-sc-p8500dm, epson-sc-t7700d, epson-sc-t7700dl, epson-sc-t7700dm, epson-sc-p20500",https://www.keplertechllc.com/product/innova-etching-cotton-rag-315-gsm-ifa-22/,https://www.keplertechllc.com/wp-content/uploads/2023/06/Innova-Etching-Cotton-Rag-315-GSM-IFA-22.webp,320.0
IFA-22-1118x15,"Innova IFA 22 Etching Cotton Rag 315gsm - 44""X15 M",IFA-22,Innova Art,fine_art,Etching Textured Cotton,315,roll,"44""×15m",44.0,"aqueous_pigment, aqueous_dye","epson-sc-p9500, epson-sc-p9500-spectro, epson-sc-p8500d, epson-sc-p8500dm, epson-sc-t7700d, epson-sc-t7700dl, epson-sc-t7700dm, epson-sc-p20500",https://www.keplertechllc.com/product/innova-etching-cotton-rag-315-gsm-ifa-22/,https://www.keplertechllc.com/wp-content/uploads/2023/06/Innova-Etching-Cotton-Rag-315-GSM-IFA-22.webp,320.0
IFA 108,Innova IFA 108 Fabriano Artistico Watercolour Rag 310gsm,IFA-108,Innova Art,fine_art,Heritage Mould-Made Rag,310,roll,,,"aqueous_pigment, aqueous_dye",,https://www.keplertechllc.com/product/innova-fabriano-artistico-watercolour-rag-310-gsm-ifa-108/,https://www.keplertechllc.com/wp-content/uploads/2023/06/Innova-Fabriano-Artistico-Watercolour-Rag-310-GSM-IFA-108.webp,320.0
IFA-108-A4-25,Innova IFA 108 Fabriano Artistico Watercolour Rag 310gsm - A4 - 25 Sheets,IFA-108,Innova Art,fine_art,Heritage Mould-Made Rag,310,sheet,A4,8.3,"aqueous_pigment, aqueous_dye","epson-sc-p700, epson-sc-p900, epson-sc-p5300",https://www.keplertechllc.com/product/innova-fabriano-artistico-watercolour-rag-310-gsm-ifa-108/,https://www.keplertechllc.com/wp-content/uploads/2023/06/Innova-Fabriano-Artistico-Watercolour-Rag-310-GSM-IFA-108.webp,320.0
IFA-108-A3P-25,Innova IFA 108 Fabriano Artistico Watercolour Rag 310gsm - A3+ - 25 Sheets,IFA-108,Innova Art,fine_art,Heritage Mould-Made Rag,310,sheet,A3+,13.0,"aqueous_pigment, aqueous_dye","epson-sc-p700, epson-sc-p900, epson-sc-p5300",https://www.keplertechllc.com/product/innova-fabriano-artistico-watercolour-rag-310-gsm-ifa-108/,https://www.keplertechllc.com/wp-content/uploads/2023/06/Innova-Fabriano-Artistico-Watercolour-Rag-310-GSM-IFA-108.webp,320.0
IFA-108-610x15,"Innova IFA 108 Fabriano Artistico Watercolour Rag 310gsm - 24""X15 M",IFA-108,Innova Art,fine_art,Heritage Mould-Made Rag,310,roll,"24""×15m",24.0,"aqueous_pigment, aqueous_dye","epson-sc-p7500, epson-sc-p7500-spectro, epson-sc-p6500e, epson-sc-p6500d, epson-sc-t3100, epson-sc-t3700e, epson-sc-t3700d, epson-sc-t5100, epson-sc-t5405, epson-sc-t5700d, epson-sc-t5100m, epson-sc-t5700dm, epson-sc-p9500, epson-sc-p9500-spectro, epson-sc-p8500d, epson-sc-p8500dm, epson-sc-t7700d, epson-sc-t7700dl, epson-sc-t7700dm, epson-sc-p20500",https://www.keplertechllc.com/product/innova-fabriano-artistico-watercolour-rag-310-gsm-ifa-108/,https://www.keplertechllc.com/wp-content/uploads/2023/06/Innova-Fabriano-Artistico-Watercolour-Rag-310-GSM-IFA-108.webp,320.0
IFA-108-1118x15,"Innova IFA 108 Fabriano Artistico Watercolour Rag 310gsm - 44""X15 M",IFA-108,Innova Art,fine_art,Heritage Mould-Made Rag,310,roll,"44""×15m",44.0,"aqueous_pigment, aqueous_dye","epson-sc-p9500, epson-sc-p9500-spectro, epson-sc-p8500d, epson-sc-p8500dm, epson-sc-t7700d, epson-sc-t7700dl, epson-sc-t7700dm, epson-sc-p20500",https://www.keplertechllc.com/product/innova-fabriano-artistico-watercolour-rag-310-gsm-ifa-108/,https://www.keplertechllc.com/wp-content/uploads/2023/06/Innova-Fabriano-Artistico-Watercolour-Rag-310-GSM-IFA-108.webp,320.0
IFA 45,Innova IFA 45 Exhibition Cotton Gloss 335gsm,IFA-45,Innova Art,fine_art,Glossy,335,roll,,,"aqueous_pigment, aqueous_dye",,https://www.keplertechllc.com/product/innova-exhibition-cotton-gloss-335-gsm-ifa-45/,https://www.keplertechllc.com/wp-content/uploads/2023/06/Innova-Exhibition-Cotton-Gloss-335-GSM-IFA-45.webp,320.0
IFA-45-A4-25,Innova IFA 45 Exhibition Cotton Gloss 335gsm - A4 - 25 Sheets,IFA-45,Innova Art,fine_art,Glossy,335,sheet,A4,8.3,"aqueous_pigment, aqueous_dye","epson-sc-p700, epson-sc-p900, epson-sc-p5300",https://www.keplertechllc.com/product/innova-exhibition-cotton-gloss-335-gsm-ifa-45/,https://www.keplertechllc.com/wp-content/uploads/2023/06/Innova-Exhibition-Cotton-Gloss-335-GSM-IFA-45.webp,320.0
IFA-45-A3P-25,Innova IFA 45 Exhibition Cotton Gloss 335gsm - A3+ - 25 Sheets,IFA-45,Innova Art,fine_art,Glossy,335,sheet,A3+,13.0,"aqueous_pigment, aqueous_dye","epson-sc-p700, epson-sc-p900, epson-sc-p5300",https://www.keplertechllc.com/product/innova-exhibition-cotton-gloss-335-gsm-ifa-45/,https://www.keplertechllc.com/wp-content/uploads/2023/06/Innova-Exhibition-Cotton-Gloss-335-GSM-IFA-45.webp,320.0
IFA-45-610x15,"Innova IFA 45 Exhibition Cotton Gloss 335gsm - 24""X15 M",IFA-45,Innova Art,fine_art,Glossy,335,roll,"24""×15m",24.0,"aqueous_pigment, aqueous_dye","epson-sc-p7500, epson-sc-p7500-spectro, epson-sc-p6500e, epson-sc-p6500d, epson-sc-t3100, epson-sc-t3700e, epson-sc-t3700d, epson-sc-t5100, epson-sc-t5405, epson-sc-t5700d, epson-sc-t5100m, epson-sc-t5700dm, epson-sc-p9500, epson-sc-p9500-spectro, epson-sc-p8500d, epson-sc-p8500dm, epson-sc-t7700d, epson-sc-t7700dl, epson-sc-t7700dm, epson-sc-p20500",https://www.keplertechllc.com/product/innova-exhibition-cotton-gloss-335-gsm-ifa-45/,https://www.keplertechllc.com/wp-content/uploads/2023/06/Innova-Exhibition-Cotton-Gloss-335-GSM-IFA-45.webp,320.0
IFA-45-1118x15,"Innova IFA 45 Exhibition Cotton Gloss 335gsm - 44""X15 M",IFA-45,Innova Art,fine_art,Glossy,335,roll,"44""×15m",44.0,"aqueous_pigment, aqueous_dye","epson-sc-p9500, epson-sc-p9500-spectro, epson-sc-p8500d, epson-sc-p8500dm, epson-sc-t7700d, epson-sc-t7700dl, epson-sc-t7700dm, epson-sc-p20500",https://www.keplertechllc.com/product/innova-exhibition-cotton-gloss-335-gsm-ifa-45/,https://www.keplertechllc.com/wp-content/uploads/2023/06/Innova-Exhibition-Cotton-Gloss-335-GSM-IFA-45.webp,320.0
IFA 69,Innova IFA 69 Exhibition Photo Baryta 310gsm,IFA-69,Innova Art,fine_art,Photo Baryta,310,roll,,,"aqueous_pigment, aqueous_dye",,https://www.keplertechllc.com/product/innova-exhibition-photo-baryta-310-gsm-ifa-69/,https://www.keplertechllc.com/wp-content/uploads/2023/06/Innova-Exhibition-Photo-Baryta-310-GSM-IFA-69.webp,150.0
IFA-69-A4-25,Innova IFA 69 Exhibition Photo Baryta 310gsm - A4 - 25 Sheets,IFA-69,Innova Art,fine_art,Photo Baryta,310,sheet,A4,8.3,"aqueous_pigment, aqueous_dye","epson-sc-p700, epson-sc-p900, epson-sc-p5300",https://www.keplertechllc.com/product/innova-exhibition-photo-baryta-310-gsm-ifa-69/,https://www.keplertechllc.com/wp-content/uploads/2023/06/Innova-Exhibition-Photo-Baryta-310-GSM-IFA-69.webp,150.0
IFA-69-A3P-25,Innova IFA 69 Exhibition Photo Baryta 310gsm - A3+ - 25 Sheets,IFA-69,Innova Art,fine_art,Photo Baryta,310,sheet,A3+,13.0,"aqueous_pigment, aqueous_dye","epson-sc-p700, epson-sc-p900, epson-sc-p5300",https://www.keplertechllc.com/product/innova-exhibition-photo-baryta-310-gsm-ifa-69/,https://www.keplertechllc.com/wp-content/uploads/2023/06/Innova-Exhibition-Photo-Baryta-310-GSM-IFA-69.webp,150.0
IFA-69-610x15,"Innova IFA 69 Exhibition Photo Baryta 310gsm - 24""X15 M",IFA-69,Innova Art,fine_art,Photo Baryta,310,roll,"24""×15m",24.0,"aqueous_pigment, aqueous_dye","epson-sc-p7500, epson-sc-p7500-spectro, epson-sc-p6500e, epson-sc-p6500d, epson-sc-t3100, epson-sc-t3700e, epson-sc-t3700d, epson-sc-t5100, epson-sc-t5405, epson-sc-t5700d, epson-sc-t5100m, epson-sc-t5700dm, epson-sc-p9500, epson-sc-p9500-spectro, epson-sc-p8500d, epson-sc-p8500dm, epson-sc-t7700d, epson-sc-t7700dl, epson-sc-t7700dm, epson-sc-p20500",https://www.keplertechllc.com/product/innova-exhibition-photo-baryta-310-gsm-ifa-69/,https://www.keplertechllc.com/wp-content/uploads/2023/06/Innova-Exhibition-Photo-Baryta-310-GSM-IFA-69.webp,150.0
IFA-69-1118x15,"Innova IFA 69 Exhibition Photo Baryta 310gsm - 44""X15 M",IFA-69,Innova Art,fine_art,Photo Baryta,310,roll,"44""×15m",44.0,"aqueous_pigment, aqueous_dye","epson-sc-p9500, epson-sc-p9500-spectro, epson-sc-p8500d, epson-sc-p8500dm, epson-sc-t7700d, epson-sc-t7700dl, epson-sc-t7700dm, epson-sc-p20500",https://www.keplertechllc.com/product/innova-exhibition-photo-baryta-310-gsm-ifa-69/,https://www.keplertechllc.com/wp-content/uploads/2023/06/Innova-Exhibition-Photo-Baryta-310-GSM-IFA-69.webp,150.0
IFA 04,Innova IFA 04 Smooth Cotton High White 215gsm,IFA-04,Innova Art,fine_art,Smooth Cotton,215,roll,,,"aqueous_pigment, aqueous_dye",,https://www.keplertechllc.com/product/innova-smooth-cotton-high-white-215-gsm-ifa-04/,https://www.keplertechllc.com/wp-content/uploads/2023/06/Smooth-Cotton-High-White-IFA-04.webp,320.0
IFA-04-A4-50,Innova IFA 04 Smooth Cotton High White 215gsm - A4 - 50 Sheets,IFA-04,Innova Art,fine_art,Smooth Cotton,215,sheet,A4,8.3,"aqueous_pigment, aqueous_dye","epson-sc-p700, epson-sc-p900, epson-sc-p5300",https://www.keplertechllc.com/product/innova-smooth-cotton-high-white-215-gsm-ifa-04/,https://www.keplertechllc.com/wp-content/uploads/2023/06/Smooth-Cotton-High-White-IFA-04.webp,320.0
IFA-04-A3P-50,Innova IFA 04 Smooth Cotton High White 215gsm - A3+ - 50 Sheets,IFA-04,Innova Art,fine_art,Smooth Cotton,215,sheet,A3+,13.0,"aqueous_pigment, aqueous_dye","epson-sc-p700, epson-sc-p900, epson-sc-p5300",https://www.keplertechllc.com/product/innova-smooth-cotton-high-white-215-gsm-ifa-04/,https://www.keplertechllc.com/wp-content/uploads/2023/06/Smooth-Cotton-High-White-IFA-04.webp,320.0
IFA-04-1118x15,"Innova IFA 04 Smooth Cotton High White 215gsm - 44""X15 M",IFA-04,Innova Art,fine_art,Smooth Cotton,215,roll,"44""×15m",44.0,"aqueous_pigment, aqueous_dye","epson-sc-p9500, epson-sc-p9500-spectro, epson-sc-p8500d, epson-sc-p8500dm, epson-sc-t7700d, epson-sc-t7700dl, epson-sc-t7700dm, epson-sc-p20500",https://www.keplertechllc.com/product/innova-smooth-cotton-high-white-215-gsm-ifa-04/,https://www.keplertechllc.com/wp-content/uploads/2023/06/Smooth-Cotton-High-White-IFA-04.webp,320.0
IFA-04-610x15,"Innova IFA 04 Smooth Cotton High White 215gsm - 24""X15 M",IFA-04,Innova Art,fine_art,Smooth Cotton,215,roll,"24""×15m",24.0,"aqueous_pigment, aqueous_dye","epson-sc-p7500, epson-sc-p7500-spectro, epson-sc-p6500e, epson-sc-p6500d, epson-sc-t3100, epson-sc-t3700e, epson-sc-t3700d, epson-sc-t5100, epson-sc-t5405, epson-sc-t5700d, epson-sc-t5100m, epson-sc-t5700dm, epson-sc-p9500, epson-sc-p9500-spectro, epson-sc-p8500d, epson-sc-p8500dm, epson-sc-t7700d, epson-sc-t7700dl, epson-sc-t7700dm, epson-sc-p20500",https://www.keplertechllc.com/product/innova-smooth-cotton-high-white-215-gsm-ifa-04/,https://www.keplertechllc.com/wp-content/uploads/2023/06/Smooth-Cotton-High-White-IFA-04.webp,320.0
IFA 05,Innova IFA 05 Smooth Cotton High White DS 225gsm,IFA-05,Innova Art,fine_art,Smooth Cotton,225,roll,,,"aqueous_pigment, aqueous_dye",,https://www.keplertechllc.com/product/innova-smooth-cotton-high-white-ds-225gsm-ifa-05/,https://www.keplertechllc.com/wp-content/uploads/2023/06/Innova-Smooth-Cotton-High-White-DS-IFA-05.webp,320.0
IFA 12,Innova IFA 12 Soft Textured Natural White 315gsm,IFA-12,Innova Art,fine_art,Soft Textured Cotton,315,roll,12″ Roll,12.0,"aqueous_pigment, aqueous_dye","epson-sc-p700, epson-sc-p900, epson-sc-p900-roll, epson-sc-p5300, epson-sc-p7500, epson-sc-p7500-spectro, epson-sc-p6500e, epson-sc-p6500d, epson-sc-t3100, epson-sc-t3700e, epson-sc-t3700d, epson-sc-t5100, epson-sc-t5405, epson-sc-t5700d, epson-sc-t5100m, epson-sc-t5700dm, epson-sc-p9500, epson-sc-p9500-spectro, epson-sc-p8500d, epson-sc-p8500dm, epson-sc-t7700d, epson-sc-t7700dl, epson-sc-t7700dm, epson-sc-p20500",https://www.keplertechllc.com/product/innova-soft-textured-natural-white-315gsm-ifa-12/,https://www.keplertechllc.com/wp-content/uploads/2023/06/Innova-Soft-Textured-Natural-White-315gsm-IFA-12.webp,150.0
IFA-12-A4-50,Innova IFA 12 Soft Textured Natural White 315gsm - A4 - 50 Sheets,IFA-12,Innova Art,fine_art,Soft Textured Cotton,315,sheet,A4,8.3,"aqueous_pigment, aqueous_dye","epson-sc-p700, epson-sc-p900, epson-sc-p5300",https://www.keplertechllc.com/product/innova-soft-textured-natural-white-315gsm-ifa-12/,https://www.keplertechllc.com/wp-content/uploads/2023/06/Innova-Soft-Textured-Natural-White-315gsm-IFA-12.webp,150.0
IFA-12-A3P-50,Innova IFA 12 Soft Textured Natural White 315gsm - A3+ - 50 Sheets,IFA-12,Innova Art,fine_art,Soft Textured Cotton,315,sheet,A3+,13.0,"aqueous_pigment, aqueous_dye","epson-sc-p700, epson-sc-p900, epson-sc-p5300",https://www.keplertechllc.com/product/innova-soft-textured-natural-white-315gsm-ifa-12/,https://www.keplertechllc.com/wp-content/uploads/2023/06/Innova-Soft-Textured-Natural-White-315gsm-IFA-12.webp,150.0
IFA-12-610x15,"Innova IFA 12 Soft Textured Natural White 315gsm - 24""X15 M",IFA-12,Innova Art,fine_art,Soft Textured Cotton,315,roll,"24""×15m",24.0,"aqueous_pigment, aqueous_dye","epson-sc-p7500, epson-sc-p7500-spectro, epson-sc-p6500e, epson-sc-p6500d, epson-sc-t3100, epson-sc-t3700e, epson-sc-t3700d, epson-sc-t5100, epson-sc-t5405, epson-sc-t5700d, epson-sc-t5100m, epson-sc-t5700dm, epson-sc-p9500, epson-sc-p9500-spectro, epson-sc-p8500d, epson-sc-p8500dm, epson-sc-t7700d, epson-sc-t7700dl, epson-sc-t7700dm, epson-sc-p20500",https://www.keplertechllc.com/product/innova-soft-textured-natural-white-315gsm-ifa-12/,https://www.keplertechllc.com/wp-content/uploads/2023/06/Innova-Soft-Textured-Natural-White-315gsm-IFA-12.webp,150.0
IFA-12-1118x15,"Innova IFA 12 Soft Textured Natural White 315gsm - 44""X15 M",IFA-12,Innova Art,fine_art,Soft Textured Cotton,315,roll,"44""×15m",44.0,"aqueous_pigment, aqueous_dye","epson-sc-p9500, epson-sc-p9500-spectro, epson-sc-p8500d, epson-sc-p8500dm, epson-sc-t7700d, epson-sc-t7700dl, epson-sc-t7700dm, epson-sc-p20500",https://www.keplertechllc.com/product/innova-soft-textured-natural-white-315gsm-ifa-12/,https://www.keplertechllc.com/wp-content/uploads/2023/06/Innova-Soft-Textured-Natural-White-315gsm-IFA-12.webp,150.0
IFA 13,Innova IFA 13 Cold Press Rough Textured Natural White 315gsm,IFA-13,Innova Art,fine_art,Cold Press Rough Textured,315,roll,13″ Roll,13.0,"aqueous_pigment, aqueous_dye","epson-sc-p700, epson-sc-p900, epson-sc-p900-roll, epson-sc-p5300, epson-sc-p7500, epson-sc-p7500-spectro, epson-sc-p6500e, epson-sc-p6500d, epson-sc-t3100, epson-sc-t3700e, epson-sc-t3700d, epson-sc-t5100, epson-sc-t5405, epson-sc-t5700d, epson-sc-t5100m, epson-sc-t5700dm, epson-sc-p9500, epson-sc-p9500-spectro, epson-sc-p8500d, epson-sc-p8500dm, epson-sc-t7700d, epson-sc-t7700dl, epson-sc-t7700dm, epson-sc-p20500",https://www.keplertechllc.com/product/innova-cold-press-rough-textured-natural-white-315gsm-ifa-13/,https://www.keplertechllc.com/wp-content/uploads/2023/06/Innova-Cold-Press-Rough-Textured-Natural-White-315gsm-IFA-13.webp,150.0
IFA-13-A4-50,Innova IFA 13 Cold Press Rough Textured Natural White 315gsm - A4 - 50 Sheets,IFA-13,Innova Art,fine_art,Cold Press Rough Textured,315,sheet,A4,8.3,"aqueous_pigment, aqueous_dye","epson-sc-p700, epson-sc-p900, epson-sc-p5300",https://www.keplertechllc.com/product/innova-cold-press-rough-textured-natural-white-315gsm-ifa-13/,https://www.keplertechllc.com/wp-content/uploads/2023/06/Innova-Cold-Press-Rough-Textured-Natural-White-315gsm-IFA-13.webp,150.0
IFA-13-A3P-50,Innova IFA 13 Cold Press Rough Textured Natural White 315gsm - A3+ - 50 Sheets,IFA-13,Innova Art,fine_art,Cold Press Rough Textured,315,sheet,A3+,13.0,"aqueous_pigment, aqueous_dye","epson-sc-p700, epson-sc-p900, epson-sc-p5300",https://www.keplertechllc.com/product/innova-cold-press-rough-textured-natural-white-315gsm-ifa-13/,https://www.keplertechllc.com/wp-content/uploads/2023/06/Innova-Cold-Press-Rough-Textured-Natural-White-315gsm-IFA-13.webp,150.0
IFA-13-1118x15,"Innova IFA 13 Cold Press Rough Textured Natural White 315gsm - 44""X15 M",IFA-13,Innova Art,fine_art,Cold Press Rough Textured,315,roll,"44""×15m",44.0,"aqueous_pigment, aqueous_dye","epson-sc-p9500, epson-sc-p9500-spectro, epson-sc-p8500d, epson-sc-p8500dm, epson-sc-t7700d, epson-sc-t7700dl, epson-sc-t7700dm, epson-sc-p20500",https://www.keplertechllc.com/product/innova-cold-press-rough-textured-natural-white-315gsm-ifa-13/,https://www.keplertechllc.com/wp-content/uploads/2023/06/Innova-Cold-Press-Rough-Textured-Natural-White-315gsm-IFA-13.webp,150.0
IFA-13-610x15,"Innova IFA 13 Cold Press Rough Textured Natural White 315gsm - 24""X15 M",IFA-13,Innova Art,fine_art,Cold Press Rough Textured,315,roll,"24""×15m",24.0,"aqueous_pigment, aqueous_dye","epson-sc-p7500, epson-sc-p7500-spectro, epson-sc-p6500e, epson-sc-p6500d, epson-sc-t3100, epson-sc-t3700e, epson-sc-t3700d, epson-sc-t5100, epson-sc-t5405, epson-sc-t5700d, epson-sc-t5100m, epson-sc-t5700dm, epson-sc-p9500, epson-sc-p9500-spectro, epson-sc-p8500d, epson-sc-p8500dm, epson-sc-t7700d, epson-sc-t7700dl, epson-sc-t7700dm, epson-sc-p20500",https://www.keplertechllc.com/product/innova-cold-press-rough-textured-natural-white-315gsm-ifa-13/,https://www.keplertechllc.com/wp-content/uploads/2023/06/Innova-Cold-Press-Rough-Textured-Natural-White-315gsm-IFA-13.webp,150.0
IFA 14,Innova IFA 14 Smooth Cotton High White 315gsm,IFA-14,Innova Art,fine_art,Smooth Cotton,315,roll,,,"aqueous_pigment, aqueous_dye",,https://www.keplertechllc.com/product/innova-smooth-cotton-high-white-315gsm-ifa-14/,https://www.keplertechllc.com/wp-content/uploads/2023/06/Innova-Smooth-Cotton-High-White-315gsm-IFA-14.webp,320.0
IFA-14-A4-50,Innova IFA 14 Smooth Cotton High White 315gsm - A4 - 50 Sheets,IFA-14,Innova Art,fine_art,Smooth Cotton,315,sheet,A4,8.3,"aqueous_pigment, aqueous_dye","epson-sc-p700, epson-sc-p900, epson-sc-p5300",https://www.keplertechllc.com/product/innova-smooth-cotton-high-white-315gsm-ifa-14/,https://www.keplertechllc.com/wp-content/uploads/2023/06/Innova-Smooth-Cotton-High-White-315gsm-IFA-14.webp,320.0
IFA-14-A3P-50,Innova IFA 14 Smooth Cotton High White 315gsm - A3+ - 50 Sheets,IFA-14,Innova Art,fine_art,Smooth Cotton,315,sheet,A3+,13.0,"aqueous_pigment, aqueous_dye","epson-sc-p700, epson-sc-p900, epson-sc-p5300",https://www.keplertechllc.com/product/innova-smooth-cotton-high-white-315gsm-ifa-14/,https://www.keplertechllc.com/wp-content/uploads/2023/06/Innova-Smooth-Cotton-High-White-315gsm-IFA-14.webp,320.0
IFA-14-1118x15,"Innova IFA 14 Smooth Cotton High White 315gsm - 44""X15 M",IFA-14,Innova Art,fine_art,Smooth Cotton,315,roll,"44""×15m",44.0,"aqueous_pigment, aqueous_dye","epson-sc-p9500, epson-sc-p9500-spectro, epson-sc-p8500d, epson-sc-p8500dm, epson-sc-t7700d, epson-sc-t7700dl, epson-sc-t7700dm, epson-sc-p20500",https://www.keplertechllc.com/product/innova-smooth-cotton-high-white-315gsm-ifa-14/,https://www.keplertechllc.com/wp-content/uploads/2023/06/Innova-Smooth-Cotton-High-White-315gsm-IFA-14.webp,320.0
IFA-14-610x15,"Innova IFA 14 Smooth Cotton High White 315gsm - 24""X15 M",IFA-14,Innova Art,fine_art,Smooth Cotton,315,roll,"24""×15m",24.0,"aqueous_pigment, aqueous_dye","epson-sc-p7500, epson-sc-p7500-spectro, epson-sc-p6500e, epson-sc-p6500d, epson-sc-t3100, epson-sc-t3700e, epson-sc-t3700d, epson-sc-t5100, epson-sc-t5405, epson-sc-t5700d, epson-sc-t5100m, epson-sc-t5700dm, epson-sc-p9500, epson-sc-p9500-spectro, epson-sc-p8500d, epson-sc-p8500dm, epson-sc-t7700d, epson-sc-t7700dl, epson-sc-t7700dm, epson-sc-p20500",https://www.keplertechllc.com/product/innova-smooth-cotton-high-white-315gsm-ifa-14/,https://www.keplertechllc.com/wp-content/uploads/2023/06/Innova-Smooth-Cotton-High-White-315gsm-IFA-14.webp,320.0
IFA 15,Innova IFA 15 Soft White Cotton 280gsm,IFA-15,Innova Art,fine_art,Matte,280,roll,,,"aqueous_pigment, aqueous_dye",,https://www.keplertechllc.com/product/innova-soft-white-cotton-280gsm-ifa-15/,https://www.keplertechllc.com/wp-content/uploads/2023/06/Innova-Soft-White-Cotton-280gsm-IFA-15.webp,320.0
IFA 23,Innova IFA 23 Décor Watercolour Art 245gsm,IFA-23,Innova Art,fine_art,Matte,245,roll,,,"aqueous_pigment, aqueous_dye",,https://www.keplertechllc.com/product/innova-decor-watercolour-art-245gsm-ifa-23/,https://www.keplertechllc.com/wp-content/uploads/2023/06/Innova-Decor-Watercolour-Art-245gsm-IFA-23.webp,150.0
IFA-23-1118x30,"Innova IFA 23 Décor Watercolour Art 245gsm - 44""X30 M",IFA-23,Innova Art,fine_art,Matte,245,roll,"44""×30m",44.0,"aqueous_pigment, aqueous_dye","epson-sc-p9500, epson-sc-p9500-spectro, epson-sc-p8500d, epson-sc-p8500dm, epson-sc-t7700d, epson-sc-t7700dl, epson-sc-t7700dm, epson-sc-p20500",https://www.keplertechllc.com/product/innova-decor-watercolour-art-245gsm-ifa-23/,https://www.keplertechllc.com/wp-content/uploads/2023/06/Innova-Decor-Watercolour-Art-245gsm-IFA-23.webp,150.0
IFA-23-610x30,"Innova IFA 23 Décor Watercolour Art 245gsm - 24""X30 M",IFA-23,Innova Art,fine_art,Matte,245,roll,"24""×30m",24.0,"aqueous_pigment, aqueous_dye","epson-sc-p7500, epson-sc-p7500-spectro, epson-sc-p6500e, epson-sc-p6500d, epson-sc-t3100, epson-sc-t3700e, epson-sc-t3700d, epson-sc-t5100, epson-sc-t5405, epson-sc-t5700d, epson-sc-t5100m, epson-sc-t5700dm, epson-sc-p9500, epson-sc-p9500-spectro, epson-sc-p8500d, epson-sc-p8500dm, epson-sc-t7700d, epson-sc-t7700dl, epson-sc-t7700dm, epson-sc-p20500",https://www.keplertechllc.com/product/innova-decor-watercolour-art-245gsm-ifa-23/,https://www.keplertechllc.com/wp-content/uploads/2023/06/Innova-Decor-Watercolour-Art-245gsm-IFA-23.webp,150.0
IFA 26,Innova IFA 26 Soft Textured Bright White Cotton 315gsm,IFA-26,Innova Art,fine_art,Soft Textured Cotton,315,roll,,,"aqueous_pigment, aqueous_dye",,https://www.keplertechllc.com/product/innova-soft-textured-bright-white-cotton-315gsm-ifa-26/,https://www.keplertechllc.com/wp-content/uploads/2023/06/Innova-Soft-Textured-Bright-White-Cotton-315gsm-IFA-26.webp,320.0
IFA-26-A4-50,Innova IFA 26 Soft Textured Bright White Cotton 315gsm - A4 - 50 Sheets,IFA-26,Innova Art,fine_art,Soft Textured Cotton,315,sheet,A4,8.3,"aqueous_pigment, aqueous_dye","epson-sc-p700, epson-sc-p900, epson-sc-p5300",https://www.keplertechllc.com/product/innova-soft-textured-bright-white-cotton-315gsm-ifa-26/,https://www.keplertechllc.com/wp-content/uploads/2023/06/Innova-Soft-Textured-Bright-White-Cotton-315gsm-IFA-26.webp,320.0
IFA-26-A3P-50,Innova IFA 26 Soft Textured Bright White Cotton 315gsm - A3+ - 50 Sheets,IFA-26,Innova Art,fine_art,Soft Textured Cotton,315,sheet,A3+,13.0,"aqueous_pigment, aqueous_dye","epson-sc-p700, epson-sc-p900, epson-sc-p5300",https://www.keplertechllc.com/product/innova-soft-textured-bright-white-cotton-315gsm-ifa-26/,https://www.keplertechllc.com/wp-content/uploads/2023/06/Innova-Soft-Textured-Bright-White-Cotton-315gsm-IFA-26.webp,320.0
IFA-26-610x15,"Innova IFA 26 Soft Textured Bright White Cotton 315gsm - 24""X15 M",IFA-26,Innova Art,fine_art,Soft Textured Cotton,315,roll,"24""×15m",24.0,"aqueous_pigment, aqueous_dye","epson-sc-p7500, epson-sc-p7500-spectro, epson-sc-p6500e, epson-sc-p6500d, epson-sc-t3100, epson-sc-t3700e, epson-sc-t3700d, epson-sc-t5100, epson-sc-t5405, epson-sc-t5700d, epson-sc-t5100m, epson-sc-t5700dm, epson-sc-p9500, epson-sc-p9500-spectro, epson-sc-p8500d, epson-sc-p8500dm, epson-sc-t7700d, epson-sc-t7700dl, epson-sc-t7700dm, epson-sc-p20500",https://www.keplertechllc.com/product/innova-soft-textured-bright-white-cotton-315gsm-ifa-26/,https://www.keplertechllc.com/wp-content/uploads/2023/06/Innova-Soft-Textured-Bright-White-Cotton-315gsm-IFA-26.webp,320.0
IFA-26-1118x15,"Innova IFA 26 Soft Textured Bright White Cotton 315gsm - 44""X15 M",IFA-26,Innova Art,fine_art,Soft Textured Cotton,315,roll,"44""×15m",44.0,"aqueous_pigment, aqueous_dye","epson-sc-p9500, epson-sc-p9500-spectro, epson-sc-p8500d, epson-sc-p8500dm, epson-sc-t7700d, epson-sc-t7700dl, epson-sc-t7700dm, epson-sc-p20500",https://www.keplertechllc.com/product/innova-soft-textured-bright-white-cotton-315gsm-ifa-26/,https://www.keplertechllc.com/wp-content/uploads/2023/06/Innova-Soft-Textured-Bright-White-Cotton-315gsm-IFA-26.webp,320.0
IFA 27,Innova IFA 27 Cold Press Rough Textured Bright White Cotton,IFA-27,Innova Art,fine_art,Cold Press Rough Textured,315,roll,,,"aqueous_pigment, aqueous_dye",,https://www.keplertechllc.com/product/innova-cold-press-rough-textured-bright-white-cotton-ifa-27/,https://www.keplertechllc.com/wp-content/uploads/2023/06/Innova-Cold-Press-Rough-Textured-Bright-White-Cotton-IFA-27.webp,320.0
IFA-27-A4-50,Innova IFA 27 Cold Press Rough Textured Bright White Cotton - A4 - 50 Sheets,IFA-27,Innova Art,fine_art,Cold Press Rough Textured,315,sheet,A4,8.3,"aqueous_pigment, aqueous_dye","epson-sc-p700, epson-sc-p900, epson-sc-p5300",https://www.keplertechllc.com/product/innova-cold-press-rough-textured-bright-white-cotton-ifa-27/,https://www.keplertechllc.com/wp-content/uploads/2023/06/Innova-Cold-Press-Rough-Textured-Bright-White-Cotton-IFA-27.webp,320.0
IFA-27-A3P-50,Innova IFA 27 Cold Press Rough Textured Bright White Cotton - A3+ - 50 Sheets,IFA-27,Innova Art,fine_art,Cold Press Rough Textured,315,sheet,A3+,13.0,"aqueous_pigment, aqueous_dye","epson-sc-p700, epson-sc-p900, epson-sc-p5300",https://www.keplertechllc.com/product/innova-cold-press-rough-textured-bright-white-cotton-ifa-27/,https://www.keplertechllc.com/wp-content/uploads/2023/06/Innova-Cold-Press-Rough-Textured-Bright-White-Cotton-IFA-27.webp,320.0
IFA-27-610x15,"Innova IFA 27 Cold Press Rough Textured Bright White Cotton - 24""X15 M",IFA-27,Innova Art,fine_art,Cold Press Rough Textured,315,roll,"24""×15m",24.0,"aqueous_pigment, aqueous_dye","epson-sc-p7500, epson-sc-p7500-spectro, epson-sc-p6500e, epson-sc-p6500d, epson-sc-t3100, epson-sc-t3700e, epson-sc-t3700d, epson-sc-t5100, epson-sc-t5405, epson-sc-t5700d, epson-sc-t5100m, epson-sc-t5700dm, epson-sc-p9500, epson-sc-p9500-spectro, epson-sc-p8500d, epson-sc-p8500dm, epson-sc-t7700d, epson-sc-t7700dl, epson-sc-t7700dm, epson-sc-p20500",https://www.keplertechllc.com/product/innova-cold-press-rough-textured-bright-white-cotton-ifa-27/,https://www.keplertechllc.com/wp-content/uploads/2023/06/Innova-Cold-Press-Rough-Textured-Bright-White-Cotton-IFA-27.webp,320.0
IFA-27-1118x15,"Innova IFA 27 Cold Press Rough Textured Bright White Cotton - 44""X15 M",IFA-27,Innova Art,fine_art,Cold Press Rough Textured,315,roll,"44""×15m",44.0,"aqueous_pigment, aqueous_dye","epson-sc-p9500, epson-sc-p9500-spectro, epson-sc-p8500d, epson-sc-p8500dm, epson-sc-t7700d, epson-sc-t7700dl, epson-sc-t7700dm, epson-sc-p20500",https://www.keplertechllc.com/product/innova-cold-press-rough-textured-bright-white-cotton-ifa-27/,https://www.keplertechllc.com/wp-content/uploads/2023/06/Innova-Cold-Press-Rough-Textured-Bright-White-Cotton-IFA-27.webp,320.0
IFA 54,Innova IFA 54 Exhibition Matte Cotton Canvas,IFA-54,Innova Art,canvas,Matte Canvas,380,roll,54″ Roll,54.0,"aqueous_pigment, aqueous_dye",epson-sc-p20500,https://www.keplertechllc.com/product/innova-exhibition-matte-cotton-canvas-ifa-54/,https://www.keplertechllc.com/wp-content/uploads/2023/06/Innova-Exhibition-Matte-Cotton-Canvas-IFA-54.webp,320.0
IFA-54-610x15,"Innova IFA 54 Exhibition Matte Cotton Canvas - 24""X15 M",IFA-54,Innova Art,canvas,Matte Canvas,380,roll,"24""×15m",24.0,"aqueous_pigment, aqueous_dye","epson-sc-p7500, epson-sc-p7500-spectro, epson-sc-p6500e, epson-sc-p6500d, epson-sc-t3100, epson-sc-t3700e, epson-sc-t3700d, epson-sc-t5100, epson-sc-t5405, epson-sc-t5700d, epson-sc-t5100m, epson-sc-t5700dm, epson-sc-p9500, epson-sc-p9500-spectro, epson-sc-p8500d, epson-sc-p8500dm, epson-sc-t7700d, epson-sc-t7700dl, epson-sc-t7700dm, epson-sc-p20500",https://www.keplertechllc.com/product/innova-exhibition-matte-cotton-canvas-ifa-54/,https://www.keplertechllc.com/wp-content/uploads/2023/06/Innova-Exhibition-Matte-Cotton-Canvas-IFA-54.webp,320.0
IFA-54-1118x15,"Innova IFA 54 Exhibition Matte Cotton Canvas - 44""X15 M",IFA-54,Innova Art,canvas,Matte Canvas,380,roll,"44""×15m",44.0,"aqueous_pigment, aqueous_dye","epson-sc-p9500, epson-sc-p9500-spectro, epson-sc-p8500d, epson-sc-p8500dm, epson-sc-t7700d, epson-sc-t7700dl, epson-sc-t7700dm, epson-sc-p20500",https://www.keplertechllc.com/product/innova-exhibition-matte-cotton-canvas-ifa-54/,https://www.keplertechllc.com/wp-content/uploads/2023/06/Innova-Exhibition-Matte-Cotton-Canvas-IFA-54.webp,320.0
IFA 55,Innova IFA 55 Exhibition Matte Polycotton Canvas,IFA-55,Innova Art,canvas,Matte Canvas,380,roll,,,"aqueous_pigment, aqueous_dye",,https://www.keplertechllc.com/product/innova-exhibition-matte-polycotton-canvas-ifa-55/,https://www.keplertechllc.com/wp-content/uploads/2023/06/Innova-Exhibition-Matte-Polycotton-Canvas-IFA-55.webp,320.0
IFA-55-610x15,"Innova IFA 55 Exhibition Matte Polycotton Canvas - 24""X15 M",IFA-55,Innova Art,canvas,Matte Canvas,380,roll,"24""×15m",24.0,"aqueous_pigment, aqueous_dye","epson-sc-p7500, epson-sc-p7500-spectro, epson-sc-p6500e, epson-sc-p6500d, epson-sc-t3100, epson-sc-t3700e, epson-sc-t3700d, epson-sc-t5100, epson-sc-t5405, epson-sc-t5700d, epson-sc-t5100m, epson-sc-t5700dm, epson-sc-p9500, epson-sc-p9500-spectro, epson-sc-p8500d, epson-sc-p8500dm, epson-sc-t7700d, epson-sc-t7700dl, epson-sc-t7700dm, epson-sc-p20500",https://www.keplertechllc.com/product/innova-exhibition-matte-polycotton-canvas-ifa-55/,https://www.keplertechllc.com/wp-content/uploads/2023/06/Innova-Exhibition-Matte-Polycotton-Canvas-IFA-55.webp,320.0
IFA-55-1118x15,"Innova IFA 55 Exhibition Matte Polycotton Canvas - 44""X15 M",IFA-55,Innova Art,canvas,Matte Canvas,380,roll,"44""×15m",44.0,"aqueous_pigment, aqueous_dye","epson-sc-p9500, epson-sc-p9500-spectro, epson-sc-p8500d, epson-sc-p8500dm, epson-sc-t7700d, epson-sc-t7700dl, epson-sc-t7700dm, epson-sc-p20500",https://www.keplertechllc.com/product/innova-exhibition-matte-polycotton-canvas-ifa-55/,https://www.keplertechllc.com/wp-content/uploads/2023/06/Innova-Exhibition-Matte-Polycotton-Canvas-IFA-55.webp,320.0
IFA 52,Innova IFA 52 Exhibition Matte Polyester Canvas,IFA-52,Innova Art,canvas,Matte Canvas,260,roll,,,"aqueous_pigment, aqueous_dye",,https://www.keplertechllc.com/product/innova-exhibition-matte-polyester-canvas-ifa-52/,https://www.keplertechllc.com/wp-content/uploads/2023/06/Innova-Exhibition-Matte-Polyester-Canvas-IFA-52.webp,320.0
IFA-52-610x30,"Innova IFA 52 Exhibition Matte Polyester Canvas - 24""X30 M",IFA-52,Innova Art,canvas,Matte Canvas,260,roll,"24""×30m",24.0,"aqueous_pigment, aqueous_dye","epson-sc-p7500, epson-sc-p7500-spectro, epson-sc-p6500e, epson-sc-p6500d, epson-sc-t3100, epson-sc-t3700e, epson-sc-t3700d, epson-sc-t5100, epson-sc-t5405, epson-sc-t5700d, epson-sc-t5100m, epson-sc-t5700dm, epson-sc-p9500, epson-sc-p9500-spectro, epson-sc-p8500d, epson-sc-p8500dm, epson-sc-t7700d, epson-sc-t7700dl, epson-sc-t7700dm, epson-sc-p20500",https://www.keplertechllc.com/product/innova-exhibition-matte-polyester-canvas-ifa-52/,https://www.keplertechllc.com/wp-content/uploads/2023/06/Innova-Exhibition-Matte-Polyester-Canvas-IFA-52.webp,320.0
IFA-52-1118x30,"Innova IFA 52 Exhibition Matte Polyester Canvas - 44""X30 M",IFA-52,Innova Art,canvas,Matte Canvas,260,roll,"44""×30m",44.0,"aqueous_pigment, aqueous_dye","epson-sc-p9500, epson-sc-p9500-spectro, epson-sc-p8500d, epson-sc-p8500dm, epson-sc-t7700d, epson-sc-t7700dl, epson-sc-t7700dm, epson-sc-p20500",https://www.keplertechllc.com/product/innova-exhibition-matte-polyester-canvas-ifa-52/,https://www.keplertechllc.com/wp-content/uploads/2023/06/Innova-Exhibition-Matte-Polyester-Canvas-IFA-52.webp,320.0
IFA 56,Innova IFA 56 Exhibition Gloss Polycotton Canvas,IFA-56,Innova Art,canvas,Glossy,390,roll,,,"aqueous_pigment, aqueous_dye",,https://www.keplertechllc.com/product/innova-exhibition-gloss-polycotton-canvas-ifa-56/,https://www.keplertechllc.com/wp-content/uploads/2023/06/Innova-Exhibition-Gloss-Polycotton-Canvas-IFA-56.webp,320.0
IFA-56-610x15,"Innova IFA 56 Exhibition Gloss Polycotton Canvas - 24""X15 M",IFA-56,Innova Art,canvas,Glossy,390,roll,"24""×15m",24.0,"aqueous_pigment, aqueous_dye","epson-sc-p7500, epson-sc-p7500-spectro, epson-sc-p6500e, epson-sc-p6500d, epson-sc-t3100, epson-sc-t3700e, epson-sc-t3700d, epson-sc-t5100, epson-sc-t5405, epson-sc-t5700d, epson-sc-t5100m, epson-sc-t5700dm, epson-sc-p9500, epson-sc-p9500-spectro, epson-sc-p8500d, epson-sc-p8500dm, epson-sc-t7700d, epson-sc-t7700dl, epson-sc-t7700dm, epson-sc-p20500",https://www.keplertechllc.com/product/innova-exhibition-gloss-polycotton-canvas-ifa-56/,https://www.keplertechllc.com/wp-content/uploads/2023/06/Innova-Exhibition-Gloss-Polycotton-Canvas-IFA-56.webp,320.0
IFA-56-1118x15,"Innova IFA 56 Exhibition Gloss Polycotton Canvas - 44""X15 M",IFA-56,Innova Art,canvas,Glossy,390,roll,"44""×15m",44.0,"aqueous_pigment, aqueous_dye","epson-sc-p9500, epson-sc-p9500-spectro, epson-sc-p8500d, epson-sc-p8500dm, epson-sc-t7700d, epson-sc-t7700dl, epson-sc-t7700dm, epson-sc-p20500",https://www.keplertechllc.com/product/innova-exhibition-gloss-polycotton-canvas-ifa-56/,https://www.keplertechllc.com/wp-content/uploads/2023/06/Innova-Exhibition-Gloss-Polycotton-Canvas-IFA-56.webp,320.0
IFA 96,Innova IFA 96 Eco Solvent Poly Cotton Canvas,IFA-96,Innova Art,signage,Matte Canvas,380,roll,,,"eco_solvent, latex, uv",,https://www.keplertechllc.com/product/innova-eco-solvent-poly-cotton-canvas-ifa-96/,https://www.keplertechllc.com/wp-content/uploads/2023/06/Innova-Eco-Solvent-Poly-Cotton-Canvas-IFA-96.webp,320.0
IFA-96-762x25,Innova IFA 96 Eco Solvent Poly Cotton Canvas - 30''X25 M,IFA-96,Innova Art,signage,Matte Canvas,380,roll,"30""×25m",30.0,"eco_solvent, latex, uv",,https://www.keplertechllc.com/product/innova-eco-solvent-poly-cotton-canvas-ifa-96/,https://www.keplertechllc.com/wp-content/uploads/2023/06/Innova-Eco-Solvent-Poly-Cotton-Canvas-IFA-96.webp,320.0
IFA-96-1372x25,Innova IFA 96 Eco Solvent Poly Cotton Canvas - 54''X25 M,IFA-96,Innova Art,signage,Matte Canvas,380,roll,"54""×25m",54.0,"eco_solvent, latex, uv",,https://www.keplertechllc.com/product/innova-eco-solvent-poly-cotton-canvas-ifa-96/,https://www.keplertechllc.com/wp-content/uploads/2023/06/Innova-Eco-Solvent-Poly-Cotton-Canvas-IFA-96.webp,320.0
IFA-96-1524x25,Innova IFA 96 Eco Solvent Poly Cotton Canvas - 60''X25 M,IFA-96,Innova Art,signage,Matte Canvas,380,roll,"60""×25m",60.0,"eco_solvent, latex, uv",,https://www.keplertechllc.com/product/innova-eco-solvent-poly-cotton-canvas-ifa-96/,https://www.keplertechllc.com/wp-content/uploads/2023/06/Innova-Eco-Solvent-Poly-Cotton-Canvas-IFA-96.webp,320.0
IFA 95,Innova IFA 95 Eco Solvent Polyester Canvas,IFA-95,Innova Art,signage,Matte Canvas,260,roll,,,"eco_solvent, latex, uv",,https://www.keplertechllc.com/product/innova-eco-solvent-polyester-canvas-ifa-95/,https://www.keplertechllc.com/wp-content/uploads/2023/06/Innova-Eco-Solvent-Polyester-Canvas-IFA-95.webp,320.0
IFA-95-762x25,Innova IFA 95 Eco Solvent Polyester Canvas - 30''X25 M,IFA-95,Innova Art,signage,Matte Canvas,260,roll,"30""×25m",30.0,"eco_solvent, latex, uv",,https://www.keplertechllc.com/product/innova-eco-solvent-polyester-canvas-ifa-95/,https://www.keplertechllc.com/wp-content/uploads/2023/06/Innova-Eco-Solvent-Polyester-Canvas-IFA-95.webp,320.0
IFA-95-1372x25,Innova IFA 95 Eco Solvent Polyester Canvas - 54''X25 M,IFA-95,Innova Art,signage,Matte Canvas,260,roll,"54""×25m",54.0,"eco_solvent, latex, uv",,https://www.keplertechllc.com/product/innova-eco-solvent-polyester-canvas-ifa-95/,https://www.keplertechllc.com/wp-content/uploads/2023/06/Innova-Eco-Solvent-Polyester-Canvas-IFA-95.webp,320.0
IFA-95-1524x25,Innova IFA 95 Eco Solvent Polyester Canvas - 60''X25 M,IFA-95,Innova Art,signage,Matte Canvas,260,roll,"60""×25m",60.0,"eco_solvent, latex, uv",,https://www.keplertechllc.com/product/innova-eco-solvent-polyester-canvas-ifa-95/,https://www.keplertechllc.com/wp-content/uploads/2023/06/Innova-Eco-Solvent-Polyester-Canvas-IFA-95.webp,320.0
IFA 93,Innova IFA 93 Eco Solvent Watercolour Paper,IFA-93,Innova Art,signage,Matte,240,roll,,,"eco_solvent, latex, uv",,https://www.keplertechllc.com/product/innova-eco-solvent-watercolour-paper-ifa-93/,https://www.keplertechllc.com/wp-content/uploads/2023/06/Innova-Eco-Solvent-Watercolour-Paper-IFA-93.webp,320.0
IFA-93-762x25,Innova IFA 93 Eco Solvent Watercolour Paper - 30''X25 M,IFA-93,Innova Art,signage,Matte,240,roll,"30""×25m",30.0,"eco_solvent, latex, uv",,https://www.keplertechllc.com/product/innova-eco-solvent-watercolour-paper-ifa-93/,https://www.keplertechllc.com/wp-content/uploads/2023/06/Innova-Eco-Solvent-Watercolour-Paper-IFA-93.webp,320.0
IFA-93-1372x25,Innova IFA 93 Eco Solvent Watercolour Paper - 54''X25 M,IFA-93,Innova Art,signage,Matte,240,roll,"54""×25m",54.0,"eco_solvent, latex, uv",,https://www.keplertechllc.com/product/innova-eco-solvent-watercolour-paper-ifa-93/,https://www.keplertechllc.com/wp-content/uploads/2023/06/Innova-Eco-Solvent-Watercolour-Paper-IFA-93.webp,320.0
IFA-93-1524x25,Innova IFA 93 Eco Solvent Watercolour Paper - 60''X25 M,IFA-93,Innova Art,signage,Matte,240,roll,"60""×25m",60.0,"eco_solvent, latex, uv",,https://www.keplertechllc.com/product/innova-eco-solvent-watercolour-paper-ifa-93/,https://www.keplertechllc.com/wp-content/uploads/2023/06/Innova-Eco-Solvent-Watercolour-Paper-IFA-93.webp,320.0
IFA 94,Innova IFA 94 Eco Solvent Velvet Art Paper,IFA-94,Innova Art,signage,Matte,240,roll,,,"eco_solvent, latex, uv",,https://www.keplertechllc.com/product/innova-eco-solvent-velvet-art-paper-ifa-94/,https://www.keplertechllc.com/wp-content/uploads/2023/06/Innova-Eco-Solvent-Velvet-Art-Paper-IFA-94.webp,320.0
IFA-94-762x25,Innova IFA 94 Eco Solvent Velvet Art Paper - 30''X25 M,IFA-94,Innova Art,signage,Matte,240,roll,"30""×25m",30.0,"eco_solvent, latex, uv",,https://www.keplertechllc.com/product/innova-eco-solvent-velvet-art-paper-ifa-94/,https://www.keplertechllc.com/wp-content/uploads/2023/06/Innova-Eco-Solvent-Velvet-Art-Paper-IFA-94.webp,320.0
IFA-94-1372x25,Innova IFA 94 Eco Solvent Velvet Art Paper - 54''X25 M,IFA-94,Innova Art,signage,Matte,240,roll,"54""×25m",54.0,"eco_solvent, latex, uv",,https://www.keplertechllc.com/product/innova-eco-solvent-velvet-art-paper-ifa-94/,https://www.keplertechllc.com/wp-content/uploads/2023/06/Innova-Eco-Solvent-Velvet-Art-Paper-IFA-94.webp,320.0
IFA-94-1524x25,Innova IFA 94 Eco Solvent Velvet Art Paper - 60''X25 M,IFA-94,Innova Art,signage,Matte,240,roll,"60""×25m",60.0,"eco_solvent, latex, uv",,https://www.keplertechllc.com/product/innova-eco-solvent-velvet-art-paper-ifa-94/,https://www.keplertechllc.com/wp-content/uploads/2023/06/Innova-Eco-Solvent-Velvet-Art-Paper-IFA-94.webp,320.0
IFA 145,Innova IFA 145 Eco Solvent Poster Art Paper,IFA-145,Innova Art,signage,Matte,210,roll,,,"eco_solvent, latex, uv",,https://www.keplertechllc.com/product/innova-eco-solvent-poster-art-paper-ifa-145/,https://www.keplertechllc.com/wp-content/uploads/2023/06/Innova-Eco-Solvent-Poster-Art-Paper-IFA-145.webp,320.0
IFA-145-762-030,Innova IFA 145 Eco Solvent Poster Art Paper - 30''X30 M,IFA-145,Innova Art,signage,Matte,210,roll,"30""×30m",30.0,"eco_solvent, latex, uv",,https://www.keplertechllc.com/product/innova-eco-solvent-poster-art-paper-ifa-145/,https://www.keplertechllc.com/wp-content/uploads/2023/06/Innova-Eco-Solvent-Poster-Art-Paper-IFA-145.webp,320.0
IFA-145-1372-030,Innova IFA 145 Eco Solvent Poster Art Paper - 54''X30 M,IFA-145,Innova Art,signage,Matte,210,roll,"54""×30m",54.0,"eco_solvent, latex, uv",,https://www.keplertechllc.com/product/innova-eco-solvent-poster-art-paper-ifa-145/,https://www.keplertechllc.com/wp-content/uploads/2023/06/Innova-Eco-Solvent-Poster-Art-Paper-IFA-145.webp,320.0
IFA-145-1524-030,"Innova IFA 145 Eco Solvent Poster Art Paper - 60""X30 M",IFA-145,Innova Art,signage,Matte,210,roll,"60""×30m",60.0,"eco_solvent, latex, uv",,https://www.keplertechllc.com/product/innova-eco-solvent-poster-art-paper-ifa-145/,https://www.keplertechllc.com/wp-content/uploads/2023/06/Innova-Eco-Solvent-Poster-Art-Paper-IFA-145.webp,320.0
IFA 98,Innova IFA 98 Eco Solvent Paste Up Wallpaper,IFA-98,Innova Art,signage,Pre-Pasted Wallpaper,,roll,,,"eco_solvent, latex, uv",,https://www.keplertechllc.com/product/innova-eco-solvent-paste-up-wallpaper-ifa-98/,https://www.keplertechllc.com/wp-content/uploads/2023/06/Innova-Eco-Solvent-Paste-Up-Wallpaper-IFA-98.webp,320.0
IFA 24,Innova IFA 24 Décor Smooth Art 210gsm,IFA-24,Innova Art,fine_art,Matte,210,roll,24″ Roll,24.0,"aqueous_pigment, aqueous_dye","epson-sc-p7500, epson-sc-p7500-spectro, epson-sc-p6500e, epson-sc-p6500d, epson-sc-t3100, epson-sc-t3700e, epson-sc-t3700d, epson-sc-t5100, epson-sc-t5405, epson-sc-t5700d, epson-sc-t5100m, epson-sc-t5700dm, epson-sc-p9500, epson-sc-p9500-spectro, epson-sc-p8500d, epson-sc-p8500dm, epson-sc-t7700d, epson-sc-t7700dl, epson-sc-t7700dm, epson-sc-p20500",https://www.keplertechllc.com/product/innova-decor-smooth-art-ifa-24/,https://www.keplertechllc.com/wp-content/uploads/2023/06/Innova-Decor-Smooth-Art-IFA-24.webp,150.0
IFA 25,Innova IFA 25 Décor Smooth Art DS 220gsm,IFA-25,Innova Art,fine_art,Matte,220,roll,,,"aqueous_pigment, aqueous_dye",,https://www.keplertechllc.com/product/innova-decor-smooth-art-ds-ifa-25/,https://www.keplertechllc.com/wp-content/uploads/2023/06/Innova-Decor-Smooth-Art-DS-IFA-25.webp,150.0
IFA-05-A4-50,Innova IFA 05 Smooth Cotton High White DS 225gsm - A4 - 50 Sheets,IFA-05,Innova Art,fine_art,Smooth Cotton,225,sheet,A4,8.3,"aqueous_pigment, aqueous_dye","epson-sc-p700, epson-sc-p900, epson-sc-p5300",https://www.keplertechllc.com/product/innova-smooth-cotton-high-white-ds-225gsm-ifa-05/,https://www.keplertechllc.com/wp-content/uploads/2023/06/Innova-Smooth-Cotton-High-White-DS-IFA-05.webp,320.0
IFA-05-A3P-50,Innova IFA 05 Smooth Cotton High White DS 225gsm - A3+ - 50 Sheets,IFA-05,Innova Art,fine_art,Smooth Cotton,225,sheet,A3+,13.0,"aqueous_pigment, aqueous_dye","epson-sc-p700, epson-sc-p900, epson-sc-p5300",https://www.keplertechllc.com/product/innova-smooth-cotton-high-white-ds-225gsm-ifa-05/,https://www.keplertechllc.com/wp-content/uploads/2023/06/Innova-Smooth-Cotton-High-White-DS-IFA-05.webp,320.0
IFA-05-610x15,"Innova IFA 05 Smooth Cotton High White DS 225gsm - 24""X15 M",IFA-05,Innova Art,fine_art,Smooth Cotton,225,roll,"24""×15m",24.0,"aqueous_pigment, aqueous_dye","epson-sc-p7500, epson-sc-p7500-spectro, epson-sc-p6500e, epson-sc-p6500d, epson-sc-t3100, epson-sc-t3700e, epson-sc-t3700d, epson-sc-t5100, epson-sc-t5405, epson-sc-t5700d, epson-sc-t5100m, epson-sc-t5700dm, epson-sc-p9500, epson-sc-p9500-spectro, epson-sc-p8500d, epson-sc-p8500dm, epson-sc-t7700d, epson-sc-t7700dl, epson-sc-t7700dm, epson-sc-p20500",https://www.keplertechllc.com/product/innova-smooth-cotton-high-white-ds-225gsm-ifa-05/,https://www.keplertechllc.com/wp-content/uploads/2023/06/Innova-Smooth-Cotton-High-White-DS-IFA-05.webp,320.0
IFA-05-1118x15,"Innova IFA 05 Smooth Cotton High White DS 225gsm - 44""X15 M",IFA-05,Innova Art,fine_art,Smooth Cotton,225,roll,"44""×15m",44.0,"aqueous_pigment, aqueous_dye","epson-sc-p9500, epson-sc-p9500-spectro, epson-sc-p8500d, epson-sc-p8500dm, epson-sc-t7700d, epson-sc-t7700dl, epson-sc-t7700dm, epson-sc-p20500",https://www.keplertechllc.com/product/innova-smooth-cotton-high-white-ds-225gsm-ifa-05/,https://www.keplertechllc.com/wp-content/uploads/2023/06/Innova-Smooth-Cotton-High-White-DS-IFA-05.webp,320.0
IFA-15-A4-25,Innova IFA 15 Soft White Cotton 280gsm - A4 - 25 Sheets,IFA-15,Innova Art,fine_art,Matte,280,sheet,A4,8.3,"aqueous_pigment, aqueous_dye","epson-sc-p700, epson-sc-p900, epson-sc-p5300",https://www.keplertechllc.com/product/innova-soft-white-cotton-280gsm-ifa-15/,https://www.keplertechllc.com/wp-content/uploads/2023/06/Innova-Soft-White-Cotton-280gsm-IFA-15.webp,320.0
IFA-15-A3P-25,Innova IFA 15 Soft White Cotton 280gsm - A3+ - 25 Sheets,IFA-15,Innova Art,fine_art,Matte,280,sheet,A3+,13.0,"aqueous_pigment, aqueous_dye","epson-sc-p700, epson-sc-p900, epson-sc-p5300",https://www.keplertechllc.com/product/innova-soft-white-cotton-280gsm-ifa-15/,https://www.keplertechllc.com/wp-content/uploads/2023/06/Innova-Soft-White-Cotton-280gsm-IFA-15.webp,320.0
IFA-15-610x15,"Innova IFA 15 Soft White Cotton 280gsm - 24""X15 M",IFA-15,Innova Art,fine_art,Matte,280,roll,"24""×15m",24.0,"aqueous_pigment, aqueous_dye","epson-sc-p7500, epson-sc-p7500-spectro, epson-sc-p6500e, epson-sc-p6500d, epson-sc-t3100, epson-sc-t3700e, epson-sc-t3700d, epson-sc-t5100, epson-sc-t5405, epson-sc-t5700d, epson-sc-t5100m, epson-sc-t5700dm, epson-sc-p9500, epson-sc-p9500-spectro, epson-sc-p8500d, epson-sc-p8500dm, epson-sc-t7700d, epson-sc-t7700dl, epson-sc-t7700dm, epson-sc-p20500",https://www.keplertechllc.com/product/innova-soft-white-cotton-280gsm-ifa-15/,https://www.keplertechllc.com/wp-content/uploads/2023/06/Innova-Soft-White-Cotton-280gsm-IFA-15.webp,320.0
IFA-15-1118x15,"Innova IFA 15 Soft White Cotton 280gsm - 44""X15 M",IFA-15,Innova Art,fine_art,Matte,280,roll,"44""×15m",44.0,"aqueous_pigment, aqueous_dye","epson-sc-p9500, epson-sc-p9500-spectro, epson-sc-p8500d, epson-sc-p8500dm, epson-sc-t7700d, epson-sc-t7700dl, epson-sc-t7700dm, epson-sc-p20500",https://www.keplertechllc.com/product/innova-soft-white-cotton-280gsm-ifa-15/,https://www.keplertechllc.com/wp-content/uploads/2023/06/Innova-Soft-White-Cotton-280gsm-IFA-15.webp,320.0
IFA-24-A4-50,Innova IFA 24 Décor Smooth Art 210gsm - A4 - 50 Sheets,IFA-24,Innova Art,fine_art,Matte,210,sheet,A4,8.3,"aqueous_pigment, aqueous_dye","epson-sc-p700, epson-sc-p900, epson-sc-p5300",https://www.keplertechllc.com/product/innova-decor-smooth-art-ds-ifa-25/,https://www.keplertechllc.com/wp-content/uploads/2023/06/Innova-Decor-Smooth-Art-DS-IFA-25.webp,150.0
IFA-24-A3P-50,Innova IFA 24 Décor Smooth Art 210gsm - A3+ - 50 Sheets,IFA-24,Innova Art,fine_art,Matte,210,sheet,A3+,13.0,"aqueous_pigment, aqueous_dye","epson-sc-p700, epson-sc-p900, epson-sc-p5300",https://www.keplertechllc.com/product/innova-decor-smooth-art-ds-ifa-25/,https://www.keplertechllc.com/wp-content/uploads/2023/06/Innova-Decor-Smooth-Art-DS-IFA-25.webp,150.0
IFA-24-610x30,"Innova IFA 24 Décor Smooth Art 210gsm - 24""X30 M",IFA-24,Innova Art,fine_art,Matte,210,roll,"24""×30m",24.0,"aqueous_pigment, aqueous_dye","epson-sc-p7500, epson-sc-p7500-spectro, epson-sc-p6500e, epson-sc-p6500d, epson-sc-t3100, epson-sc-t3700e, epson-sc-t3700d, epson-sc-t5100, epson-sc-t5405, epson-sc-t5700d, epson-sc-t5100m, epson-sc-t5700dm, epson-sc-p9500, epson-sc-p9500-spectro, epson-sc-p8500d, epson-sc-p8500dm, epson-sc-t7700d, epson-sc-t7700dl, epson-sc-t7700dm, epson-sc-p20500",https://www.keplertechllc.com/product/innova-decor-smooth-art-ifa-24/,https://www.keplertechllc.com/wp-content/uploads/2023/06/Innova-Decor-Smooth-Art-IFA-24.webp,150.0
IFA-24-1118x30,"Innova IFA 24 Décor Smooth Art 210gsm - 44""X30 M",IFA-24,Innova Art,fine_art,Matte,210,roll,"44""×30m",44.0,"aqueous_pigment, aqueous_dye","epson-sc-p9500, epson-sc-p9500-spectro, epson-sc-p8500d, epson-sc-p8500dm, epson-sc-t7700d, epson-sc-t7700dl, epson-sc-t7700dm, epson-sc-p20500",https://www.keplertechllc.com/product/innova-decor-smooth-art-ds-ifa-25/,https://www.keplertechllc.com/wp-content/uploads/2023/06/Innova-Decor-Smooth-Art-DS-IFA-25.webp,150.0
OLM 62,OLM 62 Olmec Photo Gloss Lightweight 190gsm,OLM-62,Olmec,photo,Glossy,190,roll,,,"aqueous_pigment, aqueous_dye",,https://www.keplertechllc.com/product/olm-62-olmec-photo-gloss-lightweight-190gsm/,https://www.keplertechllc.com/wp-content/uploads/2023/06/OLM-62-Olmec-Photo-Gloss-Lightweight-190gsm.webp,150.0
OLM62R24,"OLM 62 Olmec Photo Gloss Lightweight 190gsm - 24""X30 M",OLM-62,Olmec,photo,Glossy,190,roll,"24""×30m",24.0,"aqueous_pigment, aqueous_dye","epson-sc-p7500, epson-sc-p7500-spectro, epson-sc-p6500e, epson-sc-p6500d, epson-sc-t3100, epson-sc-t3700e, epson-sc-t3700d, epson-sc-t5100, epson-sc-t5405, epson-sc-t5700d, epson-sc-t5100m, epson-sc-t5700dm, epson-sc-p9500, epson-sc-p9500-spectro, epson-sc-p8500d, epson-sc-p8500dm, epson-sc-t7700d, epson-sc-t7700dl, epson-sc-t7700dm, epson-sc-p20500",https://www.keplertechllc.com/product/olm-62-olmec-photo-gloss-lightweight-190gsm/,https://www.keplertechllc.com/wp-content/uploads/2023/06/OLM-62-Olmec-Photo-Gloss-Lightweight-190gsm.webp,150.0
OLM62R44,"OLM 62 Olmec Photo Gloss Lightweight 190gsm - 44""X30 M",OLM-62,Olmec,photo,Glossy,190,roll,"44""×30m",44.0,"aqueous_pigment, aqueous_dye","epson-sc-p9500, epson-sc-p9500-spectro, epson-sc-p8500d, epson-sc-p8500dm, epson-sc-t7700d, epson-sc-t7700dl, epson-sc-t7700dm, epson-sc-p20500",https://www.keplertechllc.com/product/olm-62-olmec-photo-gloss-lightweight-190gsm/,https://www.keplertechllc.com/wp-content/uploads/2023/06/OLM-62-Olmec-Photo-Gloss-Lightweight-190gsm.webp,150.0
OLM 68,OLM 68 Olmec Photo Lustre Lightweight 190gsm,OLM-68,Olmec,photo,Lustre,190,roll,,,"aqueous_pigment, aqueous_dye",,https://www.keplertechllc.com/product/olm-68-olmec-photo-lustre-lightweight-190gsm/,https://www.keplertechllc.com/wp-content/uploads/2023/06/OLM-68-Olmec-Photo-Lustre-Lightweight-190gsm.webp,150.0
OLM68R24,"OLM 68 Olmec Photo Lustre Lightweight 190gsm - 24""X30 M",OLM-68,Olmec,photo,Lustre,190,roll,"24""×30m",24.0,"aqueous_pigment, aqueous_dye","epson-sc-p7500, epson-sc-p7500-spectro, epson-sc-p6500e, epson-sc-p6500d, epson-sc-t3100, epson-sc-t3700e, epson-sc-t3700d, epson-sc-t5100, epson-sc-t5405, epson-sc-t5700d, epson-sc-t5100m, epson-sc-t5700dm, epson-sc-p9500, epson-sc-p9500-spectro, epson-sc-p8500d, epson-sc-p8500dm, epson-sc-t7700d, epson-sc-t7700dl, epson-sc-t7700dm, epson-sc-p20500",https://www.keplertechllc.com/product/olm-68-olmec-photo-lustre-lightweight-190gsm/,https://www.keplertechllc.com/wp-content/uploads/2023/06/OLM-68-Olmec-Photo-Lustre-Lightweight-190gsm.webp,150.0
OLM68R44,"OLM 68 Olmec Photo Lustre Lightweight 190gsm - 44""X30 M",OLM-68,Olmec,photo,Lustre,190,roll,"44""×30m",44.0,"aqueous_pigment, aqueous_dye","epson-sc-p9500, epson-sc-p9500-spectro, epson-sc-p8500d, epson-sc-p8500dm, epson-sc-t7700d, epson-sc-t7700dl, epson-sc-t7700dm, epson-sc-p20500",https://www.keplertechllc.com/product/olm-68-olmec-photo-lustre-lightweight-190gsm/,https://www.keplertechllc.com/wp-content/uploads/2023/06/OLM-68-Olmec-Photo-Lustre-Lightweight-190gsm.webp,150.0
OLM 59,OLM 59 Olmec Photo Lustre Heavyweight 260gsm,OLM-59,Olmec,photo,Lustre,260,roll,,,"aqueous_pigment, aqueous_dye",,https://www.keplertechllc.com/product/olm-59-olmec-photo-lustre-heavyweight-260gsm/,https://www.keplertechllc.com/wp-content/uploads/2023/06/OLM-59-Olmec-Photo-Lustre-Heavyweight-260gsm.webp,150.0
OLM59R24,"OLM 59 Olmec Photo Lustre Heavyweight 260gsm - 24""X30 M",OLM-59,Olmec,photo,Lustre,260,roll,"24""×30m",24.0,"aqueous_pigment, aqueous_dye","epson-sc-p7500, epson-sc-p7500-spectro, epson-sc-p6500e, epson-sc-p6500d, epson-sc-t3100, epson-sc-t3700e, epson-sc-t3700d, epson-sc-t5100, epson-sc-t5405, epson-sc-t5700d, epson-sc-t5100m, epson-sc-t5700dm, epson-sc-p9500, epson-sc-p9500-spectro, epson-sc-p8500d, epson-sc-p8500dm, epson-sc-t7700d, epson-sc-t7700dl, epson-sc-t7700dm, epson-sc-p20500",https://www.keplertechllc.com/product/olm-59-olmec-photo-lustre-heavyweight-260gsm/,https://www.keplertechllc.com/wp-content/uploads/2023/06/OLM-59-Olmec-Photo-Lustre-Heavyweight-260gsm.webp,150.0
OLM59R44,"OLM 59 Olmec Photo Lustre Heavyweight 260gsm - 44""X30 M",OLM-59,Olmec,photo,Lustre,260,roll,"44""×30m",44.0,"aqueous_pigment, aqueous_dye","epson-sc-p9500, epson-sc-p9500-spectro, epson-sc-p8500d, epson-sc-p8500dm, epson-sc-t7700d, epson-sc-t7700dl, epson-sc-t7700dm, epson-sc-p20500",https://www.keplertechllc.com/product/olm-59-olmec-photo-lustre-heavyweight-260gsm/,https://www.keplertechllc.com/wp-content/uploads/2023/06/OLM-59-Olmec-Photo-Lustre-Heavyweight-260gsm.webp,150.0
OLM 60,OLM 60 Olmec Photo Gloss Heavyweight 260gsm,OLM-60,Olmec,photo,Glossy,260,roll,60″ Roll,60.0,"aqueous_pigment, aqueous_dye",epson-sc-p20500,https://www.keplertechllc.com/product/olm-60-olmec-photo-gloss-heavyweight-260gsm/,https://www.keplertechllc.com/wp-content/uploads/2023/06/OLM-60-Olmec-Photo-Gloss-Heavyweight-260gsm.webp,150.0
OLM60R24,"OLM 60 Olmec Photo Gloss Heavyweight 260gsm - 24""X30 M",OLM-60,Olmec,photo,Glossy,260,roll,"24""×30m",24.0,"aqueous_pigment, aqueous_dye","epson-sc-p7500, epson-sc-p7500-spectro, epson-sc-p6500e, epson-sc-p6500d, epson-sc-t3100, epson-sc-t3700e, epson-sc-t3700d, epson-sc-t5100, epson-sc-t5405, epson-sc-t5700d, epson-sc-t5100m, epson-sc-t5700dm, epson-sc-p9500, epson-sc-p9500-spectro, epson-sc-p8500d, epson-sc-p8500dm, epson-sc-t7700d, epson-sc-t7700dl, epson-sc-t7700dm, epson-sc-p20500",https://www.keplertechllc.com/product/olm-60-olmec-photo-gloss-heavyweight-260gsm/,https://www.keplertechllc.com/wp-content/uploads/2023/06/OLM-60-Olmec-Photo-Gloss-Heavyweight-260gsm.webp,150.0
OLM60R44,"OLM 60 Olmec Photo Gloss Heavyweight 260gsm - 44""X30 M",OLM-60,Olmec,photo,Glossy,260,roll,"44""×30m",44.0,"aqueous_pigment, aqueous_dye","epson-sc-p9500, epson-sc-p9500-spectro, epson-sc-p8500d, epson-sc-p8500dm, epson-sc-t7700d, epson-sc-t7700dl, epson-sc-t7700dm, epson-sc-p20500",https://www.keplertechllc.com/product/olm-60-olmec-photo-gloss-heavyweight-260gsm/,https://www.keplertechllc.com/wp-content/uploads/2023/06/OLM-60-Olmec-Photo-Gloss-Heavyweight-260gsm.webp,150.0
OLM 61,OLM 61 Olmec Photo Satin Heavyweight 260gsm,OLM-61,Olmec,photo,Satin,260,roll,,,"aqueous_pigment, aqueous_dye",,https://www.keplertechllc.com/product/olm-61-olmec-photo-satin-heavyweight-260gsm/,https://www.keplertechllc.com/wp-content/uploads/2023/06/OLM-61-Olmec-Photo-Satin-Heavyweight-260gsm.webp,150.0
OLM61R24,"OLM 61 Olmec Photo Satin Heavyweight 260gsm - 24""X30 M",OLM-61,Olmec,photo,Satin,260,roll,"24""×30m",24.0,"aqueous_pigment, aqueous_dye","epson-sc-p7500, epson-sc-p7500-spectro, epson-sc-p6500e, epson-sc-p6500d, epson-sc-t3100, epson-sc-t3700e, epson-sc-t3700d, epson-sc-t5100, epson-sc-t5405, epson-sc-t5700d, epson-sc-t5100m, epson-sc-t5700dm, epson-sc-p9500, epson-sc-p9500-spectro, epson-sc-p8500d, epson-sc-p8500dm, epson-sc-t7700d, epson-sc-t7700dl, epson-sc-t7700dm, epson-sc-p20500",https://www.keplertechllc.com/product/olm-61-olmec-photo-satin-heavyweight-260gsm/,https://www.keplertechllc.com/wp-content/uploads/2023/06/OLM-61-Olmec-Photo-Satin-Heavyweight-260gsm.webp,150.0
OLM61R44,"OLM 61 Olmec Photo Satin Heavyweight 260gsm - 44""X30 M",OLM-61,Olmec,photo,Satin,260,roll,"44""×30m",44.0,"aqueous_pigment, aqueous_dye","epson-sc-p9500, epson-sc-p9500-spectro, epson-sc-p8500d, epson-sc-p8500dm, epson-sc-t7700d, epson-sc-t7700dl, epson-sc-t7700dm, epson-sc-p20500",https://www.keplertechllc.com/product/olm-61-olmec-photo-satin-heavyweight-260gsm/,https://www.keplertechllc.com/wp-content/uploads/2023/06/OLM-61-Olmec-Photo-Satin-Heavyweight-260gsm.webp,150.0
OLM 65,OLM 65 Olmec Photo Gloss Double Sided 250gsm,OLM-65,Olmec,photo,Glossy,250,roll,,,"aqueous_pigment, aqueous_dye",,https://www.keplertechllc.com/product/olm-65-olmec-photo-gloss-double-sided-250gsm/,https://www.keplertechllc.com/wp-content/uploads/2023/06/OLM-65-Olmec-Photo-Gloss-Double-Sided-250gsm.webp,150.0
OLM65A4,OLM 65 Olmec Photo Gloss Double Sided 250gsm - A4 - 50 Sheets,OLM-65,Olmec,photo,Glossy,250,sheet,A4,8.3,"aqueous_pigment, aqueous_dye","epson-sc-p700, epson-sc-p900, epson-sc-p5300",https://www.keplertechllc.com/product/olm-65-olmec-photo-gloss-double-sided-250gsm/,https://www.keplertechllc.com/wp-content/uploads/2023/06/OLM-65-Olmec-Photo-Gloss-Double-Sided-250gsm.webp,150.0
OLM65A3,OLM 65 Olmec Photo Gloss Double Sided 250gsm - A3 - 50 Sheets,OLM-65,Olmec,photo,Glossy,250,sheet,A3,11.7,"aqueous_pigment, aqueous_dye","epson-sc-p700, epson-sc-p900, epson-sc-p5300",https://www.keplertechllc.com/product/olm-65-olmec-photo-gloss-double-sided-250gsm/,https://www.keplertechllc.com/wp-content/uploads/2023/06/OLM-65-Olmec-Photo-Gloss-Double-Sided-250gsm.webp,150.0
OLM 67,OLM 67 Olmec Photo Matte Archival 230gsm,OLM-67,Olmec,photo,Matte,230,roll,,,"aqueous_pigment, aqueous_dye",,https://www.keplertechllc.com/product/olm-67-olmec-photo-matte-archival-230gsm/,https://www.keplertechllc.com/wp-content/uploads/2023/06/OLM-67-Olmec-Photo-Matte-Archival-230gsm.webp,150.0
OLM67R24,"OLM 67 Olmec Photo Matte Archival 230gsm - 24""X30 M",OLM-67,Olmec,photo,Matte,230,roll,"24""×30m",24.0,"aqueous_pigment, aqueous_dye","epson-sc-p7500, epson-sc-p7500-spectro, epson-sc-p6500e, epson-sc-p6500d, epson-sc-t3100, epson-sc-t3700e, epson-sc-t3700d, epson-sc-t5100, epson-sc-t5405, epson-sc-t5700d, epson-sc-t5100m, epson-sc-t5700dm, epson-sc-p9500, epson-sc-p9500-spectro, epson-sc-p8500d, epson-sc-p8500dm, epson-sc-t7700d, epson-sc-t7700dl, epson-sc-t7700dm, epson-sc-p20500",https://www.keplertechllc.com/product/olm-67-olmec-photo-matte-archival-230gsm/,https://www.keplertechllc.com/wp-content/uploads/2023/06/OLM-67-Olmec-Photo-Matte-Archival-230gsm.webp,150.0
OLM67R44,"OLM 67 Olmec Photo Matte Archival 230gsm - 44""X30 M",OLM-67,Olmec,photo,Matte,230,roll,"44""×30m",44.0,"aqueous_pigment, aqueous_dye","epson-sc-p9500, epson-sc-p9500-spectro, epson-sc-p8500d, epson-sc-p8500dm, epson-sc-t7700d, epson-sc-t7700dl, epson-sc-t7700dm, epson-sc-p20500",https://www.keplertechllc.com/product/olm-67-olmec-photo-matte-archival-230gsm/,https://www.keplertechllc.com/wp-content/uploads/2023/06/OLM-67-Olmec-Photo-Matte-Archival-230gsm.webp,150.0
OLM 70,OLM 70 Olmec Photo Pearl Premium 310gsm,OLM-70,Olmec,photo,Pearl,310,roll,,,"aqueous_pigment, aqueous_dye",,https://www.keplertechllc.com/product/olm-70-olmec-photo-pearl-premium-310gsm/,https://www.keplertechllc.com/wp-content/uploads/2023/06/OLM-70-Olmec-Photo-Pearl-Premium-310gsm.webp,150.0
OLM70R24,OLM 70 Olmec Photo Pearl Premium 310gsm - 24''X25 M,OLM-70,Olmec,photo,Pearl,310,roll,"24""×25m",24.0,"aqueous_pigment, aqueous_dye","epson-sc-p7500, epson-sc-p7500-spectro, epson-sc-p6500e, epson-sc-p6500d, epson-sc-t3100, epson-sc-t3700e, epson-sc-t3700d, epson-sc-t5100, epson-sc-t5405, epson-sc-t5700d, epson-sc-t5100m, epson-sc-t5700dm, epson-sc-p9500, epson-sc-p9500-spectro, epson-sc-p8500d, epson-sc-p8500dm, epson-sc-t7700d, epson-sc-t7700dl, epson-sc-t7700dm, epson-sc-p20500",https://www.keplertechllc.com/product/olm-70-olmec-photo-pearl-premium-310gsm/,https://www.keplertechllc.com/wp-content/uploads/2023/06/OLM-70-Olmec-Photo-Pearl-Premium-310gsm.webp,150.0
OLM70R44,OLM 70 Olmec Photo Pearl Premium 310gsm - 44''X25 M,OLM-70,Olmec,photo,Pearl,310,roll,"44""×25m",44.0,"aqueous_pigment, aqueous_dye","epson-sc-p9500, epson-sc-p9500-spectro, epson-sc-p8500d, epson-sc-p8500dm, epson-sc-t7700d, epson-sc-t7700dl, epson-sc-t7700dm, epson-sc-p20500",https://www.keplertechllc.com/product/olm-70-olmec-photo-pearl-premium-310gsm/,https://www.keplertechllc.com/wp-content/uploads/2023/06/OLM-70-Olmec-Photo-Pearl-Premium-310gsm.webp,150.0
OLM 71,OLM 71 Olmec Photo Metallic Gloss 260gsm,OLM-71,Olmec,photo,Metallic Gloss,260,roll,,,"aqueous_pigment, aqueous_dye",,https://www.keplertechllc.com/product/olm-71-olmec-photo-metallic-gloss-260gsm/,https://www.keplertechllc.com/wp-content/uploads/2023/06/OLM-71-Olmec-Photo-Metallic-Gloss-260gsm.webp,150.0
OLM71R24,"OLM 71 Olmec Photo Metallic Gloss 260gsm - 24""X15 M",OLM-71,Olmec,photo,Metallic Gloss,260,roll,"24""×15m",24.0,"aqueous_pigment, aqueous_dye","epson-sc-p7500, epson-sc-p7500-spectro, epson-sc-p6500e, epson-sc-p6500d, epson-sc-t3100, epson-sc-t3700e, epson-sc-t3700d, epson-sc-t5100, epson-sc-t5405, epson-sc-t5700d, epson-sc-t5100m, epson-sc-t5700dm, epson-sc-p9500, epson-sc-p9500-spectro, epson-sc-p8500d, epson-sc-p8500dm, epson-sc-t7700d, epson-sc-t7700dl, epson-sc-t7700dm, epson-sc-p20500",https://www.keplertechllc.com/product/olm-71-olmec-photo-metallic-gloss-260gsm/,https://www.keplertechllc.com/wp-content/uploads/2023/06/OLM-71-Olmec-Photo-Metallic-Gloss-260gsm.webp,150.0
OLM71R44,"OLM 71 Olmec Photo Metallic Gloss 260gsm - 44""X15 M",OLM-71,Olmec,photo,Metallic Gloss,260,roll,"44""×15m",44.0,"aqueous_pigment, aqueous_dye","epson-sc-p9500, epson-sc-p9500-spectro, epson-sc-p8500d, epson-sc-p8500dm, epson-sc-t7700d, epson-sc-t7700dl, epson-sc-t7700dm, epson-sc-p20500",https://www.keplertechllc.com/product/olm-71-olmec-photo-metallic-gloss-260gsm/,https://www.keplertechllc.com/wp-content/uploads/2023/06/OLM-71-Olmec-Photo-Metallic-Gloss-260gsm.webp,150.0
OLM 72,OLM 72 Olmec Photo Metallic Luster 260gsm,OLM-72,Olmec,photo,Lustre,260,roll,,,"aqueous_pigment, aqueous_dye",,https://www.keplertechllc.com/product/olm-72-olmec-photo-metallic-lustre-260gsm/,https://www.keplertechllc.com/wp-content/uploads/2023/06/OLM-72-Olmec-Photo-Metallic-Lustre-260gsm.webp,150.0
OLM72R24,"OLM 72 Olmec Photo Metallic Luster 260gsm - 24""X30 M",OLM-72,Olmec,photo,Lustre,260,roll,"24""×30m",24.0,"aqueous_pigment, aqueous_dye","epson-sc-p7500, epson-sc-p7500-spectro, epson-sc-p6500e, epson-sc-p6500d, epson-sc-t3100, epson-sc-t3700e, epson-sc-t3700d, epson-sc-t5100, epson-sc-t5405, epson-sc-t5700d, epson-sc-t5100m, epson-sc-t5700dm, epson-sc-p9500, epson-sc-p9500-spectro, epson-sc-p8500d, epson-sc-p8500dm, epson-sc-t7700d, epson-sc-t7700dl, epson-sc-t7700dm, epson-sc-p20500",https://www.keplertechllc.com/product/olm-72-olmec-photo-metallic-lustre-260gsm/,https://www.keplertechllc.com/wp-content/uploads/2023/06/OLM-72-Olmec-Photo-Metallic-Lustre-260gsm.webp,150.0
OLM72R44,"OLM 72 Olmec Photo Metallic Luster 260gsm - 44""X30 M",OLM-72,Olmec,photo,Lustre,260,roll,"44""×30m",44.0,"aqueous_pigment, aqueous_dye","epson-sc-p9500, epson-sc-p9500-spectro, epson-sc-p8500d, epson-sc-p8500dm, epson-sc-t7700d, epson-sc-t7700dl, epson-sc-t7700dm, epson-sc-p20500",https://www.keplertechllc.com/product/olm-72-olmec-photo-metallic-lustre-260gsm/,https://www.keplertechllc.com/wp-content/uploads/2023/06/OLM-72-Olmec-Photo-Metallic-Lustre-260gsm.webp,150.0
OLM 15,OLM 15 Olmec Fine Art Soft White Cotton 275gsm,OLM-15,Olmec,fine_art,Matte,275,roll,,,"aqueous_pigment, aqueous_dye",,https://www.keplertechllc.com/product/olm-15-olmec-fine-art-soft-white-cotton-275gsm/,https://www.keplertechllc.com/wp-content/uploads/2023/06/OLM-15-Olmec-Fine-Art-Soft-White-Cotton-275gsm.webp,320.0
OLM15R24,"OLM 15 Olmec Fine Art Soft White Cotton 275gsm - 24""X15 M",OLM-15,Olmec,fine_art,Matte,275,roll,"24""×15m",24.0,"aqueous_pigment, aqueous_dye","epson-sc-p7500, epson-sc-p7500-spectro, epson-sc-p6500e, epson-sc-p6500d, epson-sc-t3100, epson-sc-t3700e, epson-sc-t3700d, epson-sc-t5100, epson-sc-t5405, epson-sc-t5700d, epson-sc-t5100m, epson-sc-t5700dm, epson-sc-p9500, epson-sc-p9500-spectro, epson-sc-p8500d, epson-sc-p8500dm, epson-sc-t7700d, epson-sc-t7700dl, epson-sc-t7700dm, epson-sc-p20500",https://www.keplertechllc.com/product/olm-15-olmec-fine-art-soft-white-cotton-275gsm/,https://www.keplertechllc.com/wp-content/uploads/2023/06/OLM-15-Olmec-Fine-Art-Soft-White-Cotton-275gsm.webp,320.0
OLM15R44,"OLM 15 Olmec Fine Art Soft White Cotton 275gsm - 44""X15 M",OLM-15,Olmec,fine_art,Matte,275,roll,"44""×15m",44.0,"aqueous_pigment, aqueous_dye","epson-sc-p9500, epson-sc-p9500-spectro, epson-sc-p8500d, epson-sc-p8500dm, epson-sc-t7700d, epson-sc-t7700dl, epson-sc-t7700dm, epson-sc-p20500",https://www.keplertechllc.com/product/olm-15-olmec-fine-art-soft-white-cotton-275gsm/,https://www.keplertechllc.com/wp-content/uploads/2023/06/OLM-15-Olmec-Fine-Art-Soft-White-Cotton-275gsm.webp,320.0
KJ-P260PL,Korejet Premium Luster Photo Paper 260GSM,KJ-P260PL,Korejet,photo,Lustre,260,roll,,,"aqueous_pigment, aqueous_dye",,https://www.keplertechllc.com/product/korejet-premium-luster-photo-paper-260gsm/,https://www.keplertechllc.com/wp-content/uploads/2023/10/Korejet-Papers.webp,320.0
KJP260PL17,"Korejet Premium Luster Photo Paper 260GSM - 17""X30 M",KJ-P260PL,Korejet,photo,Lustre,260,roll,"17""×30m",17.0,"aqueous_pigment, aqueous_dye","epson-sc-p900, epson-sc-p900-roll, epson-sc-p5300, epson-sc-p7500, epson-sc-p7500-spectro, epson-sc-p6500e, epson-sc-p6500d, epson-sc-t3100, epson-sc-t3700e, epson-sc-t3700d, epson-sc-t5100, epson-sc-t5405, epson-sc-t5700d, epson-sc-t5100m, epson-sc-t5700dm, epson-sc-p9500, epson-sc-p9500-spectro, epson-sc-p8500d, epson-sc-p8500dm, epson-sc-t7700d, epson-sc-t7700dl, epson-sc-t7700dm, epson-sc-p20500",https://www.keplertechllc.com/product/korejet-premium-luster-photo-paper-260gsm/,https://www.keplertechllc.com/wp-content/uploads/2023/10/Korejet-Papers.webp,320.0
KJP260PL24,"Korejet Premium Luster Photo Paper 260GSM - 24""X30 M",KJ-P260PL,Korejet,photo,Lustre,260,roll,"24""×30m",24.0,"aqueous_pigment, aqueous_dye","epson-sc-p7500, epson-sc-p7500-spectro, epson-sc-p6500e, epson-sc-p6500d, epson-sc-t3100, epson-sc-t3700e, epson-sc-t3700d, epson-sc-t5100, epson-sc-t5405, epson-sc-t5700d, epson-sc-t5100m, epson-sc-t5700dm, epson-sc-p9500, epson-sc-p9500-spectro, epson-sc-p8500d, epson-sc-p8500dm, epson-sc-t7700d, epson-sc-t7700dl, epson-sc-t7700dm, epson-sc-p20500",https://www.keplertechllc.com/product/korejet-premium-luster-photo-paper-260gsm/,https://www.keplertechllc.com/wp-content/uploads/2023/10/Korejet-Papers.webp,320.0
KJP260PL36,"Korejet Premium Luster Photo Paper 260GSM - 36""X30 M",KJ-P260PL,Korejet,photo,Lustre,260,roll,"36""×30m",36.0,"aqueous_pigment, aqueous_dye","epson-sc-t5100, epson-sc-t5405, epson-sc-t5700d, epson-sc-t5100m, epson-sc-t5700dm, epson-sc-p9500, epson-sc-p9500-spectro, epson-sc-p8500d, epson-sc-p8500dm, epson-sc-t7700d, epson-sc-t7700dl, epson-sc-t7700dm, epson-sc-p20500",https://www.keplertechllc.com/product/korejet-premium-luster-photo-paper-260gsm/,https://www.keplertechllc.com/wp-content/uploads/2023/10/Korejet-Papers.webp,320.0
KJP260PL44,"Korejet Premium Luster Photo Paper 260GSM - 44""X30 M",KJ-P260PL,Korejet,photo,Lustre,260,roll,"44""×30m",44.0,"aqueous_pigment, aqueous_dye","epson-sc-p9500, epson-sc-p9500-spectro, epson-sc-p8500d, epson-sc-p8500dm, epson-sc-t7700d, epson-sc-t7700dl, epson-sc-t7700dm, epson-sc-p20500",https://www.keplertechllc.com/product/korejet-premium-luster-photo-paper-260gsm/,https://www.keplertechllc.com/wp-content/uploads/2023/10/Korejet-Papers.webp,320.0
KJP260PL60,"Korejet Premium Luster Photo Paper 260GSM - 60""X30 M",KJ-P260PL,Korejet,photo,Lustre,260,roll,"60""×30m",60.0,"aqueous_pigment, aqueous_dye",epson-sc-p20500,https://www.keplertechllc.com/product/korejet-premium-luster-photo-paper-260gsm/,https://www.keplertechllc.com/wp-content/uploads/2023/10/Korejet-Papers.webp,320.0
KJ-P260PG,Korejet Premium Glossy Photo Paper 260 gsm,KJ-P260PG,Korejet,photo,Glossy,260,roll,,,"aqueous_pigment, aqueous_dye",,https://www.keplertechllc.com/product/korejet-premium-glossy-photo-paper-260-gsm/,https://www.keplertechllc.com/wp-content/uploads/2023/10/Korejet-Papers.webp,320.0
KJ-P260PG17,"Korejet Premium Glossy Photo Paper 260 gsm - 17""X30 M",KJ-P260PG,Korejet,photo,Glossy,260,roll,"17""×30m",17.0,"aqueous_pigment, aqueous_dye","epson-sc-p900, epson-sc-p900-roll, epson-sc-p5300, epson-sc-p7500, epson-sc-p7500-spectro, epson-sc-p6500e, epson-sc-p6500d, epson-sc-t3100, epson-sc-t3700e, epson-sc-t3700d, epson-sc-t5100, epson-sc-t5405, epson-sc-t5700d, epson-sc-t5100m, epson-sc-t5700dm, epson-sc-p9500, epson-sc-p9500-spectro, epson-sc-p8500d, epson-sc-p8500dm, epson-sc-t7700d, epson-sc-t7700dl, epson-sc-t7700dm, epson-sc-p20500",https://www.keplertechllc.com/product/korejet-premium-glossy-photo-paper-260-gsm/,https://www.keplertechllc.com/wp-content/uploads/2023/10/Korejet-Papers.webp,320.0
KJ-P260PG24,Korejet Premium Glossy Photo Paper 260 gsm - 24''X50M,KJ-P260PG,Korejet,photo,Glossy,260,roll,"24""×50m",24.0,"aqueous_pigment, aqueous_dye","epson-sc-p7500, epson-sc-p7500-spectro, epson-sc-p6500e, epson-sc-p6500d, epson-sc-t3100, epson-sc-t3700e, epson-sc-t3700d, epson-sc-t5100, epson-sc-t5405, epson-sc-t5700d, epson-sc-t5100m, epson-sc-t5700dm, epson-sc-p9500, epson-sc-p9500-spectro, epson-sc-p8500d, epson-sc-p8500dm, epson-sc-t7700d, epson-sc-t7700dl, epson-sc-t7700dm, epson-sc-p20500",https://www.keplertechllc.com/product/korejet-premium-glossy-photo-paper-260-gsm/,https://www.keplertechllc.com/wp-content/uploads/2023/10/Korejet-Papers.webp,320.0
KJ-P260PG36,"Korejet Premium Glossy Photo Paper 260 gsm - 36""X30 M",KJ-P260PG,Korejet,photo,Glossy,260,roll,"36""×30m",36.0,"aqueous_pigment, aqueous_dye","epson-sc-t5100, epson-sc-t5405, epson-sc-t5700d, epson-sc-t5100m, epson-sc-t5700dm, epson-sc-p9500, epson-sc-p9500-spectro, epson-sc-p8500d, epson-sc-p8500dm, epson-sc-t7700d, epson-sc-t7700dl, epson-sc-t7700dm, epson-sc-p20500",https://www.keplertechllc.com/product/korejet-premium-glossy-photo-paper-260-gsm/,https://www.keplertechllc.com/wp-content/uploads/2023/10/Korejet-Papers.webp,320.0
KJ-P260PG44,"Korejet Premium Glossy Photo Paper 260 gsm - 44""X30 M",KJ-P260PG,Korejet,photo,Glossy,260,roll,"44""×30m",44.0,"aqueous_pigment, aqueous_dye","epson-sc-p9500, epson-sc-p9500-spectro, epson-sc-p8500d, epson-sc-p8500dm, epson-sc-t7700d, epson-sc-t7700dl, epson-sc-t7700dm, epson-sc-p20500",https://www.keplertechllc.com/product/korejet-premium-glossy-photo-paper-260-gsm/,https://www.keplertechllc.com/wp-content/uploads/2023/10/Korejet-Papers.webp,320.0
KJ-P260PG60,"Korejet Premium Glossy Photo Paper 260 gsm - 60""X30 M",KJ-P260PG,Korejet,photo,Glossy,260,roll,"60""×30m",60.0,"aqueous_pigment, aqueous_dye",epson-sc-p20500,https://www.keplertechllc.com/product/korejet-premium-glossy-photo-paper-260-gsm/,https://www.keplertechllc.com/wp-content/uploads/2023/10/Korejet-Papers.webp,320.0
KJP250PLXDL,Korejet Pro Luster Dry Lab Photo Paper 250 gsm,KJP250PLXDL,Korejet,photo,Lustre,250,roll,,,"aqueous_pigment, aqueous_dye",,https://www.keplertechllc.com/product/korejet-pro-luster-large-format-photo-paper-250-gsm/,https://www.keplertechllc.com/wp-content/uploads/2023/10/Korejet-Papers.webp,320.0
KJP250PL12DL,"Korejet Pro Luster Dry Lab Photo Paper 250 gsm - 12""X65 M",KJP250PLXDL,Korejet,photo,Lustre,250,roll,"12""×65m",12.0,"aqueous_pigment, aqueous_dye","epson-sc-p700, epson-sc-p900, epson-sc-p900-roll, epson-sc-p5300, epson-sc-p7500, epson-sc-p7500-spectro, epson-sc-p6500e, epson-sc-p6500d, epson-sc-t3100, epson-sc-t3700e, epson-sc-t3700d, epson-sc-t5100, epson-sc-t5405, epson-sc-t5700d, epson-sc-t5100m, epson-sc-t5700dm, epson-sc-p9500, epson-sc-p9500-spectro, epson-sc-p8500d, epson-sc-p8500dm, epson-sc-t7700d, epson-sc-t7700dl, epson-sc-t7700dm, epson-sc-p20500",https://www.keplertechllc.com/product/korejet-pro-luster-large-format-photo-paper-250-gsm/,https://www.keplertechllc.com/wp-content/uploads/2023/10/Korejet-Papers.webp,320.0
KJP250PL5DL,"Korejet Pro Luster Dry Lab Photo Paper 250 gsm - 5""X65 M",KJP250PLXDL,Korejet,photo,Lustre,250,roll,"5""×65m",5.0,"aqueous_pigment, aqueous_dye","epson-sc-p700, epson-sc-p900, epson-sc-p900-roll, epson-sc-p5300, epson-sc-p7500, epson-sc-p7500-spectro, epson-sc-p6500e, epson-sc-p6500d, epson-sc-t3100, epson-sc-t3700e, epson-sc-t3700d, epson-sc-t5100, epson-sc-t5405, epson-sc-t5700d, epson-sc-t5100m, epson-sc-t5700dm, epson-sc-p9500, epson-sc-p9500-spectro, epson-sc-p8500d, epson-sc-p8500dm, epson-sc-t7700d, epson-sc-t7700dl, epson-sc-t7700dm, epson-sc-p20500",https://www.keplertechllc.com/product/korejet-pro-luster-large-format-photo-paper-250-gsm/,https://www.keplertechllc.com/wp-content/uploads/2023/10/Korejet-Papers.webp,320.0
KJP250PL6DL,"Korejet Pro Luster Dry Lab Photo Paper 250 gsm - 6""X65 M",KJP250PLXDL,Korejet,photo,Lustre,250,roll,"6""×65m",6.0,"aqueous_pigment, aqueous_dye","epson-sc-p700, epson-sc-p900, epson-sc-p900-roll, epson-sc-p5300, epson-sc-p7500, epson-sc-p7500-spectro, epson-sc-p6500e, epson-sc-p6500d, epson-sc-t3100, epson-sc-t3700e, epson-sc-t3700d, epson-sc-t5100, epson-sc-t5405, epson-sc-t5700d, epson-sc-t5100m, epson-sc-t5700dm, epson-sc-p9500, epson-sc-p9500-spectro, epson-sc-p8500d, epson-sc-p8500dm, epson-sc-t7700d, epson-sc-t7700dl, epson-sc-t7700dm, epson-sc-p20500",https://www.keplertechllc.com/product/korejet-pro-luster-large-format-photo-paper-250-gsm/,https://www.keplertechllc.com/wp-content/uploads/2023/10/Korejet-Papers.webp,320.0
KJP250PL8DL,"Korejet Pro Luster Dry Lab Photo Paper 250 gsm - 8""X65 M",KJP250PLXDL,Korejet,photo,Lustre,250,roll,"8""×65m",8.0,"aqueous_pigment, aqueous_dye","epson-sc-p700, epson-sc-p900, epson-sc-p900-roll, epson-sc-p5300, epson-sc-p7500, epson-sc-p7500-spectro, epson-sc-p6500e, epson-sc-p6500d, epson-sc-t3100, epson-sc-t3700e, epson-sc-t3700d, epson-sc-t5100, epson-sc-t5405, epson-sc-t5700d, epson-sc-t5100m, epson-sc-t5700dm, epson-sc-p9500, epson-sc-p9500-spectro, epson-sc-p8500d, epson-sc-p8500dm, epson-sc-t7700d, epson-sc-t7700dl, epson-sc-t7700dm, epson-sc-p20500",https://www.keplertechllc.com/product/korejet-pro-luster-large-format-photo-paper-250-gsm/,https://www.keplertechllc.com/wp-content/uploads/2023/10/Korejet-Papers.webp,320.0
KJP260MG,Korejet Metallic Gloss Photo Paper 260 GSM,KJP260MG,Korejet,photo,Metallic Gloss,260,roll,,,"aqueous_pigment, aqueous_dye",,https://www.keplertechllc.com/product/korejet-metallic-gloss-photo-paper-260-gsm/,https://www.keplertechllc.com/wp-content/uploads/2023/10/Korejet-Papers.webp,320.0
KJP260MG24,"Korejet Metallic Gloss Photo Paper 260 GSM - 24""X30 M",KJP260MG,Korejet,photo,Metallic Gloss,260,roll,"24""×30m",24.0,"aqueous_pigment, aqueous_dye","epson-sc-p7500, epson-sc-p7500-spectro, epson-sc-p6500e, epson-sc-p6500d, epson-sc-t3100, epson-sc-t3700e, epson-sc-t3700d, epson-sc-t5100, epson-sc-t5405, epson-sc-t5700d, epson-sc-t5100m, epson-sc-t5700dm, epson-sc-p9500, epson-sc-p9500-spectro, epson-sc-p8500d, epson-sc-p8500dm, epson-sc-t7700d, epson-sc-t7700dl, epson-sc-t7700dm, epson-sc-p20500",https://www.keplertechllc.com/product/korejet-metallic-gloss-photo-paper-260-gsm/,https://www.keplertechllc.com/wp-content/uploads/2023/10/Korejet-Papers.webp,320.0
KJP260MG44,"Korejet Metallic Gloss Photo Paper 260 GSM - 44""X30 M",KJP260MG,Korejet,photo,Metallic Gloss,260,roll,"44""×30m",44.0,"aqueous_pigment, aqueous_dye","epson-sc-p9500, epson-sc-p9500-spectro, epson-sc-p8500d, epson-sc-p8500dm, epson-sc-t7700d, epson-sc-t7700dl, epson-sc-t7700dm, epson-sc-p20500",https://www.keplertechllc.com/product/korejet-metallic-gloss-photo-paper-260-gsm/,https://www.keplertechllc.com/wp-content/uploads/2023/10/Korejet-Papers.webp,320.0
KJC210AM,Korejet Archival Matte Fine Art Paper 210 GSM,KJC210AM,Korejet,fine_art,Matte,210,roll,,,"aqueous_pigment, aqueous_dye",,https://www.keplertechllc.com/product/korejet-archival-matte-fine-art-paper-210-gsm/,https://www.keplertechllc.com/wp-content/uploads/2023/10/Korejet-Papers.webp,320.0
KJC-210AM24,"Korejet Archival Matte Fine Art Paper 210 GSM - 24""X30 M",KJC210AM,Korejet,fine_art,Matte,210,roll,"24""×30m",24.0,"aqueous_pigment, aqueous_dye","epson-sc-p7500, epson-sc-p7500-spectro, epson-sc-p6500e, epson-sc-p6500d, epson-sc-t3100, epson-sc-t3700e, epson-sc-t3700d, epson-sc-t5100, epson-sc-t5405, epson-sc-t5700d, epson-sc-t5100m, epson-sc-t5700dm, epson-sc-p9500, epson-sc-p9500-spectro, epson-sc-p8500d, epson-sc-p8500dm, epson-sc-t7700d, epson-sc-t7700dl, epson-sc-t7700dm, epson-sc-p20500",https://www.keplertechllc.com/product/korejet-archival-matte-fine-art-paper-210-gsm/,https://www.keplertechllc.com/wp-content/uploads/2023/10/Korejet-Papers.webp,320.0
KJC-210AM44,"Korejet Archival Matte Fine Art Paper 210 GSM - 44""X30 M",KJC210AM,Korejet,fine_art,Matte,210,roll,"44""×30m",44.0,"aqueous_pigment, aqueous_dye","epson-sc-p9500, epson-sc-p9500-spectro, epson-sc-p8500d, epson-sc-p8500dm, epson-sc-t7700d, epson-sc-t7700dl, epson-sc-t7700dm, epson-sc-p20500",https://www.keplertechllc.com/product/korejet-archival-matte-fine-art-paper-210-gsm/,https://www.keplertechllc.com/wp-content/uploads/2023/10/Korejet-Papers.webp,320.0
KJC390ES,Korejet Eco-Solvent Polycotton Inkjet Matte Canvas 390 GSM,KJC390ES,Korejet,signage,Matte Canvas,390,roll,,,"eco_solvent, latex, uv",,https://www.keplertechllc.com/product/korejet-polycotton-inkjet-matte-canvas-390-gsm/,https://www.keplertechllc.com/wp-content/uploads/2023/10/Korejet-Papers.webp,220.0
KJC390ES60,"Korejet Eco-Solvent Polycotton Inkjet Matte Canvas 390 GSM - 60""X25 M",KJC390ES,Korejet,signage,Matte Canvas,390,roll,"60""×25m",60.0,"eco_solvent, latex, uv",,https://www.keplertechllc.com/product/korejet-polycotton-inkjet-matte-canvas-390-gsm/,https://www.keplertechllc.com/wp-content/uploads/2023/10/Korejet-Papers.webp,220.0
KJC390AXXS,Korejet Artistic Polycotton Canvas Satin 390 GSM,KJC390AXXS,Korejet,canvas,Satin,390,roll,,,"aqueous_pigment, aqueous_dye",,https://www.keplertechllc.com/product/korejet-artistic-polycotton-canvas-matte-390-gsm/,https://www.keplertechllc.com/wp-content/uploads/2023/10/Korejet-Papers.webp,320.0
KJ-C370CXXM,Korejet Classic Pure Cotton Canvas Matte 370 GSM,KJ-C370CXXM,Korejet,canvas,Matte Canvas,370,roll,,,"aqueous_pigment, aqueous_dye",,https://www.keplertechllc.com/product/korejet-classic-pure-cotton-canvas-matte-370-gsm/,https://www.keplertechllc.com/wp-content/uploads/2023/10/Korejet-Papers.webp,320.0
KJ-C390AXXM,Korejet Artistic Polycotton Canvas Matte 390 GSM,KJ-C390AXXM,Korejet,canvas,Matte Canvas,390,roll,,,"aqueous_pigment, aqueous_dye",,https://www.keplertechllc.com/product/korejet-artistic-polycotton-canvas-matte-390-gsm/,https://www.keplertechllc.com/wp-content/uploads/2023/10/Korejet-Papers.webp,320.0
KJ-C390A17M,"Korejet Artistic Polycotton Canvas Matte 390 GSM - 17""X15 M",KJ-C390AXXM,Korejet,canvas,Matte Canvas,390,roll,"17""×15m",17.0,"aqueous_pigment, aqueous_dye","epson-sc-p900, epson-sc-p900-roll, epson-sc-p5300, epson-sc-p7500, epson-sc-p7500-spectro, epson-sc-p6500e, epson-sc-p6500d, epson-sc-t3100, epson-sc-t3700e, epson-sc-t3700d, epson-sc-t5100, epson-sc-t5405, epson-sc-t5700d, epson-sc-t5100m, epson-sc-t5700dm, epson-sc-p9500, epson-sc-p9500-spectro, epson-sc-p8500d, epson-sc-p8500dm, epson-sc-t7700d, epson-sc-t7700dl, epson-sc-t7700dm, epson-sc-p20500",https://www.keplertechllc.com/product/korejet-artistic-polycotton-canvas-matte-390-gsm/,https://www.keplertechllc.com/wp-content/uploads/2023/10/Korejet-Papers.webp,320.0
KJ-C390A24M,"Korejet Artistic Polycotton Canvas Matte 390 GSM - 24""X15 M",KJ-C390AXXM,Korejet,canvas,Matte Canvas,390,roll,"24""×15m",24.0,"aqueous_pigment, aqueous_dye","epson-sc-p7500, epson-sc-p7500-spectro, epson-sc-p6500e, epson-sc-p6500d, epson-sc-t3100, epson-sc-t3700e, epson-sc-t3700d, epson-sc-t5100, epson-sc-t5405, epson-sc-t5700d, epson-sc-t5100m, epson-sc-t5700dm, epson-sc-p9500, epson-sc-p9500-spectro, epson-sc-p8500d, epson-sc-p8500dm, epson-sc-t7700d, epson-sc-t7700dl, epson-sc-t7700dm, epson-sc-p20500",https://www.keplertechllc.com/product/korejet-artistic-polycotton-canvas-matte-390-gsm/,https://www.keplertechllc.com/wp-content/uploads/2023/10/Korejet-Papers.webp,320.0
KJ-C390A36M,"Korejet Artistic Polycotton Canvas Matte 390 GSM - 36""X15 M",KJ-C390AXXM,Korejet,canvas,Matte Canvas,390,roll,"36""×15m",36.0,"aqueous_pigment, aqueous_dye","epson-sc-t5100, epson-sc-t5405, epson-sc-t5700d, epson-sc-t5100m, epson-sc-t5700dm, epson-sc-p9500, epson-sc-p9500-spectro, epson-sc-p8500d, epson-sc-p8500dm, epson-sc-t7700d, epson-sc-t7700dl, epson-sc-t7700dm, epson-sc-p20500",https://www.keplertechllc.com/product/korejet-artistic-polycotton-canvas-matte-390-gsm/,https://www.keplertechllc.com/wp-content/uploads/2023/10/Korejet-Papers.webp,320.0
KJ-C390A44M,"Korejet Artistic Polycotton Canvas Matte 390 GSM - 44""X15 M",KJ-C390AXXM,Korejet,canvas,Matte Canvas,390,roll,"44""×15m",44.0,"aqueous_pigment, aqueous_dye","epson-sc-p9500, epson-sc-p9500-spectro, epson-sc-p8500d, epson-sc-p8500dm, epson-sc-t7700d, epson-sc-t7700dl, epson-sc-t7700dm, epson-sc-p20500",https://www.keplertechllc.com/product/korejet-artistic-polycotton-canvas-matte-390-gsm/,https://www.keplertechllc.com/wp-content/uploads/2023/10/Korejet-Papers.webp,320.0
KJ-C390A60M,"Korejet Artistic Polycotton Canvas Matte 390 GSM - 60""X15 M",KJ-C390AXXM,Korejet,canvas,Matte Canvas,390,roll,"60""×15m",60.0,"aqueous_pigment, aqueous_dye",epson-sc-p20500,https://www.keplertechllc.com/product/korejet-artistic-polycotton-canvas-matte-390-gsm/,https://www.keplertechllc.com/wp-content/uploads/2023/10/Korejet-Papers.webp,320.0
KJP250PLXX,Korejet Pro Luster Large Format Photo Paper 250 GSM,KJ-P260PL,Korejet,photo,Lustre,250,roll,,,"aqueous_pigment, aqueous_dye",,https://www.keplertechllc.com/product/korejet-pro-luster-large-format-photo-paper-250-gsm/,https://www.keplertechllc.com/wp-content/uploads/2023/10/Korejet-Papers.webp,320.0
KJP250PL12,"Korejet Pro Luster Large Format Photo Paper 250 GSM - 12""X30 M",KJ-P260PL,Korejet,photo,Lustre,250,roll,"12""×30m",12.0,"aqueous_pigment, aqueous_dye","epson-sc-p700, epson-sc-p900, epson-sc-p900-roll, epson-sc-p5300, epson-sc-p7500, epson-sc-p7500-spectro, epson-sc-p6500e, epson-sc-p6500d, epson-sc-t3100, epson-sc-t3700e, epson-sc-t3700d, epson-sc-t5100, epson-sc-t5405, epson-sc-t5700d, epson-sc-t5100m, epson-sc-t5700dm, epson-sc-p9500, epson-sc-p9500-spectro, epson-sc-p8500d, epson-sc-p8500dm, epson-sc-t7700d, epson-sc-t7700dl, epson-sc-t7700dm, epson-sc-p20500",https://www.keplertechllc.com/product/korejet-pro-luster-large-format-photo-paper-250-gsm/,https://www.keplertechllc.com/wp-content/uploads/2023/10/Korejet-Papers.webp,320.0
KJP250PL17,"Korejet Pro Luster Large Format Photo Paper 250 GSM - 17""X30 M",KJ-P260PL,Korejet,photo,Lustre,250,roll,"17""×30m",17.0,"aqueous_pigment, aqueous_dye","epson-sc-p900, epson-sc-p900-roll, epson-sc-p5300, epson-sc-p7500, epson-sc-p7500-spectro, epson-sc-p6500e, epson-sc-p6500d, epson-sc-t3100, epson-sc-t3700e, epson-sc-t3700d, epson-sc-t5100, epson-sc-t5405, epson-sc-t5700d, epson-sc-t5100m, epson-sc-t5700dm, epson-sc-p9500, epson-sc-p9500-spectro, epson-sc-p8500d, epson-sc-p8500dm, epson-sc-t7700d, epson-sc-t7700dl, epson-sc-t7700dm, epson-sc-p20500",https://www.keplertechllc.com/product/korejet-pro-luster-large-format-photo-paper-250-gsm/,https://www.keplertechllc.com/wp-content/uploads/2023/10/Korejet-Papers.webp,320.0
KJP250PL24,"Korejet Pro Luster Large Format Photo Paper 250 GSM - 24""X30 M",KJ-P260PL,Korejet,photo,Lustre,250,roll,"24""×30m",24.0,"aqueous_pigment, aqueous_dye","epson-sc-p7500, epson-sc-p7500-spectro, epson-sc-p6500e, epson-sc-p6500d, epson-sc-t3100, epson-sc-t3700e, epson-sc-t3700d, epson-sc-t5100, epson-sc-t5405, epson-sc-t5700d, epson-sc-t5100m, epson-sc-t5700dm, epson-sc-p9500, epson-sc-p9500-spectro, epson-sc-p8500d, epson-sc-p8500dm, epson-sc-t7700d, epson-sc-t7700dl, epson-sc-t7700dm, epson-sc-p20500",https://www.keplertechllc.com/product/korejet-pro-luster-large-format-photo-paper-250-gsm/,https://www.keplertechllc.com/wp-content/uploads/2023/10/Korejet-Papers.webp,320.0
KJP250PL36,"Korejet Pro Luster Large Format Photo Paper 250 GSM - 36""X30 M",KJ-P260PL,Korejet,photo,Lustre,250,roll,"36""×30m",36.0,"aqueous_pigment, aqueous_dye","epson-sc-t5100, epson-sc-t5405, epson-sc-t5700d, epson-sc-t5100m, epson-sc-t5700dm, epson-sc-p9500, epson-sc-p9500-spectro, epson-sc-p8500d, epson-sc-p8500dm, epson-sc-t7700d, epson-sc-t7700dl, epson-sc-t7700dm, epson-sc-p20500",https://www.keplertechllc.com/product/korejet-pro-luster-large-format-photo-paper-250-gsm/,https://www.keplertechllc.com/wp-content/uploads/2023/10/Korejet-Papers.webp,320.0
KJP250PL44,"Korejet Pro Luster Large Format Photo Paper 250 GSM - 44""X30 M",KJ-P260PL,Korejet,photo,Lustre,250,roll,"44""×30m",44.0,"aqueous_pigment, aqueous_dye","epson-sc-p9500, epson-sc-p9500-spectro, epson-sc-p8500d, epson-sc-p8500dm, epson-sc-t7700d, epson-sc-t7700dl, epson-sc-t7700dm, epson-sc-p20500",https://www.keplertechllc.com/product/korejet-pro-luster-large-format-photo-paper-250-gsm/,https://www.keplertechllc.com/wp-content/uploads/2023/10/Korejet-Papers.webp,320.0
KJP250PL60,"Korejet Pro Luster Large Format Photo Paper 250 GSM - 60""X30 M",KJ-P260PL,Korejet,photo,Lustre,250,roll,"60""×30m",60.0,"aqueous_pigment, aqueous_dye",epson-sc-p20500,https://www.keplertechllc.com/product/korejet-pro-luster-large-format-photo-paper-250-gsm/,https://www.keplertechllc.com/wp-content/uploads/2023/10/Korejet-Papers.webp,320.0
KJP260PL12,"Korejet Premium Luster Photo Paper 260GSM - 12""X30 M",KJ-P260PL,Korejet,photo,Lustre,260,roll,"12""×30m",12.0,"aqueous_pigment, aqueous_dye","epson-sc-p700, epson-sc-p900, epson-sc-p900-roll, epson-sc-p5300, epson-sc-p7500, epson-sc-p7500-spectro, epson-sc-p6500e, epson-sc-p6500d, epson-sc-t3100, epson-sc-t3700e, epson-sc-t3700d, epson-sc-t5100, epson-sc-t5405, epson-sc-t5700d, epson-sc-t5100m, epson-sc-t5700dm, epson-sc-p9500, epson-sc-p9500-spectro, epson-sc-p8500d, epson-sc-p8500dm, epson-sc-t7700d, epson-sc-t7700dl, epson-sc-t7700dm, epson-sc-p20500",https://www.keplertechllc.com/product/korejet-premium-luster-photo-paper-260gsm/,https://www.keplertechllc.com/wp-content/uploads/2023/10/Korejet-Papers.webp,320.0
KJC390A17S,"Korejet Artistic Polycotton Canvas Satin 390 GSM - 17""X15 M",KJC390AXXS,Korejet,canvas,Satin,390,roll,"17""×15m",17.0,"aqueous_pigment, aqueous_dye","epson-sc-p900, epson-sc-p900-roll, epson-sc-p5300, epson-sc-p7500, epson-sc-p7500-spectro, epson-sc-p6500e, epson-sc-p6500d, epson-sc-t3100, epson-sc-t3700e, epson-sc-t3700d, epson-sc-t5100, epson-sc-t5405, epson-sc-t5700d, epson-sc-t5100m, epson-sc-t5700dm, epson-sc-p9500, epson-sc-p9500-spectro, epson-sc-p8500d, epson-sc-p8500dm, epson-sc-t7700d, epson-sc-t7700dl, epson-sc-t7700dm, epson-sc-p20500",https://www.keplertechllc.com/product/korejet-artistic-polycotton-canvas-matte-390-gsm/,https://www.keplertechllc.com/wp-content/uploads/2023/10/Korejet-Papers.webp,320.0
KJC390A24S,"Korejet Artistic Polycotton Canvas Satin 390 GSM - 24""X15 M",KJC390AXXS,Korejet,canvas,Satin,390,roll,"24""×15m",24.0,"aqueous_pigment, aqueous_dye","epson-sc-p7500, epson-sc-p7500-spectro, epson-sc-p6500e, epson-sc-p6500d, epson-sc-t3100, epson-sc-t3700e, epson-sc-t3700d, epson-sc-t5100, epson-sc-t5405, epson-sc-t5700d, epson-sc-t5100m, epson-sc-t5700dm, epson-sc-p9500, epson-sc-p9500-spectro, epson-sc-p8500d, epson-sc-p8500dm, epson-sc-t7700d, epson-sc-t7700dl, epson-sc-t7700dm, epson-sc-p20500",https://www.keplertechllc.com/product/korejet-artistic-polycotton-canvas-matte-390-gsm/,https://www.keplertechllc.com/wp-content/uploads/2023/10/Korejet-Papers.webp,320.0
KJC390A44S,"Korejet Artistic Polycotton Canvas Satin 390 GSM - 44""X15 M",KJC390AXXS,Korejet,canvas,Satin,390,roll,"44""×15m",44.0,"aqueous_pigment, aqueous_dye","epson-sc-p9500, epson-sc-p9500-spectro, epson-sc-p8500d, epson-sc-p8500dm, epson-sc-t7700d, epson-sc-t7700dl, epson-sc-t7700dm, epson-sc-p20500",https://www.keplertechllc.com/product/korejet-artistic-polycotton-canvas-matte-390-gsm/,https://www.keplertechllc.com/wp-content/uploads/2023/10/Korejet-Papers.webp,320.0
KJ-C370C17M,"Korejet Classic Pure Cotton Canvas Matte 370 GSM - 17""X15 M",KJ-C370CXXM,Korejet,canvas,Matte Canvas,370,roll,"17""×15m",17.0,"aqueous_pigment, aqueous_dye","epson-sc-p900, epson-sc-p900-roll, epson-sc-p5300, epson-sc-p7500, epson-sc-p7500-spectro, epson-sc-p6500e, epson-sc-p6500d, epson-sc-t3100, epson-sc-t3700e, epson-sc-t3700d, epson-sc-t5100, epson-sc-t5405, epson-sc-t5700d, epson-sc-t5100m, epson-sc-t5700dm, epson-sc-p9500, epson-sc-p9500-spectro, epson-sc-p8500d, epson-sc-p8500dm, epson-sc-t7700d, epson-sc-t7700dl, epson-sc-t7700dm, epson-sc-p20500",https://www.keplertechllc.com/product/korejet-classic-pure-cotton-canvas-matte-370-gsm/,https://www.keplertechllc.com/wp-content/uploads/2023/10/Korejet-Papers.webp,320.0
KJ-C370C24M,"Korejet Classic Pure Cotton Canvas Matte 370 GSM - 24""X15 M",KJ-C370CXXM,Korejet,canvas,Matte Canvas,370,roll,"24""×15m",24.0,"aqueous_pigment, aqueous_dye","epson-sc-p7500, epson-sc-p7500-spectro, epson-sc-p6500e, epson-sc-p6500d, epson-sc-t3100, epson-sc-t3700e, epson-sc-t3700d, epson-sc-t5100, epson-sc-t5405, epson-sc-t5700d, epson-sc-t5100m, epson-sc-t5700dm, epson-sc-p9500, epson-sc-p9500-spectro, epson-sc-p8500d, epson-sc-p8500dm, epson-sc-t7700d, epson-sc-t7700dl, epson-sc-t7700dm, epson-sc-p20500",https://www.keplertechllc.com/product/korejet-classic-pure-cotton-canvas-matte-370-gsm/,https://www.keplertechllc.com/wp-content/uploads/2023/10/Korejet-Papers.webp,320.0
KJ-C370C44M,"Korejet Classic Pure Cotton Canvas Matte 370 GSM - 44""X15 M",KJ-C370CXXM,Korejet,canvas,Matte Canvas,370,roll,"44""×15m",44.0,"aqueous_pigment, aqueous_dye","epson-sc-p9500, epson-sc-p9500-spectro, epson-sc-p8500d, epson-sc-p8500dm, epson-sc-t7700d, epson-sc-t7700dl, epson-sc-t7700dm, epson-sc-p20500",https://www.keplertechllc.com/product/korejet-classic-pure-cotton-canvas-matte-370-gsm/,https://www.keplertechllc.com/wp-content/uploads/2023/10/Korejet-Papers.webp,320.0
C13T53A800,C13T53A800 Epson Ink MK 1.6L RIPS 6 Col,C13T53A800,Epson,photo,Matte,,roll,6″ Roll,6.0,"aqueous_pigment, aqueous_dye","epson-sc-p700, epson-sc-p900, epson-sc-p900-roll, epson-sc-p5300, epson-sc-p7500, epson-sc-p7500-spectro, epson-sc-p6500e, epson-sc-p6500d, epson-sc-t3100, epson-sc-t3700e, epson-sc-t3700d, epson-sc-t5100, epson-sc-t5405, epson-sc-t5700d, epson-sc-t5100m, epson-sc-t5700dm, epson-sc-p9500, epson-sc-p9500-spectro, epson-sc-p8500d, epson-sc-p8500dm, epson-sc-t7700d, epson-sc-t7700dl, epson-sc-t7700dm, epson-sc-p20500",https://www.keplertechllc.com/product/c13t53a800-epson-sc-t7700dl-matte-black-ink/,https://www.keplertechllc.com/wp-content/uploads/2024/02/C13T53A800-Epson-Ink-MK-1.6L-RIPS-6-Col.webp,220.0
S045153,S045153 Epson CrystalClear Film  Roll - 44” X 100’,S045153,Epson,technical,Matte,,roll,,,"aqueous_pigment, aqueous_dye",,https://www.keplertechllc.com/product/s045153-epson-crystal-clear-film-44-inch-roll/,https://www.keplertechllc.com/wp-content/uploads/2024/05/S045153-Epson-CrystalClear-Film-Roll-44-X-100.webp,320.0
C13T56F800,"C13T56F800 Epson P-Series 64"" Matte Black IIPS Ink 1600ml",C13T56F800,Epson,photo,Matte,,roll,,,"aqueous_pigment, aqueous_dye",,https://www.keplertechllc.com/product/c13t56f800-epson-matte-black-iips-ink/,https://www.keplertechllc.com/wp-content/uploads/2024/08/MK.jpg.jpeg,450.0
KJP230PMXX,KOREJET PREMIUM MATTE 230GSM PHOTO PAPER,KJP230PMXX,Korejet,photo,Matte,230,roll,,,"aqueous_pigment, aqueous_dye",,https://www.keplertechllc.com/product/korejet-premium-matte-230gsm-photo-paper/,https://www.keplertechllc.com/wp-content/uploads/2023/10/Korejet-Papers.webp,320.0
KJP230PM17,"KOREJET PREMIUM MATTE 230GSM PHOTO PAPER - 17""X30 M",KJP230PMXX,Korejet,photo,Matte,230,roll,"17""×30m",17.0,"aqueous_pigment, aqueous_dye","epson-sc-p900, epson-sc-p900-roll, epson-sc-p5300, epson-sc-p7500, epson-sc-p7500-spectro, epson-sc-p6500e, epson-sc-p6500d, epson-sc-t3100, epson-sc-t3700e, epson-sc-t3700d, epson-sc-t5100, epson-sc-t5405, epson-sc-t5700d, epson-sc-t5100m, epson-sc-t5700dm, epson-sc-p9500, epson-sc-p9500-spectro, epson-sc-p8500d, epson-sc-p8500dm, epson-sc-t7700d, epson-sc-t7700dl, epson-sc-t7700dm, epson-sc-p20500",https://www.keplertechllc.com/product/korejet-premium-matte-230gsm-photo-paper/,https://www.keplertechllc.com/wp-content/uploads/2023/10/Korejet-Papers.webp,320.0
KJP230PM24,"KOREJET PREMIUM MATTE 230GSM PHOTO PAPER - 24""X30 M",KJP230PMXX,Korejet,photo,Matte,230,roll,"24""×30m",24.0,"aqueous_pigment, aqueous_dye","epson-sc-p7500, epson-sc-p7500-spectro, epson-sc-p6500e, epson-sc-p6500d, epson-sc-t3100, epson-sc-t3700e, epson-sc-t3700d, epson-sc-t5100, epson-sc-t5405, epson-sc-t5700d, epson-sc-t5100m, epson-sc-t5700dm, epson-sc-p9500, epson-sc-p9500-spectro, epson-sc-p8500d, epson-sc-p8500dm, epson-sc-t7700d, epson-sc-t7700dl, epson-sc-t7700dm, epson-sc-p20500",https://www.keplertechllc.com/product/korejet-premium-matte-230gsm-photo-paper/,https://www.keplertechllc.com/wp-content/uploads/2023/10/Korejet-Papers.webp,320.0
KJP230PM36,"KOREJET PREMIUM MATTE 230GSM PHOTO PAPER - 36""X30 M",KJP230PMXX,Korejet,photo,Matte,230,roll,"36""×30m",36.0,"aqueous_pigment, aqueous_dye","epson-sc-t5100, epson-sc-t5405, epson-sc-t5700d, epson-sc-t5100m, epson-sc-t5700dm, epson-sc-p9500, epson-sc-p9500-spectro, epson-sc-p8500d, epson-sc-p8500dm, epson-sc-t7700d, epson-sc-t7700dl, epson-sc-t7700dm, epson-sc-p20500",https://www.keplertechllc.com/product/korejet-premium-matte-230gsm-photo-paper/,https://www.keplertechllc.com/wp-content/uploads/2023/10/Korejet-Papers.webp,320.0
KJP230PM44,"KOREJET PREMIUM MATTE 230GSM PHOTO PAPER - 44""X30 M",KJP230PMXX,Korejet,photo,Matte,230,roll,"44""×30m",44.0,"aqueous_pigment, aqueous_dye","epson-sc-p9500, epson-sc-p9500-spectro, epson-sc-p8500d, epson-sc-p8500dm, epson-sc-t7700d, epson-sc-t7700dl, epson-sc-t7700dm, epson-sc-p20500",https://www.keplertechllc.com/product/korejet-premium-matte-230gsm-photo-paper/,https://www.keplertechllc.com/wp-content/uploads/2023/10/Korejet-Papers.webp,320.0
KJP230PM60,"KOREJET PREMIUM MATTE 230GSM PHOTO PAPER - 60""X30 M",KJP230PMXX,Korejet,photo,Matte,230,roll,"60""×30m",60.0,"aqueous_pigment, aqueous_dye",epson-sc-p20500,https://www.keplertechllc.com/product/korejet-premium-matte-230gsm-photo-paper/,https://www.keplertechllc.com/wp-content/uploads/2023/10/Korejet-Papers.webp,320.0
